

Microchip MPLAB XC8 Assembler V3.10 build 20250813170317 
                                                                                               Tue Sep 29 22:08:56 2026

Microchip MPLAB XC8 C Compiler v3.10 (Free license) build 20250813170317 Og1 
     1                           	processor	18F46K20
     2                           	fnconf	rparam,??,?,0
     3                           	pagewidth 120
     4                           	opt	flic
     5                           	psect	idataCOMRAM,global,class=CODE,space=0,delta=1,noexec
     6                           	psect	smallconst,global,reloc=2,class=SMALLCONST,space=0,delta=1,noexec
     7                           	psect	cinit,global,reloc=2,class=CODE,space=0,delta=1
     8                           	psect	bssCOMRAM,global,class=COMRAM,space=1,delta=1,lowdata,noexec
     9                           	psect	dataCOMRAM,global,class=COMRAM,space=1,delta=1,lowdata,noexec
    10                           	psect	bssBANK0,global,class=BANK0,space=1,delta=1,lowdata,noexec
    11                           	psect	cstackCOMRAM,global,class=COMRAM,space=1,delta=1,lowdata,noexec
    12                           	psect	text0,global,reloc=2,class=CODE,space=0,delta=1
    13                           	psect	text1,global,reloc=2,class=CODE,space=0,delta=1
    14                           	psect	text2,global,reloc=2,class=CODE,space=0,delta=1
    15                           	psect	text3,global,reloc=2,class=CODE,space=0,delta=1
    16                           	psect	text4,global,reloc=2,class=CODE,space=0,delta=1
    17                           	psect	text5,global,reloc=2,class=CODE,space=0,delta=1
    18                           	psect	text6,global,reloc=2,class=CODE,space=0,delta=1
    19                           	psect	text7,global,reloc=2,class=CODE,space=0,delta=1
    20                           	psect	text8,global,reloc=2,class=CODE,space=0,delta=1
    21                           	psect	text9,global,reloc=2,class=CODE,space=0,delta=1
    22                           	psect	text10,global,reloc=2,class=CODE,space=0,delta=1
    23                           	psect	text11,global,reloc=2,class=CODE,space=0,delta=1
    24                           	psect	text12,global,reloc=2,class=CODE,space=0,delta=1
    25                           	psect	text13,global,reloc=2,class=CODE,space=0,delta=1
    26                           	psect	text14,global,reloc=2,class=CODE,space=0,delta=1
    27                           	psect	text15,global,reloc=2,class=CODE,space=0,delta=1
    28                           	psect	text16,global,reloc=2,class=CODE,space=0,delta=1
    29                           	psect	text17,global,reloc=2,class=CODE,space=0,delta=1
    30                           	psect	text18,global,reloc=2,class=CODE,space=0,delta=1
    31                           	psect	text19,global,reloc=2,class=CODE,space=0,delta=1
    32                           	psect	text20,global,reloc=2,class=CODE,space=0,delta=1
    33                           	psect	text21,global,reloc=2,class=CODE,space=0,delta=1
    34                           	psect	text22,global,reloc=2,class=CODE,space=0,delta=1
    35                           	psect	text23,global,reloc=2,class=CODE,space=0,delta=1
    36                           	psect	text24,global,reloc=2,class=CODE,space=0,delta=1
    37                           	psect	text25,global,reloc=2,class=CODE,space=0,delta=1
    38                           	psect	text26,global,reloc=2,class=CODE,space=0,delta=1
    39                           	psect	text27,global,reloc=2,class=CODE,space=0,delta=1
    40                           	psect	text28,global,reloc=2,class=CODE,space=0,delta=1
    41                           	psect	text29,global,reloc=2,class=CODE,space=0,delta=1
    42                           	psect	text30,global,reloc=2,class=CODE,space=0,delta=1
    43                           	psect	text31,global,reloc=2,class=CODE,space=0,delta=1
    44                           	psect	intcode,global,reloc=2,class=CODE,space=0,delta=1
    45                           	psect	text33,global,reloc=2,class=CODE,space=0,delta=1
    46                           	psect	text34,global,reloc=2,class=CODE,space=0,delta=1
    47                           	psect	text35,global,reloc=2,class=CODE,space=0,delta=1
    48                           	psect	text36,global,reloc=2,class=CODE,space=0,delta=1
    49                           	psect	text37,global,reloc=2,class=CODE,space=0,delta=1
    50                           	psect	text38,global,reloc=2,class=CODE,space=0,delta=1
    51                           	psect	text39,global,reloc=2,class=CODE,space=0,delta=1
    52                           	psect	text40,global,reloc=2,class=CODE,space=0,delta=1
    53                           	psect	text41,global,reloc=2,class=CODE,space=0,delta=1
    54                           	psect	text42,global,reloc=2,class=CODE,space=0,delta=1
    55                           	psect	text43,global,reloc=2,class=CODE,space=0,delta=1
    56                           	psect	text44,global,reloc=2,class=CODE,space=0,delta=1
    57                           	psect	text45,global,reloc=2,class=CODE,space=0,delta=1
    58                           	psect	text46,global,reloc=2,class=CODE,space=0,delta=1
    59                           	psect	text47,global,reloc=2,class=CODE,space=0,delta=1
    60                           	psect	intsave_regs,global,class=BIGRAM,space=1,delta=1,noexec
    61                           	psect	rparam,global,class=COMRAM,space=1,delta=1,noexec
    62                           	psect	config,global,abs,ovrld,class=CONFIG,space=4,delta=1,noexec
    63                           	dabs	1,0x1,1
    64   000000                     
    65                           ; Generated 02/09/2026 GMT
    66                           ; 
    67                           ; Copyright (c) 2026 Microchip Technology Inc. and its subsidiaries.
    68                           ; 
    69                           ; Licensed under the Apache License, Version 2.0 (the "License");
    70                           ; you may not use this file except in compliance with the License.
    71                           ; You may obtain a copy of the License at
    72                           ; 
    73                           ;   http://www.apache.org/licenses/LICENSE-2.0
    74                           ; 
    75                           ; Unless required by applicable law or agreed to in writing, software
    76                           ; distributed under the License is distributed on an "AS IS" BASIS,
    77                           ; WITHOUT WARRANTIES OR CONDITIONS OF ANY KIND, either express or implied.
    78                           ; See the License for the specific language governing permissions and
    79                           ; limitations under the License.
    80                           ; 
    81                           ; 
    82                           ; Code-generator required, PIC18F46K20 Definitions
    83                           ; 
    84                           ; SFR Addresses
    85   000FE0                     bsr             equ	4064
    86   000FE9                     fsr0            equ	4073
    87   000FEA                     fsr0h           equ	4074
    88   000FE9                     fsr0l           equ	4073
    89   000FE1                     fsr1            equ	4065
    90   000FE2                     fsr1h           equ	4066
    91   000FE1                     fsr1l           equ	4065
    92   000FD9                     fsr2            equ	4057
    93   000FDA                     fsr2h           equ	4058
    94   000FD9                     fsr2l           equ	4057
    95   000FEF                     indf0           equ	4079
    96   000FE7                     indf1           equ	4071
    97   000FDF                     indf2           equ	4063
    98   000FF2                     intcon          equ	4082
    99   000000                     nvmcon          equ	0
   100   000FF9                     pcl             equ	4089
   101   000FFA                     pclath          equ	4090
   102   000FFB                     pclatu          equ	4091
   103   000FEB                     plusw0          equ	4075
   104   000FE3                     plusw1          equ	4067
   105   000FDB                     plusw2          equ	4059
   106   000FED                     postdec0        equ	4077
   107   000FE5                     postdec1        equ	4069
   108   000FDD                     postdec2        equ	4061
   109   000FEE                     postinc0        equ	4078
   110   000FE6                     postinc1        equ	4070
   111   000FDE                     postinc2        equ	4062
   112   000FEC                     preinc0         equ	4076
   113   000FE4                     preinc1         equ	4068
   114   000FDC                     preinc2         equ	4060
   115   000FF3                     prod            equ	4083
   116   000FF4                     prodh           equ	4084
   117   000FF3                     prodl           equ	4083
   118   000FD8                     status          equ	4056
   119   000FF5                     tablat          equ	4085
   120   000FF6                     tblptr          equ	4086
   121   000FF7                     tblptrh         equ	4087
   122   000FF6                     tblptrl         equ	4086
   123   000FF8                     tblptru         equ	4088
   124   000FFD                     tosl            equ	4093
   125   000FE8                     wreg            equ	4072
   126   000F77                     SSPMSK          equ	3959	;# 
   127   000F78                     SLRCON          equ	3960	;# 
   128   000F79                     CM2CON1         equ	3961	;# 
   129   000F7A                     CM2CON0         equ	3962	;# 
   130   000F7B                     CM1CON0         equ	3963	;# 
   131   000F7C                     WPUB            equ	3964	;# 
   132   000F7D                     IOCB            equ	3965	;# 
   133   000F7E                     ANSEL           equ	3966	;# 
   134   000F7F                     ANSELH          equ	3967	;# 
   135   000F80                     PORTA           equ	3968	;# 
   136   000F81                     PORTB           equ	3969	;# 
   137   000F82                     PORTC           equ	3970	;# 
   138   000F83                     PORTD           equ	3971	;# 
   139   000F84                     PORTE           equ	3972	;# 
   140   000F89                     LATA            equ	3977	;# 
   141   000F8A                     LATB            equ	3978	;# 
   142   000F8B                     LATC            equ	3979	;# 
   143   000F8C                     LATD            equ	3980	;# 
   144   000F8D                     LATE            equ	3981	;# 
   145   000F92                     TRISA           equ	3986	;# 
   146   000F92                     DDRA            equ	3986	;# 
   147   000F93                     TRISB           equ	3987	;# 
   148   000F93                     DDRB            equ	3987	;# 
   149   000F94                     TRISC           equ	3988	;# 
   150   000F94                     DDRC            equ	3988	;# 
   151   000F95                     TRISD           equ	3989	;# 
   152   000F95                     DDRD            equ	3989	;# 
   153   000F96                     TRISE           equ	3990	;# 
   154   000F96                     DDRE            equ	3990	;# 
   155   000F9B                     OSCTUNE         equ	3995	;# 
   156   000F9D                     PIE1            equ	3997	;# 
   157   000F9E                     PIR1            equ	3998	;# 
   158   000F9F                     IPR1            equ	3999	;# 
   159   000FA0                     PIE2            equ	4000	;# 
   160   000FA1                     PIR2            equ	4001	;# 
   161   000FA2                     IPR2            equ	4002	;# 
   162   000FA6                     EECON1          equ	4006	;# 
   163   000FA7                     EECON2          equ	4007	;# 
   164   000FA8                     EEDATA          equ	4008	;# 
   165   000FA9                     EEADR           equ	4009	;# 
   166   000FAA                     EEADRH          equ	4010	;# 
   167   000FAB                     RCSTA           equ	4011	;# 
   168   000FAB                     RCSTA1          equ	4011	;# 
   169   000FAC                     TXSTA           equ	4012	;# 
   170   000FAC                     TXSTA1          equ	4012	;# 
   171   000FAD                     TXREG           equ	4013	;# 
   172   000FAD                     TXREG1          equ	4013	;# 
   173   000FAE                     RCREG           equ	4014	;# 
   174   000FAE                     RCREG1          equ	4014	;# 
   175   000FAF                     SPBRG           equ	4015	;# 
   176   000FAF                     SPBRG1          equ	4015	;# 
   177   000FB0                     SPBRGH          equ	4016	;# 
   178   000FB1                     T3CON           equ	4017	;# 
   179   000FB2                     TMR3            equ	4018	;# 
   180   000FB2                     TMR3L           equ	4018	;# 
   181   000FB3                     TMR3H           equ	4019	;# 
   182   000FB4                     CVRCON2         equ	4020	;# 
   183   000FB5                     CVRCON          equ	4021	;# 
   184   000FB6                     ECCP1AS         equ	4022	;# 
   185   000FB7                     PWM1CON         equ	4023	;# 
   186   000FB8                     BAUDCON         equ	4024	;# 
   187   000FB8                     BAUDCTL         equ	4024	;# 
   188   000FB9                     PSTRCON         equ	4025	;# 
   189   000FBA                     CCP2CON         equ	4026	;# 
   190   000FBB                     CCPR2           equ	4027	;# 
   191   000FBB                     CCPR2L          equ	4027	;# 
   192   000FBC                     CCPR2H          equ	4028	;# 
   193   000FBD                     CCP1CON         equ	4029	;# 
   194   000FBE                     CCPR1           equ	4030	;# 
   195   000FBE                     CCPR1L          equ	4030	;# 
   196   000FBF                     CCPR1H          equ	4031	;# 
   197   000FC0                     ADCON2          equ	4032	;# 
   198   000FC1                     ADCON1          equ	4033	;# 
   199   000FC2                     ADCON0          equ	4034	;# 
   200   000FC3                     ADRES           equ	4035	;# 
   201   000FC3                     ADRESL          equ	4035	;# 
   202   000FC4                     ADRESH          equ	4036	;# 
   203   000FC5                     SSPCON2         equ	4037	;# 
   204   000FC6                     SSPCON1         equ	4038	;# 
   205   000FC7                     SSPSTAT         equ	4039	;# 
   206   000FC8                     SSPADD          equ	4040	;# 
   207   000FC9                     SSPBUF          equ	4041	;# 
   208   000FCA                     T2CON           equ	4042	;# 
   209   000FCB                     PR2             equ	4043	;# 
   210   000FCB                     MEMCON          equ	4043	;# 
   211   000FCC                     TMR2            equ	4044	;# 
   212   000FCD                     T1CON           equ	4045	;# 
   213   000FCE                     TMR1            equ	4046	;# 
   214   000FCE                     TMR1L           equ	4046	;# 
   215   000FCF                     TMR1H           equ	4047	;# 
   216   000FD0                     RCON            equ	4048	;# 
   217   000FD1                     WDTCON          equ	4049	;# 
   218   000FD2                     HLVDCON         equ	4050	;# 
   219   000FD2                     LVDCON          equ	4050	;# 
   220   000FD3                     OSCCON          equ	4051	;# 
   221   000FD5                     T0CON           equ	4053	;# 
   222   000FD6                     TMR0            equ	4054	;# 
   223   000FD6                     TMR0L           equ	4054	;# 
   224   000FD7                     TMR0H           equ	4055	;# 
   225   000FD8                     STATUS          equ	4056	;# 
   226   000FD9                     FSR2            equ	4057	;# 
   227   000FD9                     FSR2L           equ	4057	;# 
   228   000FDA                     FSR2H           equ	4058	;# 
   229   000FDB                     PLUSW2          equ	4059	;# 
   230   000FDC                     PREINC2         equ	4060	;# 
   231   000FDD                     POSTDEC2        equ	4061	;# 
   232   000FDE                     POSTINC2        equ	4062	;# 
   233   000FDF                     INDF2           equ	4063	;# 
   234   000FE0                     BSR             equ	4064	;# 
   235   000FE1                     FSR1            equ	4065	;# 
   236   000FE1                     FSR1L           equ	4065	;# 
   237   000FE2                     FSR1H           equ	4066	;# 
   238   000FE3                     PLUSW1          equ	4067	;# 
   239   000FE4                     PREINC1         equ	4068	;# 
   240   000FE5                     POSTDEC1        equ	4069	;# 
   241   000FE6                     POSTINC1        equ	4070	;# 
   242   000FE7                     INDF1           equ	4071	;# 
   243   000FE8                     WREG            equ	4072	;# 
   244   000FE9                     FSR0            equ	4073	;# 
   245   000FE9                     FSR0L           equ	4073	;# 
   246   000FEA                     FSR0H           equ	4074	;# 
   247   000FEB                     PLUSW0          equ	4075	;# 
   248   000FEC                     PREINC0         equ	4076	;# 
   249   000FED                     POSTDEC0        equ	4077	;# 
   250   000FEE                     POSTINC0        equ	4078	;# 
   251   000FEF                     INDF0           equ	4079	;# 
   252   000FF0                     INTCON3         equ	4080	;# 
   253   000FF1                     INTCON2         equ	4081	;# 
   254   000FF2                     INTCON          equ	4082	;# 
   255   000FF3                     PROD            equ	4083	;# 
   256   000FF3                     PRODL           equ	4083	;# 
   257   000FF4                     PRODH           equ	4084	;# 
   258   000FF5                     TABLAT          equ	4085	;# 
   259   000FF6                     TBLPTR          equ	4086	;# 
   260   000FF6                     TBLPTRL         equ	4086	;# 
   261   000FF7                     TBLPTRH         equ	4087	;# 
   262   000FF8                     TBLPTRU         equ	4088	;# 
   263   000FF9                     PCLAT           equ	4089	;# 
   264   000FF9                     PC              equ	4089	;# 
   265   000FF9                     PCL             equ	4089	;# 
   266   000FFA                     PCLATH          equ	4090	;# 
   267   000FFB                     PCLATU          equ	4091	;# 
   268   000FFC                     STKPTR          equ	4092	;# 
   269   000FFD                     TOS             equ	4093	;# 
   270   000FFD                     TOSL            equ	4093	;# 
   271   000FFE                     TOSH            equ	4094	;# 
   272   000FFF                     TOSU            equ	4095	;# 
   273   000F77                     SSPMSK          equ	3959	;# 
   274   000F78                     SLRCON          equ	3960	;# 
   275   000F79                     CM2CON1         equ	3961	;# 
   276   000F7A                     CM2CON0         equ	3962	;# 
   277   000F7B                     CM1CON0         equ	3963	;# 
   278   000F7C                     WPUB            equ	3964	;# 
   279   000F7D                     IOCB            equ	3965	;# 
   280   000F7E                     ANSEL           equ	3966	;# 
   281   000F7F                     ANSELH          equ	3967	;# 
   282   000F80                     PORTA           equ	3968	;# 
   283   000F81                     PORTB           equ	3969	;# 
   284   000F82                     PORTC           equ	3970	;# 
   285   000F83                     PORTD           equ	3971	;# 
   286   000F84                     PORTE           equ	3972	;# 
   287   000F89                     LATA            equ	3977	;# 
   288   000F8A                     LATB            equ	3978	;# 
   289   000F8B                     LATC            equ	3979	;# 
   290   000F8C                     LATD            equ	3980	;# 
   291   000F8D                     LATE            equ	3981	;# 
   292   000F92                     TRISA           equ	3986	;# 
   293   000F92                     DDRA            equ	3986	;# 
   294   000F93                     TRISB           equ	3987	;# 
   295   000F93                     DDRB            equ	3987	;# 
   296   000F94                     TRISC           equ	3988	;# 
   297   000F94                     DDRC            equ	3988	;# 
   298   000F95                     TRISD           equ	3989	;# 
   299   000F95                     DDRD            equ	3989	;# 
   300   000F96                     TRISE           equ	3990	;# 
   301   000F96                     DDRE            equ	3990	;# 
   302   000F9B                     OSCTUNE         equ	3995	;# 
   303   000F9D                     PIE1            equ	3997	;# 
   304   000F9E                     PIR1            equ	3998	;# 
   305   000F9F                     IPR1            equ	3999	;# 
   306   000FA0                     PIE2            equ	4000	;# 
   307   000FA1                     PIR2            equ	4001	;# 
   308   000FA2                     IPR2            equ	4002	;# 
   309   000FA6                     EECON1          equ	4006	;# 
   310   000FA7                     EECON2          equ	4007	;# 
   311   000FA8                     EEDATA          equ	4008	;# 
   312   000FA9                     EEADR           equ	4009	;# 
   313   000FAA                     EEADRH          equ	4010	;# 
   314   000FAB                     RCSTA           equ	4011	;# 
   315   000FAB                     RCSTA1          equ	4011	;# 
   316   000FAC                     TXSTA           equ	4012	;# 
   317   000FAC                     TXSTA1          equ	4012	;# 
   318   000FAD                     TXREG           equ	4013	;# 
   319   000FAD                     TXREG1          equ	4013	;# 
   320   000FAE                     RCREG           equ	4014	;# 
   321   000FAE                     RCREG1          equ	4014	;# 
   322   000FAF                     SPBRG           equ	4015	;# 
   323   000FAF                     SPBRG1          equ	4015	;# 
   324   000FB0                     SPBRGH          equ	4016	;# 
   325   000FB1                     T3CON           equ	4017	;# 
   326   000FB2                     TMR3            equ	4018	;# 
   327   000FB2                     TMR3L           equ	4018	;# 
   328   000FB3                     TMR3H           equ	4019	;# 
   329   000FB4                     CVRCON2         equ	4020	;# 
   330   000FB5                     CVRCON          equ	4021	;# 
   331   000FB6                     ECCP1AS         equ	4022	;# 
   332   000FB7                     PWM1CON         equ	4023	;# 
   333   000FB8                     BAUDCON         equ	4024	;# 
   334   000FB8                     BAUDCTL         equ	4024	;# 
   335   000FB9                     PSTRCON         equ	4025	;# 
   336   000FBA                     CCP2CON         equ	4026	;# 
   337   000FBB                     CCPR2           equ	4027	;# 
   338   000FBB                     CCPR2L          equ	4027	;# 
   339   000FBC                     CCPR2H          equ	4028	;# 
   340   000FBD                     CCP1CON         equ	4029	;# 
   341   000FBE                     CCPR1           equ	4030	;# 
   342   000FBE                     CCPR1L          equ	4030	;# 
   343   000FBF                     CCPR1H          equ	4031	;# 
   344   000FC0                     ADCON2          equ	4032	;# 
   345   000FC1                     ADCON1          equ	4033	;# 
   346   000FC2                     ADCON0          equ	4034	;# 
   347   000FC3                     ADRES           equ	4035	;# 
   348   000FC3                     ADRESL          equ	4035	;# 
   349   000FC4                     ADRESH          equ	4036	;# 
   350   000FC5                     SSPCON2         equ	4037	;# 
   351   000FC6                     SSPCON1         equ	4038	;# 
   352   000FC7                     SSPSTAT         equ	4039	;# 
   353   000FC8                     SSPADD          equ	4040	;# 
   354   000FC9                     SSPBUF          equ	4041	;# 
   355   000FCA                     T2CON           equ	4042	;# 
   356   000FCB                     PR2             equ	4043	;# 
   357   000FCB                     MEMCON          equ	4043	;# 
   358   000FCC                     TMR2            equ	4044	;# 
   359   000FCD                     T1CON           equ	4045	;# 
   360   000FCE                     TMR1            equ	4046	;# 
   361   000FCE                     TMR1L           equ	4046	;# 
   362   000FCF                     TMR1H           equ	4047	;# 
   363   000FD0                     RCON            equ	4048	;# 
   364   000FD1                     WDTCON          equ	4049	;# 
   365   000FD2                     HLVDCON         equ	4050	;# 
   366   000FD2                     LVDCON          equ	4050	;# 
   367   000FD3                     OSCCON          equ	4051	;# 
   368   000FD5                     T0CON           equ	4053	;# 
   369   000FD6                     TMR0            equ	4054	;# 
   370   000FD6                     TMR0L           equ	4054	;# 
   371   000FD7                     TMR0H           equ	4055	;# 
   372   000FD8                     STATUS          equ	4056	;# 
   373   000FD9                     FSR2            equ	4057	;# 
   374   000FD9                     FSR2L           equ	4057	;# 
   375   000FDA                     FSR2H           equ	4058	;# 
   376   000FDB                     PLUSW2          equ	4059	;# 
   377   000FDC                     PREINC2         equ	4060	;# 
   378   000FDD                     POSTDEC2        equ	4061	;# 
   379   000FDE                     POSTINC2        equ	4062	;# 
   380   000FDF                     INDF2           equ	4063	;# 
   381   000FE0                     BSR             equ	4064	;# 
   382   000FE1                     FSR1            equ	4065	;# 
   383   000FE1                     FSR1L           equ	4065	;# 
   384   000FE2                     FSR1H           equ	4066	;# 
   385   000FE3                     PLUSW1          equ	4067	;# 
   386   000FE4                     PREINC1         equ	4068	;# 
   387   000FE5                     POSTDEC1        equ	4069	;# 
   388   000FE6                     POSTINC1        equ	4070	;# 
   389   000FE7                     INDF1           equ	4071	;# 
   390   000FE8                     WREG            equ	4072	;# 
   391   000FE9                     FSR0            equ	4073	;# 
   392   000FE9                     FSR0L           equ	4073	;# 
   393   000FEA                     FSR0H           equ	4074	;# 
   394   000FEB                     PLUSW0          equ	4075	;# 
   395   000FEC                     PREINC0         equ	4076	;# 
   396   000FED                     POSTDEC0        equ	4077	;# 
   397   000FEE                     POSTINC0        equ	4078	;# 
   398   000FEF                     INDF0           equ	4079	;# 
   399   000FF0                     INTCON3         equ	4080	;# 
   400   000FF1                     INTCON2         equ	4081	;# 
   401   000FF2                     INTCON          equ	4082	;# 
   402   000FF3                     PROD            equ	4083	;# 
   403   000FF3                     PRODL           equ	4083	;# 
   404   000FF4                     PRODH           equ	4084	;# 
   405   000FF5                     TABLAT          equ	4085	;# 
   406   000FF6                     TBLPTR          equ	4086	;# 
   407   000FF6                     TBLPTRL         equ	4086	;# 
   408   000FF7                     TBLPTRH         equ	4087	;# 
   409   000FF8                     TBLPTRU         equ	4088	;# 
   410   000FF9                     PCLAT           equ	4089	;# 
   411   000FF9                     PC              equ	4089	;# 
   412   000FF9                     PCL             equ	4089	;# 
   413   000FFA                     PCLATH          equ	4090	;# 
   414   000FFB                     PCLATU          equ	4091	;# 
   415   000FFC                     STKPTR          equ	4092	;# 
   416   000FFD                     TOS             equ	4093	;# 
   417   000FFD                     TOSL            equ	4093	;# 
   418   000FFE                     TOSH            equ	4094	;# 
   419   000FFF                     TOSU            equ	4095	;# 
   420   000F77                     SSPMSK          equ	3959	;# 
   421   000F78                     SLRCON          equ	3960	;# 
   422   000F79                     CM2CON1         equ	3961	;# 
   423   000F7A                     CM2CON0         equ	3962	;# 
   424   000F7B                     CM1CON0         equ	3963	;# 
   425   000F7C                     WPUB            equ	3964	;# 
   426   000F7D                     IOCB            equ	3965	;# 
   427   000F7E                     ANSEL           equ	3966	;# 
   428   000F7F                     ANSELH          equ	3967	;# 
   429   000F80                     PORTA           equ	3968	;# 
   430   000F81                     PORTB           equ	3969	;# 
   431   000F82                     PORTC           equ	3970	;# 
   432   000F83                     PORTD           equ	3971	;# 
   433   000F84                     PORTE           equ	3972	;# 
   434   000F89                     LATA            equ	3977	;# 
   435   000F8A                     LATB            equ	3978	;# 
   436   000F8B                     LATC            equ	3979	;# 
   437   000F8C                     LATD            equ	3980	;# 
   438   000F8D                     LATE            equ	3981	;# 
   439   000F92                     TRISA           equ	3986	;# 
   440   000F92                     DDRA            equ	3986	;# 
   441   000F93                     TRISB           equ	3987	;# 
   442   000F93                     DDRB            equ	3987	;# 
   443   000F94                     TRISC           equ	3988	;# 
   444   000F94                     DDRC            equ	3988	;# 
   445   000F95                     TRISD           equ	3989	;# 
   446   000F95                     DDRD            equ	3989	;# 
   447   000F96                     TRISE           equ	3990	;# 
   448   000F96                     DDRE            equ	3990	;# 
   449   000F9B                     OSCTUNE         equ	3995	;# 
   450   000F9D                     PIE1            equ	3997	;# 
   451   000F9E                     PIR1            equ	3998	;# 
   452   000F9F                     IPR1            equ	3999	;# 
   453   000FA0                     PIE2            equ	4000	;# 
   454   000FA1                     PIR2            equ	4001	;# 
   455   000FA2                     IPR2            equ	4002	;# 
   456   000FA6                     EECON1          equ	4006	;# 
   457   000FA7                     EECON2          equ	4007	;# 
   458   000FA8                     EEDATA          equ	4008	;# 
   459   000FA9                     EEADR           equ	4009	;# 
   460   000FAA                     EEADRH          equ	4010	;# 
   461   000FAB                     RCSTA           equ	4011	;# 
   462   000FAB                     RCSTA1          equ	4011	;# 
   463   000FAC                     TXSTA           equ	4012	;# 
   464   000FAC                     TXSTA1          equ	4012	;# 
   465   000FAD                     TXREG           equ	4013	;# 
   466   000FAD                     TXREG1          equ	4013	;# 
   467   000FAE                     RCREG           equ	4014	;# 
   468   000FAE                     RCREG1          equ	4014	;# 
   469   000FAF                     SPBRG           equ	4015	;# 
   470   000FAF                     SPBRG1          equ	4015	;# 
   471   000FB0                     SPBRGH          equ	4016	;# 
   472   000FB1                     T3CON           equ	4017	;# 
   473   000FB2                     TMR3            equ	4018	;# 
   474   000FB2                     TMR3L           equ	4018	;# 
   475   000FB3                     TMR3H           equ	4019	;# 
   476   000FB4                     CVRCON2         equ	4020	;# 
   477   000FB5                     CVRCON          equ	4021	;# 
   478   000FB6                     ECCP1AS         equ	4022	;# 
   479   000FB7                     PWM1CON         equ	4023	;# 
   480   000FB8                     BAUDCON         equ	4024	;# 
   481   000FB8                     BAUDCTL         equ	4024	;# 
   482   000FB9                     PSTRCON         equ	4025	;# 
   483   000FBA                     CCP2CON         equ	4026	;# 
   484   000FBB                     CCPR2           equ	4027	;# 
   485   000FBB                     CCPR2L          equ	4027	;# 
   486   000FBC                     CCPR2H          equ	4028	;# 
   487   000FBD                     CCP1CON         equ	4029	;# 
   488   000FBE                     CCPR1           equ	4030	;# 
   489   000FBE                     CCPR1L          equ	4030	;# 
   490   000FBF                     CCPR1H          equ	4031	;# 
   491   000FC0                     ADCON2          equ	4032	;# 
   492   000FC1                     ADCON1          equ	4033	;# 
   493   000FC2                     ADCON0          equ	4034	;# 
   494   000FC3                     ADRES           equ	4035	;# 
   495   000FC3                     ADRESL          equ	4035	;# 
   496   000FC4                     ADRESH          equ	4036	;# 
   497   000FC5                     SSPCON2         equ	4037	;# 
   498   000FC6                     SSPCON1         equ	4038	;# 
   499   000FC7                     SSPSTAT         equ	4039	;# 
   500   000FC8                     SSPADD          equ	4040	;# 
   501   000FC9                     SSPBUF          equ	4041	;# 
   502   000FCA                     T2CON           equ	4042	;# 
   503   000FCB                     PR2             equ	4043	;# 
   504   000FCB                     MEMCON          equ	4043	;# 
   505   000FCC                     TMR2            equ	4044	;# 
   506   000FCD                     T1CON           equ	4045	;# 
   507   000FCE                     TMR1            equ	4046	;# 
   508   000FCE                     TMR1L           equ	4046	;# 
   509   000FCF                     TMR1H           equ	4047	;# 
   510   000FD0                     RCON            equ	4048	;# 
   511   000FD1                     WDTCON          equ	4049	;# 
   512   000FD2                     HLVDCON         equ	4050	;# 
   513   000FD2                     LVDCON          equ	4050	;# 
   514   000FD3                     OSCCON          equ	4051	;# 
   515   000FD5                     T0CON           equ	4053	;# 
   516   000FD6                     TMR0            equ	4054	;# 
   517   000FD6                     TMR0L           equ	4054	;# 
   518   000FD7                     TMR0H           equ	4055	;# 
   519   000FD8                     STATUS          equ	4056	;# 
   520   000FD9                     FSR2            equ	4057	;# 
   521   000FD9                     FSR2L           equ	4057	;# 
   522   000FDA                     FSR2H           equ	4058	;# 
   523   000FDB                     PLUSW2          equ	4059	;# 
   524   000FDC                     PREINC2         equ	4060	;# 
   525   000FDD                     POSTDEC2        equ	4061	;# 
   526   000FDE                     POSTINC2        equ	4062	;# 
   527   000FDF                     INDF2           equ	4063	;# 
   528   000FE0                     BSR             equ	4064	;# 
   529   000FE1                     FSR1            equ	4065	;# 
   530   000FE1                     FSR1L           equ	4065	;# 
   531   000FE2                     FSR1H           equ	4066	;# 
   532   000FE3                     PLUSW1          equ	4067	;# 
   533   000FE4                     PREINC1         equ	4068	;# 
   534   000FE5                     POSTDEC1        equ	4069	;# 
   535   000FE6                     POSTINC1        equ	4070	;# 
   536   000FE7                     INDF1           equ	4071	;# 
   537   000FE8                     WREG            equ	4072	;# 
   538   000FE9                     FSR0            equ	4073	;# 
   539   000FE9                     FSR0L           equ	4073	;# 
   540   000FEA                     FSR0H           equ	4074	;# 
   541   000FEB                     PLUSW0          equ	4075	;# 
   542   000FEC                     PREINC0         equ	4076	;# 
   543   000FED                     POSTDEC0        equ	4077	;# 
   544   000FEE                     POSTINC0        equ	4078	;# 
   545   000FEF                     INDF0           equ	4079	;# 
   546   000FF0                     INTCON3         equ	4080	;# 
   547   000FF1                     INTCON2         equ	4081	;# 
   548   000FF2                     INTCON          equ	4082	;# 
   549   000FF3                     PROD            equ	4083	;# 
   550   000FF3                     PRODL           equ	4083	;# 
   551   000FF4                     PRODH           equ	4084	;# 
   552   000FF5                     TABLAT          equ	4085	;# 
   553   000FF6                     TBLPTR          equ	4086	;# 
   554   000FF6                     TBLPTRL         equ	4086	;# 
   555   000FF7                     TBLPTRH         equ	4087	;# 
   556   000FF8                     TBLPTRU         equ	4088	;# 
   557   000FF9                     PCLAT           equ	4089	;# 
   558   000FF9                     PC              equ	4089	;# 
   559   000FF9                     PCL             equ	4089	;# 
   560   000FFA                     PCLATH          equ	4090	;# 
   561   000FFB                     PCLATU          equ	4091	;# 
   562   000FFC                     STKPTR          equ	4092	;# 
   563   000FFD                     TOS             equ	4093	;# 
   564   000FFD                     TOSL            equ	4093	;# 
   565   000FFE                     TOSH            equ	4094	;# 
   566   000FFF                     TOSU            equ	4095	;# 
   567   000F77                     SSPMSK          equ	3959	;# 
   568   000F78                     SLRCON          equ	3960	;# 
   569   000F79                     CM2CON1         equ	3961	;# 
   570   000F7A                     CM2CON0         equ	3962	;# 
   571   000F7B                     CM1CON0         equ	3963	;# 
   572   000F7C                     WPUB            equ	3964	;# 
   573   000F7D                     IOCB            equ	3965	;# 
   574   000F7E                     ANSEL           equ	3966	;# 
   575   000F7F                     ANSELH          equ	3967	;# 
   576   000F80                     PORTA           equ	3968	;# 
   577   000F81                     PORTB           equ	3969	;# 
   578   000F82                     PORTC           equ	3970	;# 
   579   000F83                     PORTD           equ	3971	;# 
   580   000F84                     PORTE           equ	3972	;# 
   581   000F89                     LATA            equ	3977	;# 
   582   000F8A                     LATB            equ	3978	;# 
   583   000F8B                     LATC            equ	3979	;# 
   584   000F8C                     LATD            equ	3980	;# 
   585   000F8D                     LATE            equ	3981	;# 
   586   000F92                     TRISA           equ	3986	;# 
   587   000F92                     DDRA            equ	3986	;# 
   588   000F93                     TRISB           equ	3987	;# 
   589   000F93                     DDRB            equ	3987	;# 
   590   000F94                     TRISC           equ	3988	;# 
   591   000F94                     DDRC            equ	3988	;# 
   592   000F95                     TRISD           equ	3989	;# 
   593   000F95                     DDRD            equ	3989	;# 
   594   000F96                     TRISE           equ	3990	;# 
   595   000F96                     DDRE            equ	3990	;# 
   596   000F9B                     OSCTUNE         equ	3995	;# 
   597   000F9D                     PIE1            equ	3997	;# 
   598   000F9E                     PIR1            equ	3998	;# 
   599   000F9F                     IPR1            equ	3999	;# 
   600   000FA0                     PIE2            equ	4000	;# 
   601   000FA1                     PIR2            equ	4001	;# 
   602   000FA2                     IPR2            equ	4002	;# 
   603   000FA6                     EECON1          equ	4006	;# 
   604   000FA7                     EECON2          equ	4007	;# 
   605   000FA8                     EEDATA          equ	4008	;# 
   606   000FA9                     EEADR           equ	4009	;# 
   607   000FAA                     EEADRH          equ	4010	;# 
   608   000FAB                     RCSTA           equ	4011	;# 
   609   000FAB                     RCSTA1          equ	4011	;# 
   610   000FAC                     TXSTA           equ	4012	;# 
   611   000FAC                     TXSTA1          equ	4012	;# 
   612   000FAD                     TXREG           equ	4013	;# 
   613   000FAD                     TXREG1          equ	4013	;# 
   614   000FAE                     RCREG           equ	4014	;# 
   615   000FAE                     RCREG1          equ	4014	;# 
   616   000FAF                     SPBRG           equ	4015	;# 
   617   000FAF                     SPBRG1          equ	4015	;# 
   618   000FB0                     SPBRGH          equ	4016	;# 
   619   000FB1                     T3CON           equ	4017	;# 
   620   000FB2                     TMR3            equ	4018	;# 
   621   000FB2                     TMR3L           equ	4018	;# 
   622   000FB3                     TMR3H           equ	4019	;# 
   623   000FB4                     CVRCON2         equ	4020	;# 
   624   000FB5                     CVRCON          equ	4021	;# 
   625   000FB6                     ECCP1AS         equ	4022	;# 
   626   000FB7                     PWM1CON         equ	4023	;# 
   627   000FB8                     BAUDCON         equ	4024	;# 
   628   000FB8                     BAUDCTL         equ	4024	;# 
   629   000FB9                     PSTRCON         equ	4025	;# 
   630   000FBA                     CCP2CON         equ	4026	;# 
   631   000FBB                     CCPR2           equ	4027	;# 
   632   000FBB                     CCPR2L          equ	4027	;# 
   633   000FBC                     CCPR2H          equ	4028	;# 
   634   000FBD                     CCP1CON         equ	4029	;# 
   635   000FBE                     CCPR1           equ	4030	;# 
   636   000FBE                     CCPR1L          equ	4030	;# 
   637   000FBF                     CCPR1H          equ	4031	;# 
   638   000FC0                     ADCON2          equ	4032	;# 
   639   000FC1                     ADCON1          equ	4033	;# 
   640   000FC2                     ADCON0          equ	4034	;# 
   641   000FC3                     ADRES           equ	4035	;# 
   642   000FC3                     ADRESL          equ	4035	;# 
   643   000FC4                     ADRESH          equ	4036	;# 
   644   000FC5                     SSPCON2         equ	4037	;# 
   645   000FC6                     SSPCON1         equ	4038	;# 
   646   000FC7                     SSPSTAT         equ	4039	;# 
   647   000FC8                     SSPADD          equ	4040	;# 
   648   000FC9                     SSPBUF          equ	4041	;# 
   649   000FCA                     T2CON           equ	4042	;# 
   650   000FCB                     PR2             equ	4043	;# 
   651   000FCB                     MEMCON          equ	4043	;# 
   652   000FCC                     TMR2            equ	4044	;# 
   653   000FCD                     T1CON           equ	4045	;# 
   654   000FCE                     TMR1            equ	4046	;# 
   655   000FCE                     TMR1L           equ	4046	;# 
   656   000FCF                     TMR1H           equ	4047	;# 
   657   000FD0                     RCON            equ	4048	;# 
   658   000FD1                     WDTCON          equ	4049	;# 
   659   000FD2                     HLVDCON         equ	4050	;# 
   660   000FD2                     LVDCON          equ	4050	;# 
   661   000FD3                     OSCCON          equ	4051	;# 
   662   000FD5                     T0CON           equ	4053	;# 
   663   000FD6                     TMR0            equ	4054	;# 
   664   000FD6                     TMR0L           equ	4054	;# 
   665   000FD7                     TMR0H           equ	4055	;# 
   666   000FD8                     STATUS          equ	4056	;# 
   667   000FD9                     FSR2            equ	4057	;# 
   668   000FD9                     FSR2L           equ	4057	;# 
   669   000FDA                     FSR2H           equ	4058	;# 
   670   000FDB                     PLUSW2          equ	4059	;# 
   671   000FDC                     PREINC2         equ	4060	;# 
   672   000FDD                     POSTDEC2        equ	4061	;# 
   673   000FDE                     POSTINC2        equ	4062	;# 
   674   000FDF                     INDF2           equ	4063	;# 
   675   000FE0                     BSR             equ	4064	;# 
   676   000FE1                     FSR1            equ	4065	;# 
   677   000FE1                     FSR1L           equ	4065	;# 
   678   000FE2                     FSR1H           equ	4066	;# 
   679   000FE3                     PLUSW1          equ	4067	;# 
   680   000FE4                     PREINC1         equ	4068	;# 
   681   000FE5                     POSTDEC1        equ	4069	;# 
   682   000FE6                     POSTINC1        equ	4070	;# 
   683   000FE7                     INDF1           equ	4071	;# 
   684   000FE8                     WREG            equ	4072	;# 
   685   000FE9                     FSR0            equ	4073	;# 
   686   000FE9                     FSR0L           equ	4073	;# 
   687   000FEA                     FSR0H           equ	4074	;# 
   688   000FEB                     PLUSW0          equ	4075	;# 
   689   000FEC                     PREINC0         equ	4076	;# 
   690   000FED                     POSTDEC0        equ	4077	;# 
   691   000FEE                     POSTINC0        equ	4078	;# 
   692   000FEF                     INDF0           equ	4079	;# 
   693   000FF0                     INTCON3         equ	4080	;# 
   694   000FF1                     INTCON2         equ	4081	;# 
   695   000FF2                     INTCON          equ	4082	;# 
   696   000FF3                     PROD            equ	4083	;# 
   697   000FF3                     PRODL           equ	4083	;# 
   698   000FF4                     PRODH           equ	4084	;# 
   699   000FF5                     TABLAT          equ	4085	;# 
   700   000FF6                     TBLPTR          equ	4086	;# 
   701   000FF6                     TBLPTRL         equ	4086	;# 
   702   000FF7                     TBLPTRH         equ	4087	;# 
   703   000FF8                     TBLPTRU         equ	4088	;# 
   704   000FF9                     PCLAT           equ	4089	;# 
   705   000FF9                     PC              equ	4089	;# 
   706   000FF9                     PCL             equ	4089	;# 
   707   000FFA                     PCLATH          equ	4090	;# 
   708   000FFB                     PCLATU          equ	4091	;# 
   709   000FFC                     STKPTR          equ	4092	;# 
   710   000FFD                     TOS             equ	4093	;# 
   711   000FFD                     TOSL            equ	4093	;# 
   712   000FFE                     TOSH            equ	4094	;# 
   713   000FFF                     TOSU            equ	4095	;# 
   714   000F77                     SSPMSK          equ	3959	;# 
   715   000F78                     SLRCON          equ	3960	;# 
   716   000F79                     CM2CON1         equ	3961	;# 
   717   000F7A                     CM2CON0         equ	3962	;# 
   718   000F7B                     CM1CON0         equ	3963	;# 
   719   000F7C                     WPUB            equ	3964	;# 
   720   000F7D                     IOCB            equ	3965	;# 
   721   000F7E                     ANSEL           equ	3966	;# 
   722   000F7F                     ANSELH          equ	3967	;# 
   723   000F80                     PORTA           equ	3968	;# 
   724   000F81                     PORTB           equ	3969	;# 
   725   000F82                     PORTC           equ	3970	;# 
   726   000F83                     PORTD           equ	3971	;# 
   727   000F84                     PORTE           equ	3972	;# 
   728   000F89                     LATA            equ	3977	;# 
   729   000F8A                     LATB            equ	3978	;# 
   730   000F8B                     LATC            equ	3979	;# 
   731   000F8C                     LATD            equ	3980	;# 
   732   000F8D                     LATE            equ	3981	;# 
   733   000F92                     TRISA           equ	3986	;# 
   734   000F92                     DDRA            equ	3986	;# 
   735   000F93                     TRISB           equ	3987	;# 
   736   000F93                     DDRB            equ	3987	;# 
   737   000F94                     TRISC           equ	3988	;# 
   738   000F94                     DDRC            equ	3988	;# 
   739   000F95                     TRISD           equ	3989	;# 
   740   000F95                     DDRD            equ	3989	;# 
   741   000F96                     TRISE           equ	3990	;# 
   742   000F96                     DDRE            equ	3990	;# 
   743   000F9B                     OSCTUNE         equ	3995	;# 
   744   000F9D                     PIE1            equ	3997	;# 
   745   000F9E                     PIR1            equ	3998	;# 
   746   000F9F                     IPR1            equ	3999	;# 
   747   000FA0                     PIE2            equ	4000	;# 
   748   000FA1                     PIR2            equ	4001	;# 
   749   000FA2                     IPR2            equ	4002	;# 
   750   000FA6                     EECON1          equ	4006	;# 
   751   000FA7                     EECON2          equ	4007	;# 
   752   000FA8                     EEDATA          equ	4008	;# 
   753   000FA9                     EEADR           equ	4009	;# 
   754   000FAA                     EEADRH          equ	4010	;# 
   755   000FAB                     RCSTA           equ	4011	;# 
   756   000FAB                     RCSTA1          equ	4011	;# 
   757   000FAC                     TXSTA           equ	4012	;# 
   758   000FAC                     TXSTA1          equ	4012	;# 
   759   000FAD                     TXREG           equ	4013	;# 
   760   000FAD                     TXREG1          equ	4013	;# 
   761   000FAE                     RCREG           equ	4014	;# 
   762   000FAE                     RCREG1          equ	4014	;# 
   763   000FAF                     SPBRG           equ	4015	;# 
   764   000FAF                     SPBRG1          equ	4015	;# 
   765   000FB0                     SPBRGH          equ	4016	;# 
   766   000FB1                     T3CON           equ	4017	;# 
   767   000FB2                     TMR3            equ	4018	;# 
   768   000FB2                     TMR3L           equ	4018	;# 
   769   000FB3                     TMR3H           equ	4019	;# 
   770   000FB4                     CVRCON2         equ	4020	;# 
   771   000FB5                     CVRCON          equ	4021	;# 
   772   000FB6                     ECCP1AS         equ	4022	;# 
   773   000FB7                     PWM1CON         equ	4023	;# 
   774   000FB8                     BAUDCON         equ	4024	;# 
   775   000FB8                     BAUDCTL         equ	4024	;# 
   776   000FB9                     PSTRCON         equ	4025	;# 
   777   000FBA                     CCP2CON         equ	4026	;# 
   778   000FBB                     CCPR2           equ	4027	;# 
   779   000FBB                     CCPR2L          equ	4027	;# 
   780   000FBC                     CCPR2H          equ	4028	;# 
   781   000FBD                     CCP1CON         equ	4029	;# 
   782   000FBE                     CCPR1           equ	4030	;# 
   783   000FBE                     CCPR1L          equ	4030	;# 
   784   000FBF                     CCPR1H          equ	4031	;# 
   785   000FC0                     ADCON2          equ	4032	;# 
   786   000FC1                     ADCON1          equ	4033	;# 
   787   000FC2                     ADCON0          equ	4034	;# 
   788   000FC3                     ADRES           equ	4035	;# 
   789   000FC3                     ADRESL          equ	4035	;# 
   790   000FC4                     ADRESH          equ	4036	;# 
   791   000FC5                     SSPCON2         equ	4037	;# 
   792   000FC6                     SSPCON1         equ	4038	;# 
   793   000FC7                     SSPSTAT         equ	4039	;# 
   794   000FC8                     SSPADD          equ	4040	;# 
   795   000FC9                     SSPBUF          equ	4041	;# 
   796   000FCA                     T2CON           equ	4042	;# 
   797   000FCB                     PR2             equ	4043	;# 
   798   000FCB                     MEMCON          equ	4043	;# 
   799   000FCC                     TMR2            equ	4044	;# 
   800   000FCD                     T1CON           equ	4045	;# 
   801   000FCE                     TMR1            equ	4046	;# 
   802   000FCE                     TMR1L           equ	4046	;# 
   803   000FCF                     TMR1H           equ	4047	;# 
   804   000FD0                     RCON            equ	4048	;# 
   805   000FD1                     WDTCON          equ	4049	;# 
   806   000FD2                     HLVDCON         equ	4050	;# 
   807   000FD2                     LVDCON          equ	4050	;# 
   808   000FD3                     OSCCON          equ	4051	;# 
   809   000FD5                     T0CON           equ	4053	;# 
   810   000FD6                     TMR0            equ	4054	;# 
   811   000FD6                     TMR0L           equ	4054	;# 
   812   000FD7                     TMR0H           equ	4055	;# 
   813   000FD8                     STATUS          equ	4056	;# 
   814   000FD9                     FSR2            equ	4057	;# 
   815   000FD9                     FSR2L           equ	4057	;# 
   816   000FDA                     FSR2H           equ	4058	;# 
   817   000FDB                     PLUSW2          equ	4059	;# 
   818   000FDC                     PREINC2         equ	4060	;# 
   819   000FDD                     POSTDEC2        equ	4061	;# 
   820   000FDE                     POSTINC2        equ	4062	;# 
   821   000FDF                     INDF2           equ	4063	;# 
   822   000FE0                     BSR             equ	4064	;# 
   823   000FE1                     FSR1            equ	4065	;# 
   824   000FE1                     FSR1L           equ	4065	;# 
   825   000FE2                     FSR1H           equ	4066	;# 
   826   000FE3                     PLUSW1          equ	4067	;# 
   827   000FE4                     PREINC1         equ	4068	;# 
   828   000FE5                     POSTDEC1        equ	4069	;# 
   829   000FE6                     POSTINC1        equ	4070	;# 
   830   000FE7                     INDF1           equ	4071	;# 
   831   000FE8                     WREG            equ	4072	;# 
   832   000FE9                     FSR0            equ	4073	;# 
   833   000FE9                     FSR0L           equ	4073	;# 
   834   000FEA                     FSR0H           equ	4074	;# 
   835   000FEB                     PLUSW0          equ	4075	;# 
   836   000FEC                     PREINC0         equ	4076	;# 
   837   000FED                     POSTDEC0        equ	4077	;# 
   838   000FEE                     POSTINC0        equ	4078	;# 
   839   000FEF                     INDF0           equ	4079	;# 
   840   000FF0                     INTCON3         equ	4080	;# 
   841   000FF1                     INTCON2         equ	4081	;# 
   842   000FF2                     INTCON          equ	4082	;# 
   843   000FF3                     PROD            equ	4083	;# 
   844   000FF3                     PRODL           equ	4083	;# 
   845   000FF4                     PRODH           equ	4084	;# 
   846   000FF5                     TABLAT          equ	4085	;# 
   847   000FF6                     TBLPTR          equ	4086	;# 
   848   000FF6                     TBLPTRL         equ	4086	;# 
   849   000FF7                     TBLPTRH         equ	4087	;# 
   850   000FF8                     TBLPTRU         equ	4088	;# 
   851   000FF9                     PCLAT           equ	4089	;# 
   852   000FF9                     PC              equ	4089	;# 
   853   000FF9                     PCL             equ	4089	;# 
   854   000FFA                     PCLATH          equ	4090	;# 
   855   000FFB                     PCLATU          equ	4091	;# 
   856   000FFC                     STKPTR          equ	4092	;# 
   857   000FFD                     TOS             equ	4093	;# 
   858   000FFD                     TOSL            equ	4093	;# 
   859   000FFE                     TOSH            equ	4094	;# 
   860   000FFF                     TOSU            equ	4095	;# 
   861   000F77                     SSPMSK          equ	3959	;# 
   862   000F78                     SLRCON          equ	3960	;# 
   863   000F79                     CM2CON1         equ	3961	;# 
   864   000F7A                     CM2CON0         equ	3962	;# 
   865   000F7B                     CM1CON0         equ	3963	;# 
   866   000F7C                     WPUB            equ	3964	;# 
   867   000F7D                     IOCB            equ	3965	;# 
   868   000F7E                     ANSEL           equ	3966	;# 
   869   000F7F                     ANSELH          equ	3967	;# 
   870   000F80                     PORTA           equ	3968	;# 
   871   000F81                     PORTB           equ	3969	;# 
   872   000F82                     PORTC           equ	3970	;# 
   873   000F83                     PORTD           equ	3971	;# 
   874   000F84                     PORTE           equ	3972	;# 
   875   000F89                     LATA            equ	3977	;# 
   876   000F8A                     LATB            equ	3978	;# 
   877   000F8B                     LATC            equ	3979	;# 
   878   000F8C                     LATD            equ	3980	;# 
   879   000F8D                     LATE            equ	3981	;# 
   880   000F92                     TRISA           equ	3986	;# 
   881   000F92                     DDRA            equ	3986	;# 
   882   000F93                     TRISB           equ	3987	;# 
   883   000F93                     DDRB            equ	3987	;# 
   884   000F94                     TRISC           equ	3988	;# 
   885   000F94                     DDRC            equ	3988	;# 
   886   000F95                     TRISD           equ	3989	;# 
   887   000F95                     DDRD            equ	3989	;# 
   888   000F96                     TRISE           equ	3990	;# 
   889   000F96                     DDRE            equ	3990	;# 
   890   000F9B                     OSCTUNE         equ	3995	;# 
   891   000F9D                     PIE1            equ	3997	;# 
   892   000F9E                     PIR1            equ	3998	;# 
   893   000F9F                     IPR1            equ	3999	;# 
   894   000FA0                     PIE2            equ	4000	;# 
   895   000FA1                     PIR2            equ	4001	;# 
   896   000FA2                     IPR2            equ	4002	;# 
   897   000FA6                     EECON1          equ	4006	;# 
   898   000FA7                     EECON2          equ	4007	;# 
   899   000FA8                     EEDATA          equ	4008	;# 
   900   000FA9                     EEADR           equ	4009	;# 
   901   000FAA                     EEADRH          equ	4010	;# 
   902   000FAB                     RCSTA           equ	4011	;# 
   903   000FAB                     RCSTA1          equ	4011	;# 
   904   000FAC                     TXSTA           equ	4012	;# 
   905   000FAC                     TXSTA1          equ	4012	;# 
   906   000FAD                     TXREG           equ	4013	;# 
   907   000FAD                     TXREG1          equ	4013	;# 
   908   000FAE                     RCREG           equ	4014	;# 
   909   000FAE                     RCREG1          equ	4014	;# 
   910   000FAF                     SPBRG           equ	4015	;# 
   911   000FAF                     SPBRG1          equ	4015	;# 
   912   000FB0                     SPBRGH          equ	4016	;# 
   913   000FB1                     T3CON           equ	4017	;# 
   914   000FB2                     TMR3            equ	4018	;# 
   915   000FB2                     TMR3L           equ	4018	;# 
   916   000FB3                     TMR3H           equ	4019	;# 
   917   000FB4                     CVRCON2         equ	4020	;# 
   918   000FB5                     CVRCON          equ	4021	;# 
   919   000FB6                     ECCP1AS         equ	4022	;# 
   920   000FB7                     PWM1CON         equ	4023	;# 
   921   000FB8                     BAUDCON         equ	4024	;# 
   922   000FB8                     BAUDCTL         equ	4024	;# 
   923   000FB9                     PSTRCON         equ	4025	;# 
   924   000FBA                     CCP2CON         equ	4026	;# 
   925   000FBB                     CCPR2           equ	4027	;# 
   926   000FBB                     CCPR2L          equ	4027	;# 
   927   000FBC                     CCPR2H          equ	4028	;# 
   928   000FBD                     CCP1CON         equ	4029	;# 
   929   000FBE                     CCPR1           equ	4030	;# 
   930   000FBE                     CCPR1L          equ	4030	;# 
   931   000FBF                     CCPR1H          equ	4031	;# 
   932   000FC0                     ADCON2          equ	4032	;# 
   933   000FC1                     ADCON1          equ	4033	;# 
   934   000FC2                     ADCON0          equ	4034	;# 
   935   000FC3                     ADRES           equ	4035	;# 
   936   000FC3                     ADRESL          equ	4035	;# 
   937   000FC4                     ADRESH          equ	4036	;# 
   938   000FC5                     SSPCON2         equ	4037	;# 
   939   000FC6                     SSPCON1         equ	4038	;# 
   940   000FC7                     SSPSTAT         equ	4039	;# 
   941   000FC8                     SSPADD          equ	4040	;# 
   942   000FC9                     SSPBUF          equ	4041	;# 
   943   000FCA                     T2CON           equ	4042	;# 
   944   000FCB                     PR2             equ	4043	;# 
   945   000FCB                     MEMCON          equ	4043	;# 
   946   000FCC                     TMR2            equ	4044	;# 
   947   000FCD                     T1CON           equ	4045	;# 
   948   000FCE                     TMR1            equ	4046	;# 
   949   000FCE                     TMR1L           equ	4046	;# 
   950   000FCF                     TMR1H           equ	4047	;# 
   951   000FD0                     RCON            equ	4048	;# 
   952   000FD1                     WDTCON          equ	4049	;# 
   953   000FD2                     HLVDCON         equ	4050	;# 
   954   000FD2                     LVDCON          equ	4050	;# 
   955   000FD3                     OSCCON          equ	4051	;# 
   956   000FD5                     T0CON           equ	4053	;# 
   957   000FD6                     TMR0            equ	4054	;# 
   958   000FD6                     TMR0L           equ	4054	;# 
   959   000FD7                     TMR0H           equ	4055	;# 
   960   000FD8                     STATUS          equ	4056	;# 
   961   000FD9                     FSR2            equ	4057	;# 
   962   000FD9                     FSR2L           equ	4057	;# 
   963   000FDA                     FSR2H           equ	4058	;# 
   964   000FDB                     PLUSW2          equ	4059	;# 
   965   000FDC                     PREINC2         equ	4060	;# 
   966   000FDD                     POSTDEC2        equ	4061	;# 
   967   000FDE                     POSTINC2        equ	4062	;# 
   968   000FDF                     INDF2           equ	4063	;# 
   969   000FE0                     BSR             equ	4064	;# 
   970   000FE1                     FSR1            equ	4065	;# 
   971   000FE1                     FSR1L           equ	4065	;# 
   972   000FE2                     FSR1H           equ	4066	;# 
   973   000FE3                     PLUSW1          equ	4067	;# 
   974   000FE4                     PREINC1         equ	4068	;# 
   975   000FE5                     POSTDEC1        equ	4069	;# 
   976   000FE6                     POSTINC1        equ	4070	;# 
   977   000FE7                     INDF1           equ	4071	;# 
   978   000FE8                     WREG            equ	4072	;# 
   979   000FE9                     FSR0            equ	4073	;# 
   980   000FE9                     FSR0L           equ	4073	;# 
   981   000FEA                     FSR0H           equ	4074	;# 
   982   000FEB                     PLUSW0          equ	4075	;# 
   983   000FEC                     PREINC0         equ	4076	;# 
   984   000FED                     POSTDEC0        equ	4077	;# 
   985   000FEE                     POSTINC0        equ	4078	;# 
   986   000FEF                     INDF0           equ	4079	;# 
   987   000FF0                     INTCON3         equ	4080	;# 
   988   000FF1                     INTCON2         equ	4081	;# 
   989   000FF2                     INTCON          equ	4082	;# 
   990   000FF3                     PROD            equ	4083	;# 
   991   000FF3                     PRODL           equ	4083	;# 
   992   000FF4                     PRODH           equ	4084	;# 
   993   000FF5                     TABLAT          equ	4085	;# 
   994   000FF6                     TBLPTR          equ	4086	;# 
   995   000FF6                     TBLPTRL         equ	4086	;# 
   996   000FF7                     TBLPTRH         equ	4087	;# 
   997   000FF8                     TBLPTRU         equ	4088	;# 
   998   000FF9                     PCLAT           equ	4089	;# 
   999   000FF9                     PC              equ	4089	;# 
  1000   000FF9                     PCL             equ	4089	;# 
  1001   000FFA                     PCLATH          equ	4090	;# 
  1002   000FFB                     PCLATU          equ	4091	;# 
  1003   000FFC                     STKPTR          equ	4092	;# 
  1004   000FFD                     TOS             equ	4093	;# 
  1005   000FFD                     TOSL            equ	4093	;# 
  1006   000FFE                     TOSH            equ	4094	;# 
  1007   000FFF                     TOSU            equ	4095	;# 
  1008   000F77                     SSPMSK          equ	3959	;# 
  1009   000F78                     SLRCON          equ	3960	;# 
  1010   000F79                     CM2CON1         equ	3961	;# 
  1011   000F7A                     CM2CON0         equ	3962	;# 
  1012   000F7B                     CM1CON0         equ	3963	;# 
  1013   000F7C                     WPUB            equ	3964	;# 
  1014   000F7D                     IOCB            equ	3965	;# 
  1015   000F7E                     ANSEL           equ	3966	;# 
  1016   000F7F                     ANSELH          equ	3967	;# 
  1017   000F80                     PORTA           equ	3968	;# 
  1018   000F81                     PORTB           equ	3969	;# 
  1019   000F82                     PORTC           equ	3970	;# 
  1020   000F83                     PORTD           equ	3971	;# 
  1021   000F84                     PORTE           equ	3972	;# 
  1022   000F89                     LATA            equ	3977	;# 
  1023   000F8A                     LATB            equ	3978	;# 
  1024   000F8B                     LATC            equ	3979	;# 
  1025   000F8C                     LATD            equ	3980	;# 
  1026   000F8D                     LATE            equ	3981	;# 
  1027   000F92                     TRISA           equ	3986	;# 
  1028   000F92                     DDRA            equ	3986	;# 
  1029   000F93                     TRISB           equ	3987	;# 
  1030   000F93                     DDRB            equ	3987	;# 
  1031   000F94                     TRISC           equ	3988	;# 
  1032   000F94                     DDRC            equ	3988	;# 
  1033   000F95                     TRISD           equ	3989	;# 
  1034   000F95                     DDRD            equ	3989	;# 
  1035   000F96                     TRISE           equ	3990	;# 
  1036   000F96                     DDRE            equ	3990	;# 
  1037   000F9B                     OSCTUNE         equ	3995	;# 
  1038   000F9D                     PIE1            equ	3997	;# 
  1039   000F9E                     PIR1            equ	3998	;# 
  1040   000F9F                     IPR1            equ	3999	;# 
  1041   000FA0                     PIE2            equ	4000	;# 
  1042   000FA1                     PIR2            equ	4001	;# 
  1043   000FA2                     IPR2            equ	4002	;# 
  1044   000FA6                     EECON1          equ	4006	;# 
  1045   000FA7                     EECON2          equ	4007	;# 
  1046   000FA8                     EEDATA          equ	4008	;# 
  1047   000FA9                     EEADR           equ	4009	;# 
  1048   000FAA                     EEADRH          equ	4010	;# 
  1049   000FAB                     RCSTA           equ	4011	;# 
  1050   000FAB                     RCSTA1          equ	4011	;# 
  1051   000FAC                     TXSTA           equ	4012	;# 
  1052   000FAC                     TXSTA1          equ	4012	;# 
  1053   000FAD                     TXREG           equ	4013	;# 
  1054   000FAD                     TXREG1          equ	4013	;# 
  1055   000FAE                     RCREG           equ	4014	;# 
  1056   000FAE                     RCREG1          equ	4014	;# 
  1057   000FAF                     SPBRG           equ	4015	;# 
  1058   000FAF                     SPBRG1          equ	4015	;# 
  1059   000FB0                     SPBRGH          equ	4016	;# 
  1060   000FB1                     T3CON           equ	4017	;# 
  1061   000FB2                     TMR3            equ	4018	;# 
  1062   000FB2                     TMR3L           equ	4018	;# 
  1063   000FB3                     TMR3H           equ	4019	;# 
  1064   000FB4                     CVRCON2         equ	4020	;# 
  1065   000FB5                     CVRCON          equ	4021	;# 
  1066   000FB6                     ECCP1AS         equ	4022	;# 
  1067   000FB7                     PWM1CON         equ	4023	;# 
  1068   000FB8                     BAUDCON         equ	4024	;# 
  1069   000FB8                     BAUDCTL         equ	4024	;# 
  1070   000FB9                     PSTRCON         equ	4025	;# 
  1071   000FBA                     CCP2CON         equ	4026	;# 
  1072   000FBB                     CCPR2           equ	4027	;# 
  1073   000FBB                     CCPR2L          equ	4027	;# 
  1074   000FBC                     CCPR2H          equ	4028	;# 
  1075   000FBD                     CCP1CON         equ	4029	;# 
  1076   000FBE                     CCPR1           equ	4030	;# 
  1077   000FBE                     CCPR1L          equ	4030	;# 
  1078   000FBF                     CCPR1H          equ	4031	;# 
  1079   000FC0                     ADCON2          equ	4032	;# 
  1080   000FC1                     ADCON1          equ	4033	;# 
  1081   000FC2                     ADCON0          equ	4034	;# 
  1082   000FC3                     ADRES           equ	4035	;# 
  1083   000FC3                     ADRESL          equ	4035	;# 
  1084   000FC4                     ADRESH          equ	4036	;# 
  1085   000FC5                     SSPCON2         equ	4037	;# 
  1086   000FC6                     SSPCON1         equ	4038	;# 
  1087   000FC7                     SSPSTAT         equ	4039	;# 
  1088   000FC8                     SSPADD          equ	4040	;# 
  1089   000FC9                     SSPBUF          equ	4041	;# 
  1090   000FCA                     T2CON           equ	4042	;# 
  1091   000FCB                     PR2             equ	4043	;# 
  1092   000FCB                     MEMCON          equ	4043	;# 
  1093   000FCC                     TMR2            equ	4044	;# 
  1094   000FCD                     T1CON           equ	4045	;# 
  1095   000FCE                     TMR1            equ	4046	;# 
  1096   000FCE                     TMR1L           equ	4046	;# 
  1097   000FCF                     TMR1H           equ	4047	;# 
  1098   000FD0                     RCON            equ	4048	;# 
  1099   000FD1                     WDTCON          equ	4049	;# 
  1100   000FD2                     HLVDCON         equ	4050	;# 
  1101   000FD2                     LVDCON          equ	4050	;# 
  1102   000FD3                     OSCCON          equ	4051	;# 
  1103   000FD5                     T0CON           equ	4053	;# 
  1104   000FD6                     TMR0            equ	4054	;# 
  1105   000FD6                     TMR0L           equ	4054	;# 
  1106   000FD7                     TMR0H           equ	4055	;# 
  1107   000FD8                     STATUS          equ	4056	;# 
  1108   000FD9                     FSR2            equ	4057	;# 
  1109   000FD9                     FSR2L           equ	4057	;# 
  1110   000FDA                     FSR2H           equ	4058	;# 
  1111   000FDB                     PLUSW2          equ	4059	;# 
  1112   000FDC                     PREINC2         equ	4060	;# 
  1113   000FDD                     POSTDEC2        equ	4061	;# 
  1114   000FDE                     POSTINC2        equ	4062	;# 
  1115   000FDF                     INDF2           equ	4063	;# 
  1116   000FE0                     BSR             equ	4064	;# 
  1117   000FE1                     FSR1            equ	4065	;# 
  1118   000FE1                     FSR1L           equ	4065	;# 
  1119   000FE2                     FSR1H           equ	4066	;# 
  1120   000FE3                     PLUSW1          equ	4067	;# 
  1121   000FE4                     PREINC1         equ	4068	;# 
  1122   000FE5                     POSTDEC1        equ	4069	;# 
  1123   000FE6                     POSTINC1        equ	4070	;# 
  1124   000FE7                     INDF1           equ	4071	;# 
  1125   000FE8                     WREG            equ	4072	;# 
  1126   000FE9                     FSR0            equ	4073	;# 
  1127   000FE9                     FSR0L           equ	4073	;# 
  1128   000FEA                     FSR0H           equ	4074	;# 
  1129   000FEB                     PLUSW0          equ	4075	;# 
  1130   000FEC                     PREINC0         equ	4076	;# 
  1131   000FED                     POSTDEC0        equ	4077	;# 
  1132   000FEE                     POSTINC0        equ	4078	;# 
  1133   000FEF                     INDF0           equ	4079	;# 
  1134   000FF0                     INTCON3         equ	4080	;# 
  1135   000FF1                     INTCON2         equ	4081	;# 
  1136   000FF2                     INTCON          equ	4082	;# 
  1137   000FF3                     PROD            equ	4083	;# 
  1138   000FF3                     PRODL           equ	4083	;# 
  1139   000FF4                     PRODH           equ	4084	;# 
  1140   000FF5                     TABLAT          equ	4085	;# 
  1141   000FF6                     TBLPTR          equ	4086	;# 
  1142   000FF6                     TBLPTRL         equ	4086	;# 
  1143   000FF7                     TBLPTRH         equ	4087	;# 
  1144   000FF8                     TBLPTRU         equ	4088	;# 
  1145   000FF9                     PCLAT           equ	4089	;# 
  1146   000FF9                     PC              equ	4089	;# 
  1147   000FF9                     PCL             equ	4089	;# 
  1148   000FFA                     PCLATH          equ	4090	;# 
  1149   000FFB                     PCLATU          equ	4091	;# 
  1150   000FFC                     STKPTR          equ	4092	;# 
  1151   000FFD                     TOS             equ	4093	;# 
  1152   000FFD                     TOSL            equ	4093	;# 
  1153   000FFE                     TOSH            equ	4094	;# 
  1154   000FFF                     TOSU            equ	4095	;# 
  1155   000F77                     SSPMSK          equ	3959	;# 
  1156   000F78                     SLRCON          equ	3960	;# 
  1157   000F79                     CM2CON1         equ	3961	;# 
  1158   000F7A                     CM2CON0         equ	3962	;# 
  1159   000F7B                     CM1CON0         equ	3963	;# 
  1160   000F7C                     WPUB            equ	3964	;# 
  1161   000F7D                     IOCB            equ	3965	;# 
  1162   000F7E                     ANSEL           equ	3966	;# 
  1163   000F7F                     ANSELH          equ	3967	;# 
  1164   000F80                     PORTA           equ	3968	;# 
  1165   000F81                     PORTB           equ	3969	;# 
  1166   000F82                     PORTC           equ	3970	;# 
  1167   000F83                     PORTD           equ	3971	;# 
  1168   000F84                     PORTE           equ	3972	;# 
  1169   000F89                     LATA            equ	3977	;# 
  1170   000F8A                     LATB            equ	3978	;# 
  1171   000F8B                     LATC            equ	3979	;# 
  1172   000F8C                     LATD            equ	3980	;# 
  1173   000F8D                     LATE            equ	3981	;# 
  1174   000F92                     TRISA           equ	3986	;# 
  1175   000F92                     DDRA            equ	3986	;# 
  1176   000F93                     TRISB           equ	3987	;# 
  1177   000F93                     DDRB            equ	3987	;# 
  1178   000F94                     TRISC           equ	3988	;# 
  1179   000F94                     DDRC            equ	3988	;# 
  1180   000F95                     TRISD           equ	3989	;# 
  1181   000F95                     DDRD            equ	3989	;# 
  1182   000F96                     TRISE           equ	3990	;# 
  1183   000F96                     DDRE            equ	3990	;# 
  1184   000F9B                     OSCTUNE         equ	3995	;# 
  1185   000F9D                     PIE1            equ	3997	;# 
  1186   000F9E                     PIR1            equ	3998	;# 
  1187   000F9F                     IPR1            equ	3999	;# 
  1188   000FA0                     PIE2            equ	4000	;# 
  1189   000FA1                     PIR2            equ	4001	;# 
  1190   000FA2                     IPR2            equ	4002	;# 
  1191   000FA6                     EECON1          equ	4006	;# 
  1192   000FA7                     EECON2          equ	4007	;# 
  1193   000FA8                     EEDATA          equ	4008	;# 
  1194   000FA9                     EEADR           equ	4009	;# 
  1195   000FAA                     EEADRH          equ	4010	;# 
  1196   000FAB                     RCSTA           equ	4011	;# 
  1197   000FAB                     RCSTA1          equ	4011	;# 
  1198   000FAC                     TXSTA           equ	4012	;# 
  1199   000FAC                     TXSTA1          equ	4012	;# 
  1200   000FAD                     TXREG           equ	4013	;# 
  1201   000FAD                     TXREG1          equ	4013	;# 
  1202   000FAE                     RCREG           equ	4014	;# 
  1203   000FAE                     RCREG1          equ	4014	;# 
  1204   000FAF                     SPBRG           equ	4015	;# 
  1205   000FAF                     SPBRG1          equ	4015	;# 
  1206   000FB0                     SPBRGH          equ	4016	;# 
  1207   000FB1                     T3CON           equ	4017	;# 
  1208   000FB2                     TMR3            equ	4018	;# 
  1209   000FB2                     TMR3L           equ	4018	;# 
  1210   000FB3                     TMR3H           equ	4019	;# 
  1211   000FB4                     CVRCON2         equ	4020	;# 
  1212   000FB5                     CVRCON          equ	4021	;# 
  1213   000FB6                     ECCP1AS         equ	4022	;# 
  1214   000FB7                     PWM1CON         equ	4023	;# 
  1215   000FB8                     BAUDCON         equ	4024	;# 
  1216   000FB8                     BAUDCTL         equ	4024	;# 
  1217   000FB9                     PSTRCON         equ	4025	;# 
  1218   000FBA                     CCP2CON         equ	4026	;# 
  1219   000FBB                     CCPR2           equ	4027	;# 
  1220   000FBB                     CCPR2L          equ	4027	;# 
  1221   000FBC                     CCPR2H          equ	4028	;# 
  1222   000FBD                     CCP1CON         equ	4029	;# 
  1223   000FBE                     CCPR1           equ	4030	;# 
  1224   000FBE                     CCPR1L          equ	4030	;# 
  1225   000FBF                     CCPR1H          equ	4031	;# 
  1226   000FC0                     ADCON2          equ	4032	;# 
  1227   000FC1                     ADCON1          equ	4033	;# 
  1228   000FC2                     ADCON0          equ	4034	;# 
  1229   000FC3                     ADRES           equ	4035	;# 
  1230   000FC3                     ADRESL          equ	4035	;# 
  1231   000FC4                     ADRESH          equ	4036	;# 
  1232   000FC5                     SSPCON2         equ	4037	;# 
  1233   000FC6                     SSPCON1         equ	4038	;# 
  1234   000FC7                     SSPSTAT         equ	4039	;# 
  1235   000FC8                     SSPADD          equ	4040	;# 
  1236   000FC9                     SSPBUF          equ	4041	;# 
  1237   000FCA                     T2CON           equ	4042	;# 
  1238   000FCB                     PR2             equ	4043	;# 
  1239   000FCB                     MEMCON          equ	4043	;# 
  1240   000FCC                     TMR2            equ	4044	;# 
  1241   000FCD                     T1CON           equ	4045	;# 
  1242   000FCE                     TMR1            equ	4046	;# 
  1243   000FCE                     TMR1L           equ	4046	;# 
  1244   000FCF                     TMR1H           equ	4047	;# 
  1245   000FD0                     RCON            equ	4048	;# 
  1246   000FD1                     WDTCON          equ	4049	;# 
  1247   000FD2                     HLVDCON         equ	4050	;# 
  1248   000FD2                     LVDCON          equ	4050	;# 
  1249   000FD3                     OSCCON          equ	4051	;# 
  1250   000FD5                     T0CON           equ	4053	;# 
  1251   000FD6                     TMR0            equ	4054	;# 
  1252   000FD6                     TMR0L           equ	4054	;# 
  1253   000FD7                     TMR0H           equ	4055	;# 
  1254   000FD8                     STATUS          equ	4056	;# 
  1255   000FD9                     FSR2            equ	4057	;# 
  1256   000FD9                     FSR2L           equ	4057	;# 
  1257   000FDA                     FSR2H           equ	4058	;# 
  1258   000FDB                     PLUSW2          equ	4059	;# 
  1259   000FDC                     PREINC2         equ	4060	;# 
  1260   000FDD                     POSTDEC2        equ	4061	;# 
  1261   000FDE                     POSTINC2        equ	4062	;# 
  1262   000FDF                     INDF2           equ	4063	;# 
  1263   000FE0                     BSR             equ	4064	;# 
  1264   000FE1                     FSR1            equ	4065	;# 
  1265   000FE1                     FSR1L           equ	4065	;# 
  1266   000FE2                     FSR1H           equ	4066	;# 
  1267   000FE3                     PLUSW1          equ	4067	;# 
  1268   000FE4                     PREINC1         equ	4068	;# 
  1269   000FE5                     POSTDEC1        equ	4069	;# 
  1270   000FE6                     POSTINC1        equ	4070	;# 
  1271   000FE7                     INDF1           equ	4071	;# 
  1272   000FE8                     WREG            equ	4072	;# 
  1273   000FE9                     FSR0            equ	4073	;# 
  1274   000FE9                     FSR0L           equ	4073	;# 
  1275   000FEA                     FSR0H           equ	4074	;# 
  1276   000FEB                     PLUSW0          equ	4075	;# 
  1277   000FEC                     PREINC0         equ	4076	;# 
  1278   000FED                     POSTDEC0        equ	4077	;# 
  1279   000FEE                     POSTINC0        equ	4078	;# 
  1280   000FEF                     INDF0           equ	4079	;# 
  1281   000FF0                     INTCON3         equ	4080	;# 
  1282   000FF1                     INTCON2         equ	4081	;# 
  1283   000FF2                     INTCON          equ	4082	;# 
  1284   000FF3                     PROD            equ	4083	;# 
  1285   000FF3                     PRODL           equ	4083	;# 
  1286   000FF4                     PRODH           equ	4084	;# 
  1287   000FF5                     TABLAT          equ	4085	;# 
  1288   000FF6                     TBLPTR          equ	4086	;# 
  1289   000FF6                     TBLPTRL         equ	4086	;# 
  1290   000FF7                     TBLPTRH         equ	4087	;# 
  1291   000FF8                     TBLPTRU         equ	4088	;# 
  1292   000FF9                     PCLAT           equ	4089	;# 
  1293   000FF9                     PC              equ	4089	;# 
  1294   000FF9                     PCL             equ	4089	;# 
  1295   000FFA                     PCLATH          equ	4090	;# 
  1296   000FFB                     PCLATU          equ	4091	;# 
  1297   000FFC                     STKPTR          equ	4092	;# 
  1298   000FFD                     TOS             equ	4093	;# 
  1299   000FFD                     TOSL            equ	4093	;# 
  1300   000FFE                     TOSH            equ	4094	;# 
  1301   000FFF                     TOSU            equ	4095	;# 
  1302   000F77                     SSPMSK          equ	3959	;# 
  1303   000F78                     SLRCON          equ	3960	;# 
  1304   000F79                     CM2CON1         equ	3961	;# 
  1305   000F7A                     CM2CON0         equ	3962	;# 
  1306   000F7B                     CM1CON0         equ	3963	;# 
  1307   000F7C                     WPUB            equ	3964	;# 
  1308   000F7D                     IOCB            equ	3965	;# 
  1309   000F7E                     ANSEL           equ	3966	;# 
  1310   000F7F                     ANSELH          equ	3967	;# 
  1311   000F80                     PORTA           equ	3968	;# 
  1312   000F81                     PORTB           equ	3969	;# 
  1313   000F82                     PORTC           equ	3970	;# 
  1314   000F83                     PORTD           equ	3971	;# 
  1315   000F84                     PORTE           equ	3972	;# 
  1316   000F89                     LATA            equ	3977	;# 
  1317   000F8A                     LATB            equ	3978	;# 
  1318   000F8B                     LATC            equ	3979	;# 
  1319   000F8C                     LATD            equ	3980	;# 
  1320   000F8D                     LATE            equ	3981	;# 
  1321   000F92                     TRISA           equ	3986	;# 
  1322   000F92                     DDRA            equ	3986	;# 
  1323   000F93                     TRISB           equ	3987	;# 
  1324   000F93                     DDRB            equ	3987	;# 
  1325   000F94                     TRISC           equ	3988	;# 
  1326   000F94                     DDRC            equ	3988	;# 
  1327   000F95                     TRISD           equ	3989	;# 
  1328   000F95                     DDRD            equ	3989	;# 
  1329   000F96                     TRISE           equ	3990	;# 
  1330   000F96                     DDRE            equ	3990	;# 
  1331   000F9B                     OSCTUNE         equ	3995	;# 
  1332   000F9D                     PIE1            equ	3997	;# 
  1333   000F9E                     PIR1            equ	3998	;# 
  1334   000F9F                     IPR1            equ	3999	;# 
  1335   000FA0                     PIE2            equ	4000	;# 
  1336   000FA1                     PIR2            equ	4001	;# 
  1337   000FA2                     IPR2            equ	4002	;# 
  1338   000FA6                     EECON1          equ	4006	;# 
  1339   000FA7                     EECON2          equ	4007	;# 
  1340   000FA8                     EEDATA          equ	4008	;# 
  1341   000FA9                     EEADR           equ	4009	;# 
  1342   000FAA                     EEADRH          equ	4010	;# 
  1343   000FAB                     RCSTA           equ	4011	;# 
  1344   000FAB                     RCSTA1          equ	4011	;# 
  1345   000FAC                     TXSTA           equ	4012	;# 
  1346   000FAC                     TXSTA1          equ	4012	;# 
  1347   000FAD                     TXREG           equ	4013	;# 
  1348   000FAD                     TXREG1          equ	4013	;# 
  1349   000FAE                     RCREG           equ	4014	;# 
  1350   000FAE                     RCREG1          equ	4014	;# 
  1351   000FAF                     SPBRG           equ	4015	;# 
  1352   000FAF                     SPBRG1          equ	4015	;# 
  1353   000FB0                     SPBRGH          equ	4016	;# 
  1354   000FB1                     T3CON           equ	4017	;# 
  1355   000FB2                     TMR3            equ	4018	;# 
  1356   000FB2                     TMR3L           equ	4018	;# 
  1357   000FB3                     TMR3H           equ	4019	;# 
  1358   000FB4                     CVRCON2         equ	4020	;# 
  1359   000FB5                     CVRCON          equ	4021	;# 
  1360   000FB6                     ECCP1AS         equ	4022	;# 
  1361   000FB7                     PWM1CON         equ	4023	;# 
  1362   000FB8                     BAUDCON         equ	4024	;# 
  1363   000FB8                     BAUDCTL         equ	4024	;# 
  1364   000FB9                     PSTRCON         equ	4025	;# 
  1365   000FBA                     CCP2CON         equ	4026	;# 
  1366   000FBB                     CCPR2           equ	4027	;# 
  1367   000FBB                     CCPR2L          equ	4027	;# 
  1368   000FBC                     CCPR2H          equ	4028	;# 
  1369   000FBD                     CCP1CON         equ	4029	;# 
  1370   000FBE                     CCPR1           equ	4030	;# 
  1371   000FBE                     CCPR1L          equ	4030	;# 
  1372   000FBF                     CCPR1H          equ	4031	;# 
  1373   000FC0                     ADCON2          equ	4032	;# 
  1374   000FC1                     ADCON1          equ	4033	;# 
  1375   000FC2                     ADCON0          equ	4034	;# 
  1376   000FC3                     ADRES           equ	4035	;# 
  1377   000FC3                     ADRESL          equ	4035	;# 
  1378   000FC4                     ADRESH          equ	4036	;# 
  1379   000FC5                     SSPCON2         equ	4037	;# 
  1380   000FC6                     SSPCON1         equ	4038	;# 
  1381   000FC7                     SSPSTAT         equ	4039	;# 
  1382   000FC8                     SSPADD          equ	4040	;# 
  1383   000FC9                     SSPBUF          equ	4041	;# 
  1384   000FCA                     T2CON           equ	4042	;# 
  1385   000FCB                     PR2             equ	4043	;# 
  1386   000FCB                     MEMCON          equ	4043	;# 
  1387   000FCC                     TMR2            equ	4044	;# 
  1388   000FCD                     T1CON           equ	4045	;# 
  1389   000FCE                     TMR1            equ	4046	;# 
  1390   000FCE                     TMR1L           equ	4046	;# 
  1391   000FCF                     TMR1H           equ	4047	;# 
  1392   000FD0                     RCON            equ	4048	;# 
  1393   000FD1                     WDTCON          equ	4049	;# 
  1394   000FD2                     HLVDCON         equ	4050	;# 
  1395   000FD2                     LVDCON          equ	4050	;# 
  1396   000FD3                     OSCCON          equ	4051	;# 
  1397   000FD5                     T0CON           equ	4053	;# 
  1398   000FD6                     TMR0            equ	4054	;# 
  1399   000FD6                     TMR0L           equ	4054	;# 
  1400   000FD7                     TMR0H           equ	4055	;# 
  1401   000FD8                     STATUS          equ	4056	;# 
  1402   000FD9                     FSR2            equ	4057	;# 
  1403   000FD9                     FSR2L           equ	4057	;# 
  1404   000FDA                     FSR2H           equ	4058	;# 
  1405   000FDB                     PLUSW2          equ	4059	;# 
  1406   000FDC                     PREINC2         equ	4060	;# 
  1407   000FDD                     POSTDEC2        equ	4061	;# 
  1408   000FDE                     POSTINC2        equ	4062	;# 
  1409   000FDF                     INDF2           equ	4063	;# 
  1410   000FE0                     BSR             equ	4064	;# 
  1411   000FE1                     FSR1            equ	4065	;# 
  1412   000FE1                     FSR1L           equ	4065	;# 
  1413   000FE2                     FSR1H           equ	4066	;# 
  1414   000FE3                     PLUSW1          equ	4067	;# 
  1415   000FE4                     PREINC1         equ	4068	;# 
  1416   000FE5                     POSTDEC1        equ	4069	;# 
  1417   000FE6                     POSTINC1        equ	4070	;# 
  1418   000FE7                     INDF1           equ	4071	;# 
  1419   000FE8                     WREG            equ	4072	;# 
  1420   000FE9                     FSR0            equ	4073	;# 
  1421   000FE9                     FSR0L           equ	4073	;# 
  1422   000FEA                     FSR0H           equ	4074	;# 
  1423   000FEB                     PLUSW0          equ	4075	;# 
  1424   000FEC                     PREINC0         equ	4076	;# 
  1425   000FED                     POSTDEC0        equ	4077	;# 
  1426   000FEE                     POSTINC0        equ	4078	;# 
  1427   000FEF                     INDF0           equ	4079	;# 
  1428   000FF0                     INTCON3         equ	4080	;# 
  1429   000FF1                     INTCON2         equ	4081	;# 
  1430   000FF2                     INTCON          equ	4082	;# 
  1431   000FF3                     PROD            equ	4083	;# 
  1432   000FF3                     PRODL           equ	4083	;# 
  1433   000FF4                     PRODH           equ	4084	;# 
  1434   000FF5                     TABLAT          equ	4085	;# 
  1435   000FF6                     TBLPTR          equ	4086	;# 
  1436   000FF6                     TBLPTRL         equ	4086	;# 
  1437   000FF7                     TBLPTRH         equ	4087	;# 
  1438   000FF8                     TBLPTRU         equ	4088	;# 
  1439   000FF9                     PCLAT           equ	4089	;# 
  1440   000FF9                     PC              equ	4089	;# 
  1441   000FF9                     PCL             equ	4089	;# 
  1442   000FFA                     PCLATH          equ	4090	;# 
  1443   000FFB                     PCLATU          equ	4091	;# 
  1444   000FFC                     STKPTR          equ	4092	;# 
  1445   000FFD                     TOS             equ	4093	;# 
  1446   000FFD                     TOSL            equ	4093	;# 
  1447   000FFE                     TOSH            equ	4094	;# 
  1448   000FFF                     TOSU            equ	4095	;# 
  1449   000F77                     SSPMSK          equ	3959	;# 
  1450   000F78                     SLRCON          equ	3960	;# 
  1451   000F79                     CM2CON1         equ	3961	;# 
  1452   000F7A                     CM2CON0         equ	3962	;# 
  1453   000F7B                     CM1CON0         equ	3963	;# 
  1454   000F7C                     WPUB            equ	3964	;# 
  1455   000F7D                     IOCB            equ	3965	;# 
  1456   000F7E                     ANSEL           equ	3966	;# 
  1457   000F7F                     ANSELH          equ	3967	;# 
  1458   000F80                     PORTA           equ	3968	;# 
  1459   000F81                     PORTB           equ	3969	;# 
  1460   000F82                     PORTC           equ	3970	;# 
  1461   000F83                     PORTD           equ	3971	;# 
  1462   000F84                     PORTE           equ	3972	;# 
  1463   000F89                     LATA            equ	3977	;# 
  1464   000F8A                     LATB            equ	3978	;# 
  1465   000F8B                     LATC            equ	3979	;# 
  1466   000F8C                     LATD            equ	3980	;# 
  1467   000F8D                     LATE            equ	3981	;# 
  1468   000F92                     TRISA           equ	3986	;# 
  1469   000F92                     DDRA            equ	3986	;# 
  1470   000F93                     TRISB           equ	3987	;# 
  1471   000F93                     DDRB            equ	3987	;# 
  1472   000F94                     TRISC           equ	3988	;# 
  1473   000F94                     DDRC            equ	3988	;# 
  1474   000F95                     TRISD           equ	3989	;# 
  1475   000F95                     DDRD            equ	3989	;# 
  1476   000F96                     TRISE           equ	3990	;# 
  1477   000F96                     DDRE            equ	3990	;# 
  1478   000F9B                     OSCTUNE         equ	3995	;# 
  1479   000F9D                     PIE1            equ	3997	;# 
  1480   000F9E                     PIR1            equ	3998	;# 
  1481   000F9F                     IPR1            equ	3999	;# 
  1482   000FA0                     PIE2            equ	4000	;# 
  1483   000FA1                     PIR2            equ	4001	;# 
  1484   000FA2                     IPR2            equ	4002	;# 
  1485   000FA6                     EECON1          equ	4006	;# 
  1486   000FA7                     EECON2          equ	4007	;# 
  1487   000FA8                     EEDATA          equ	4008	;# 
  1488   000FA9                     EEADR           equ	4009	;# 
  1489   000FAA                     EEADRH          equ	4010	;# 
  1490   000FAB                     RCSTA           equ	4011	;# 
  1491   000FAB                     RCSTA1          equ	4011	;# 
  1492   000FAC                     TXSTA           equ	4012	;# 
  1493   000FAC                     TXSTA1          equ	4012	;# 
  1494   000FAD                     TXREG           equ	4013	;# 
  1495   000FAD                     TXREG1          equ	4013	;# 
  1496   000FAE                     RCREG           equ	4014	;# 
  1497   000FAE                     RCREG1          equ	4014	;# 
  1498   000FAF                     SPBRG           equ	4015	;# 
  1499   000FAF                     SPBRG1          equ	4015	;# 
  1500   000FB0                     SPBRGH          equ	4016	;# 
  1501   000FB1                     T3CON           equ	4017	;# 
  1502   000FB2                     TMR3            equ	4018	;# 
  1503   000FB2                     TMR3L           equ	4018	;# 
  1504   000FB3                     TMR3H           equ	4019	;# 
  1505   000FB4                     CVRCON2         equ	4020	;# 
  1506   000FB5                     CVRCON          equ	4021	;# 
  1507   000FB6                     ECCP1AS         equ	4022	;# 
  1508   000FB7                     PWM1CON         equ	4023	;# 
  1509   000FB8                     BAUDCON         equ	4024	;# 
  1510   000FB8                     BAUDCTL         equ	4024	;# 
  1511   000FB9                     PSTRCON         equ	4025	;# 
  1512   000FBA                     CCP2CON         equ	4026	;# 
  1513   000FBB                     CCPR2           equ	4027	;# 
  1514   000FBB                     CCPR2L          equ	4027	;# 
  1515   000FBC                     CCPR2H          equ	4028	;# 
  1516   000FBD                     CCP1CON         equ	4029	;# 
  1517   000FBE                     CCPR1           equ	4030	;# 
  1518   000FBE                     CCPR1L          equ	4030	;# 
  1519   000FBF                     CCPR1H          equ	4031	;# 
  1520   000FC0                     ADCON2          equ	4032	;# 
  1521   000FC1                     ADCON1          equ	4033	;# 
  1522   000FC2                     ADCON0          equ	4034	;# 
  1523   000FC3                     ADRES           equ	4035	;# 
  1524   000FC3                     ADRESL          equ	4035	;# 
  1525   000FC4                     ADRESH          equ	4036	;# 
  1526   000FC5                     SSPCON2         equ	4037	;# 
  1527   000FC6                     SSPCON1         equ	4038	;# 
  1528   000FC7                     SSPSTAT         equ	4039	;# 
  1529   000FC8                     SSPADD          equ	4040	;# 
  1530   000FC9                     SSPBUF          equ	4041	;# 
  1531   000FCA                     T2CON           equ	4042	;# 
  1532   000FCB                     PR2             equ	4043	;# 
  1533   000FCB                     MEMCON          equ	4043	;# 
  1534   000FCC                     TMR2            equ	4044	;# 
  1535   000FCD                     T1CON           equ	4045	;# 
  1536   000FCE                     TMR1            equ	4046	;# 
  1537   000FCE                     TMR1L           equ	4046	;# 
  1538   000FCF                     TMR1H           equ	4047	;# 
  1539   000FD0                     RCON            equ	4048	;# 
  1540   000FD1                     WDTCON          equ	4049	;# 
  1541   000FD2                     HLVDCON         equ	4050	;# 
  1542   000FD2                     LVDCON          equ	4050	;# 
  1543   000FD3                     OSCCON          equ	4051	;# 
  1544   000FD5                     T0CON           equ	4053	;# 
  1545   000FD6                     TMR0            equ	4054	;# 
  1546   000FD6                     TMR0L           equ	4054	;# 
  1547   000FD7                     TMR0H           equ	4055	;# 
  1548   000FD8                     STATUS          equ	4056	;# 
  1549   000FD9                     FSR2            equ	4057	;# 
  1550   000FD9                     FSR2L           equ	4057	;# 
  1551   000FDA                     FSR2H           equ	4058	;# 
  1552   000FDB                     PLUSW2          equ	4059	;# 
  1553   000FDC                     PREINC2         equ	4060	;# 
  1554   000FDD                     POSTDEC2        equ	4061	;# 
  1555   000FDE                     POSTINC2        equ	4062	;# 
  1556   000FDF                     INDF2           equ	4063	;# 
  1557   000FE0                     BSR             equ	4064	;# 
  1558   000FE1                     FSR1            equ	4065	;# 
  1559   000FE1                     FSR1L           equ	4065	;# 
  1560   000FE2                     FSR1H           equ	4066	;# 
  1561   000FE3                     PLUSW1          equ	4067	;# 
  1562   000FE4                     PREINC1         equ	4068	;# 
  1563   000FE5                     POSTDEC1        equ	4069	;# 
  1564   000FE6                     POSTINC1        equ	4070	;# 
  1565   000FE7                     INDF1           equ	4071	;# 
  1566   000FE8                     WREG            equ	4072	;# 
  1567   000FE9                     FSR0            equ	4073	;# 
  1568   000FE9                     FSR0L           equ	4073	;# 
  1569   000FEA                     FSR0H           equ	4074	;# 
  1570   000FEB                     PLUSW0          equ	4075	;# 
  1571   000FEC                     PREINC0         equ	4076	;# 
  1572   000FED                     POSTDEC0        equ	4077	;# 
  1573   000FEE                     POSTINC0        equ	4078	;# 
  1574   000FEF                     INDF0           equ	4079	;# 
  1575   000FF0                     INTCON3         equ	4080	;# 
  1576   000FF1                     INTCON2         equ	4081	;# 
  1577   000FF2                     INTCON          equ	4082	;# 
  1578   000FF3                     PROD            equ	4083	;# 
  1579   000FF3                     PRODL           equ	4083	;# 
  1580   000FF4                     PRODH           equ	4084	;# 
  1581   000FF5                     TABLAT          equ	4085	;# 
  1582   000FF6                     TBLPTR          equ	4086	;# 
  1583   000FF6                     TBLPTRL         equ	4086	;# 
  1584   000FF7                     TBLPTRH         equ	4087	;# 
  1585   000FF8                     TBLPTRU         equ	4088	;# 
  1586   000FF9                     PCLAT           equ	4089	;# 
  1587   000FF9                     PC              equ	4089	;# 
  1588   000FF9                     PCL             equ	4089	;# 
  1589   000FFA                     PCLATH          equ	4090	;# 
  1590   000FFB                     PCLATU          equ	4091	;# 
  1591   000FFC                     STKPTR          equ	4092	;# 
  1592   000FFD                     TOS             equ	4093	;# 
  1593   000FFD                     TOSL            equ	4093	;# 
  1594   000FFE                     TOSH            equ	4094	;# 
  1595   000FFF                     TOSU            equ	4095	;# 
  1596                           
  1597 ;; Function _I2C1_Deinitialize is unused but had its address taken
  1598   000000                     _I2C1_Deinitialize equ	0
  1599                           
  1600 ;; Function _I2C1_ErrorGet is unused but had its address taken
  1601   000000                     _I2C1_ErrorGet  equ	0
  1602                           
  1603 ;; Function _I2C1_CallbackRegister is unused but had its address taken
  1604   000000                     _I2C1_CallbackRegister equ	0
  1605                           
  1606 ;; Function _INT0_DefaultInterruptHandler is unused but had its address taken
  1607   000000                     _INT0_DefaultInterruptHandler equ	0
  1608                           
  1609 ;; Function _INT1_DefaultInterruptHandler is unused but had its address taken
  1610   000000                     _INT1_DefaultInterruptHandler equ	0
  1611                           
  1612 ;; Function _INT2_DefaultInterruptHandler is unused but had its address taken
  1613   000000                     _INT2_DefaultInterruptHandler equ	0
  1614                           
  1615 ;; Function _EUSART_DefaultFramingErrorCallback is unused but had its address taken
  1616   000000                     _EUSART_DefaultFramingErrorCallback equ	0
  1617                           
  1618 ;; Function _EUSART_DefaultOverrunErrorCallback is unused but had its address taken
  1619   000000                     _EUSART_DefaultOverrunErrorCallback equ	0
  1620                           
  1621                           	psect	idataCOMRAM
  1622   001780                     __pidataCOMRAM:
  1623                           	callstack 0
  1624                           
  1625                           ;initializer for _DS1307_Reg
  1626   001780  00                 	db	0
  1627   001781  01                 	db	1
  1628   001782  02                 	db	2
  1629   001783  04                 	db	4
  1630   001784  05                 	db	5
  1631   001785  06                 	db	6
  1632                           
  1633                           	psect	smallconst
  1634   001000                     __psmallconst:
  1635                           	callstack 0
  1636   001000  00                 	db	0
  1637   001001                     _I2C1_Host:
  1638                           	callstack 0
  1639   001001  F2                 	db	low _I2C1_Initialize
  1640   001002  16                 	db	high _I2C1_Initialize
  1641   001003  00                 	db	0
  1642   001004  00                 	db	0
  1643   001005  DC                 	db	low _I2C1_Write
  1644   001006  13                 	db	high _I2C1_Write
  1645   001007  1A                 	db	low _I2C1_Read
  1646   001008  14                 	db	high _I2C1_Read
  1647   001009  56                 	db	low _I2C1_WriteRead
  1648   00100A  13                 	db	high _I2C1_WriteRead
  1649   00100B  00                 	db	0
  1650   00100C  00                 	db	0
  1651   00100D  00                 	db	0
  1652   00100E  00                 	db	0
  1653   00100F  A2                 	db	low _I2C1_IsBusy
  1654   001010  17                 	db	high _I2C1_IsBusy
  1655   001011  00                 	db	0
  1656   001012  00                 	db	0
  1657   001013  00                 	db	0
  1658   001014  00                 	db	0
  1659   001015                     __end_of_I2C1_Host:
  1660                           	callstack 0
  1661   001015                     _i2c1_eventTable:
  1662                           	callstack 0
  1663   001015  98                 	db	low _I2C1_EVENT_IDLE
  1664   001016  17                 	db	high _I2C1_EVENT_IDLE
  1665   001017  4E                 	db	low _I2C1_EVENT_SEND_RD_ADDR
  1666   001018  17                 	db	high _I2C1_EVENT_SEND_RD_ADDR
  1667   001019  78                 	db	low _I2C1_EVENT_SEND_WR_ADDR
  1668   00101A  17                 	db	high _I2C1_EVENT_SEND_WR_ADDR
  1669   00101B  BE                 	db	low _I2C1_EVENT_TX
  1670   00101C  12                 	db	high _I2C1_EVENT_TX
  1671   00101D  A8                 	db	low _I2C1_EVENT_RX
  1672   00101E  11                 	db	high _I2C1_EVENT_RX
  1673   00101F  44                 	db	low _I2C1_EVENT_NACK
  1674   001020  17                 	db	high _I2C1_EVENT_NACK
  1675   001021  3A                 	db	low _I2C1_EVENT_ERROR
  1676   001022  17                 	db	high _I2C1_EVENT_ERROR
  1677   001023  92                 	db	low _I2C1_EVENT_STOP
  1678   001024  17                 	db	high _I2C1_EVENT_STOP
  1679   001025  30                 	db	low _I2C1_EVENT_RESET
  1680   001026  17                 	db	high _I2C1_EVENT_RESET
  1681   001027                     __end_of_i2c1_eventTable:
  1682                           	callstack 0
  1683   000FAD                     _TXREG          set	4013
  1684   000FAE                     _RCREG          set	4014
  1685   000FB8                     _BAUDCONbits    set	4024
  1686   000FAC                     _TXSTAbits      set	4012
  1687   000FAB                     _RCSTAbits      set	4011
  1688   000FB0                     _SPBRGH         set	4016
  1689   000FAF                     _SPBRG          set	4015
  1690   000FAC                     _TXSTA          set	4012
  1691   000FAB                     _RCSTA          set	4011
  1692   000FB8                     _BAUDCON        set	4024
  1693   000F7D                     _IOCB           set	3965
  1694   000F7C                     _WPUB           set	3964
  1695   000F7F                     _ANSELH         set	3967
  1696   000F96                     _TRISE          set	3990
  1697   000F95                     _TRISD          set	3989
  1698   000F94                     _TRISC          set	3988
  1699   000F93                     _TRISB          set	3987
  1700   000F92                     _TRISA          set	3986
  1701   000F8D                     _LATE           set	3981
  1702   000F8C                     _LATD           set	3980
  1703   000F8B                     _LATC           set	3979
  1704   000F8A                     _LATB           set	3978
  1705   000F89                     _LATA           set	3977
  1706   000F9B                     _OSCTUNE        set	3995
  1707   000FD3                     _OSCCON         set	4051
  1708   000FF0                     _INTCON3bits    set	4080
  1709   000FF1                     _INTCON2bits    set	4081
  1710   000FD0                     _RCONbits       set	4048
  1711   000FA8                     _EEDATA         set	4008
  1712   000FA9                     _EEADR          set	4009
  1713   000FA7                     _EECON2         set	4007
  1714   000FF2                     _INTCONbits     set	4082
  1715   000FF5                     _TABLAT         set	4085
  1716   000FF6                     _TBLPTRL        set	4086
  1717   000FF7                     _TBLPTRH        set	4087
  1718   000FF8                     _TBLPTRU        set	4088
  1719   000FA6                     _EECON1bits     set	4006
  1720   000FC9                     _SSPBUF         set	4041
  1721   000FC7                     _SSPSTATbits    set	4039
  1722   000FA1                     _PIR2bits       set	4001
  1723   000F9E                     _PIR1bits       set	3998
  1724   000FC5                     _SSPCON2bits    set	4037
  1725   000FC6                     _SSPCON1bits    set	4038
  1726   000FA0                     _PIE2bits       set	4000
  1727   000F9D                     _PIE1bits       set	3997
  1728   000FC8                     _SSPADD         set	4040
  1729   000FC5                     _SSPCON2        set	4037
  1730   000FC6                     _SSPCON1        set	4038
  1731   000FC7                     _SSPSTAT        set	4039
  1732   001027                     STR_1:
  1733   001027  44                 	db	68	;'D'
  1734   001028  61                 	db	97	;'a'
  1735   001029  74                 	db	116	;'t'
  1736   00102A  65                 	db	101	;'e'
  1737   00102B  3A                 	db	58	;':'
  1738   00102C  20                 	db	32
  1739   00102D  00                 	db	0
  1740   00102E  00                 	db	0	; dummy byte at the end
  1741   001000                     __smallconst    set	__psmallconst
  1742   001000                     __mediumconst   set	__psmallconst
  1743   000003                     __activetblptr  equ	3
  1744                           
  1745                           ; #config settings
  1746                           
  1747                           	psect	cinit
  1748   00139A                     __pcinit:
  1749                           	callstack 0
  1750   00139A                     start_initialization:
  1751                           	callstack 0
  1752   00139A                     __initialization:
  1753                           	callstack 0
  1754                           
  1755                           ; Initialize objects allocated to COMRAM (6 bytes)
  1756                           ; load TBLPTR registers with __pidataCOMRAM
  1757   00139A  0E80               	movlw	low __pidataCOMRAM
  1758   00139C  6EF6               	movwf	tblptrl,c
  1759   00139E  0E17               	movlw	high __pidataCOMRAM
  1760   0013A0  6EF7               	movwf	tblptrh,c
  1761   0013A2  0E00               	movlw	low (__pidataCOMRAM shr (0+16))
  1762   0013A4  6EF8               	movwf	tblptru,c
  1763   0013A6  EE00  F053         	lfsr	0,__pdataCOMRAM
  1764   0013AA  EE10 F006          	lfsr	1,6
  1765   0013AE                     copy_data0:
  1766   0013AE  0009               	tblrd		*+
  1767   0013B0  CFF5 FFEE          	movff	tablat,postinc0
  1768   0013B4  50E5               	movf	postdec1,w,c
  1769   0013B6  50E1               	movf	fsr1l,w,c
  1770   0013B8  E1FA               	bnz	copy_data0
  1771                           
  1772                           ; Clear objects allocated to BANK0 (15 bytes)
  1773   0013BA  EE00  F060         	lfsr	0,__pbssBANK0
  1774   0013BE  0E0F               	movlw	15
  1775   0013C0                     clear_0:
  1776   0013C0  6AEE               	clrf	postinc0,c
  1777   0013C2  06E8               	decf	wreg,f,c
  1778   0013C4  E1FD               	bnz	clear_0
  1779                           
  1780                           ; Clear objects allocated to COMRAM (53 bytes)
  1781   0013C6  EE00  F002         	lfsr	0,__pbssCOMRAM
  1782   0013CA  0E35               	movlw	53
  1783   0013CC                     clear_1:
  1784   0013CC  6AEE               	clrf	postinc0,c
  1785   0013CE  06E8               	decf	wreg,f,c
  1786   0013D0  E1FD               	bnz	clear_1
  1787   0013D2                     end_of_initialization:
  1788                           	callstack 0
  1789   0013D2                     __end_of__initialization:
  1790                           	callstack 0
  1791   0013D2  9001               	bcf	int$flags,0,c	;clear compiler interrupt flag (level 1)
  1792   0013D4  9201               	bcf	int$flags,1,c	;clear compiler interrupt flag (level 2)
  1793   0013D6  0100               	movlb	0
  1794   0013D8  EF06  F009         	goto	_main	;jump to C main() function
  1795                           
  1796                           	psect	bssCOMRAM
  1797   000002                     __pbssCOMRAM:
  1798                           	callstack 0
  1799   000002                     _i2c1Status:
  1800                           	callstack 0
  1801   000002                     	ds	12
  1802   00000E                     _RealTimeClock_DS1307:
  1803                           	callstack 0
  1804   00000E                     	ds	6
  1805   000014                     _RealTimeClock_DS1307@RealTimeClock_DS1307$F83:
  1806                           	callstack 0
  1807   000014                     	ds	6
  1808   00001A                     _EUSART_OverrunErrorHandler:
  1809                           	callstack 0
  1810   00001A                     	ds	2
  1811   00001C                     _EUSART_FramingErrorHandler:
  1812                           	callstack 0
  1813   00001C                     	ds	2
  1814   00001E                     _eusartRxLastError:
  1815                           	callstack 0
  1816   00001E                     	ds	2
  1817   000020                     _INT2_InterruptHandler:
  1818                           	callstack 0
  1819   000020                     	ds	2
  1820   000022                     _INT1_InterruptHandler:
  1821                           	callstack 0
  1822   000022                     	ds	2
  1823   000024                     _INT0_InterruptHandler:
  1824                           	callstack 0
  1825   000024                     	ds	2
  1826   000026                     _NVM_Callback:
  1827                           	callstack 0
  1828   000026                     	ds	2
  1829   000028                     _I2C1_Callback:
  1830                           	callstack 0
  1831   000028                     	ds	2
  1832   00002A                     _unlockKeyHigh:
  1833                           	callstack 0
  1834   00002A                     	ds	1
  1835   00002B                     _unlockKeyLow:
  1836                           	callstack 0
  1837   00002B                     	ds	1
  1838   00002C                     _temp_sensor_data_buffer:
  1839                           	callstack 0
  1840   00002C                     	ds	2
  1841   00002E                     _data_buffer:
  1842                           	callstack 0
  1843   00002E                     	ds	2
  1844   000030                     _TEMPERATURE_VALUE:
  1845                           	callstack 0
  1846   000030                     	ds	1
  1847   000031                     _ret_year:
  1848                           	callstack 0
  1849   000031                     	ds	1
  1850   000032                     _ret_month:
  1851                           	callstack 0
  1852   000032                     	ds	1
  1853   000033                     _ret_day:
  1854                           	callstack 0
  1855   000033                     	ds	1
  1856   000034                     _ret_hours:
  1857                           	callstack 0
  1858   000034                     	ds	1
  1859   000035                     _ret_minutes:
  1860                           	callstack 0
  1861   000035                     	ds	1
  1862   000036                     _ret_seconds:
  1863                           	callstack 0
  1864   000036                     	ds	1
  1865                           
  1866                           	psect	dataCOMRAM
  1867   000053                     __pdataCOMRAM:
  1868                           	callstack 0
  1869   000053                     _DS1307_Reg:
  1870                           	callstack 0
  1871   000053                     	ds	6
  1872                           
  1873                           	psect	bssBANK0
  1874   000060                     __pbssBANK0:
  1875                           	callstack 0
  1876   000060                     _Real_Time_Clock_Frame:
  1877                           	callstack 0
  1878   000060                     	ds	15
  1879                           
  1880                           	psect	cstackCOMRAM
  1881   000037                     __pcstackCOMRAM:
  1882                           	callstack 0
  1883   000037                     I2C1_EVENT_TX@retEventState:
  1884                           	callstack 0
  1885   000037                     I2C1_EVENT_RX@retEventState:
  1886                           	callstack 0
  1887   000037                     I2C1_EVENT_NACK@retEventState:
  1888                           	callstack 0
  1889   000037                     I2C1_EVENT_ERROR@retEventState:
  1890                           	callstack 0
  1891   000037                     
  1892                           ; 1 bytes @ 0x0
  1893   000037                     	ds	1
  1894   000038                     ??_I2C1_EventHandler:
  1895   000038                     ??_I2C1_ErrorEventHandler:
  1896                           
  1897                           ; 1 bytes @ 0x1
  1898   000038                     	ds	3
  1899   00003B                     ??_INTERRUPT_InterruptManager:
  1900                           
  1901                           ; 1 bytes @ 0x4
  1902   00003B                     	ds	10
  1903   000045                     _EUSART_IsTxReady$1628:
  1904                           	callstack 0
  1905   000045                     EUSART_Write@txData:
  1906                           	callstack 0
  1907   000045                     I2C1_Write@address:
  1908                           	callstack 0
  1909   000045                     I2C1_Read@address:
  1910                           	callstack 0
  1911   000045                     I2C1_WriteRead@address:
  1912                           	callstack 0
  1913   000045                     INT0_SetInterruptHandler@InterruptHandler:
  1914                           	callstack 0
  1915   000045                     INT1_SetInterruptHandler@InterruptHandler:
  1916                           	callstack 0
  1917   000045                     INT2_SetInterruptHandler@InterruptHandler:
  1918                           	callstack 0
  1919   000045                     EUSART_FramingErrorCallbackRegister@callbackHandler:
  1920                           	callstack 0
  1921   000045                     EUSART_OverrunErrorCallbackRegister@callbackHandler:
  1922                           	callstack 0
  1923   000045                     
  1924                           ; 1 bytes @ 0xE
  1925   000045                     	ds	1
  1926   000046                     EUSART_LoggingDebugData_Send_String@String:
  1927                           	callstack 0
  1928                           
  1929                           ; 2 bytes @ 0xF
  1930   000046                     	ds	1
  1931   000047                     I2C1_Write@data:
  1932                           	callstack 0
  1933   000047                     I2C1_Read@data:
  1934                           	callstack 0
  1935   000047                     I2C1_WriteRead@writeData:
  1936                           	callstack 0
  1937   000047                     
  1938                           ; 1 bytes @ 0x10
  1939   000047                     	ds	1
  1940   000048                     EUSART_LoggingDebugData_Send_String@String_len:
  1941                           	callstack 0
  1942   000048                     I2C1_Write@dataLength:
  1943                           	callstack 0
  1944   000048                     I2C1_Read@dataLength:
  1945                           	callstack 0
  1946   000048                     I2C1_WriteRead@writeLength:
  1947                           	callstack 0
  1948                           
  1949                           ; 2 bytes @ 0x11
  1950   000048                     	ds	2
  1951   00004A                     TEMP_SENSOR_TC74_READ_DATA@command:
  1952                           	callstack 0
  1953   00004A                     I2C1_WriteRead@readData:
  1954                           	callstack 0
  1955   00004A                     ??_EUSART_LoggingDebugData_Send_String:
  1956                           
  1957                           ; 1 bytes @ 0x13
  1958   00004A                     	ds	1
  1959   00004B                     TEMP_SENSOR_TC74_READ_DATA@address:
  1960                           	callstack 0
  1961   00004B                     I2C1_WriteRead@readLength:
  1962                           	callstack 0
  1963   00004B                     
  1964                           ; 1 bytes @ 0x14
  1965   00004B                     	ds	1
  1966   00004C                     TEMP_SENSOR_TC74_READ_DATA@TEMP_value:
  1967                           	callstack 0
  1968   00004C                     EUSART_LoggingDebugData_Send_String@L_str_len:
  1969                           	callstack 0
  1970                           
  1971                           ; 2 bytes @ 0x15
  1972   00004C                     	ds	1
  1973   00004D                     ?_RealTimeClock_DS1307_GET_DATE_TIME:
  1974                           	callstack 0
  1975   00004D                     
  1976                           ; 1 bytes @ 0x16
  1977   00004D                     	ds	1
  1978   00004E                     
  1979                           ; 1 bytes @ 0x17
  1980   00004E                     	ds	5
  1981   000053                     
  1982                           ; 1 bytes @ 0x1C
  1983 ;;
  1984 ;;Main: autosize = 0, tempsize = 0, incstack = 0, save=0
  1985 ;;
  1986 ;; *************** function _main *****************
  1987 ;; Defined at:
  1988 ;;		line 42 in file "main.c"
  1989 ;; Parameters:    Size  Location     Type
  1990 ;;		None
  1991 ;; Auto vars:     Size  Location     Type
  1992 ;;		None
  1993 ;; Return value:  Size  Location     Type
  1994 ;;                  2  684[None  ] int 
  1995 ;; Registers used:
  1996 ;;		wreg, fsr0l, fsr0h, fsr2l, fsr2h, status,2, status,0, tblptrl, tblptrh, tblptru, cstack
  1997 ;; Tracked objects:
  1998 ;;		On entry : 0/0
  1999 ;;		On exit  : 0/0
  2000 ;;		Unchanged: 0/0
  2001 ;; Data sizes:     COMRAM   BANK0   BANK1   BANK2   BANK3   BANK4   BANK5   BANK6   BANK7   BANK8   BANK9  BANK10  BANK1
      +1  BANK12  BANK13  BANK14  BANK15
  2002 ;;      Params:         0       0       0       0       0       0       0       0       0       0       0       0       
      +0       0       0       0       0
  2003 ;;      Locals:         0       0       0       0       0       0       0       0       0       0       0       0       
      +0       0       0       0       0
  2004 ;;      Temps:          0       0       0       0       0       0       0       0       0       0       0       0       
      +0       0       0       0       0
  2005 ;;      Totals:         0       0       0       0       0       0       0       0       0       0       0       0       
      +0       0       0       0       0
  2006 ;;Total ram usage:        0 bytes
  2007 ;; Hardware stack levels required when called: 9
  2008 ;; This function calls:
  2009 ;;		_I2C1_IsBusy
  2010 ;;		_I2C1_Write
  2011 ;;		_PRINT_RealTimeClock_DATA
  2012 ;;		_RealTimeClock_DS1307_GET_DATE_TIME
  2013 ;;		_SYSTEM_Initialize
  2014 ;;		_TEMP_SENSOR_TC74_READ_DATA
  2015 ;; This function is called by:
  2016 ;;		Startup code after reset
  2017 ;; This function uses a non-reentrant model
  2018 ;;
  2019                           
  2020                           	psect	text0
  2021   00120C                     __ptext0:
  2022                           	callstack 0
  2023   00120C                     _main:
  2024                           	callstack 22
  2025   00120C                     
  2026                           ;main.c: 44:     SYSTEM_Initialize();
  2027   00120C  EC60  F00B         	call	_SYSTEM_Initialize	;wreg free
  2028   001210                     
  2029                           ;main.c: 50:     (INTCONbits.GIE = 1);
  2030   001210  8EF2               	bsf	242,7,c	;volatile
  2031   001212                     
  2032                           ;main.c: 56:     (INTCONbits.PEIE = 1);
  2033   001212  8CF2               	bsf	242,6,c	;volatile
  2034   001214                     l685:
  2035                           
  2036                           ;main.c: 64:     {;main.c: 65:         TEMPERATURE_VALUE = TEMP_SENSOR_TC74_READ_DATA(0x
      +                          9E, 0x00);
  2037   001214  0E00               	movlw	0
  2038   001216  6E4A               	movwf	TEMP_SENSOR_TC74_READ_DATA@command^0,c
  2039   001218  0E9E               	movlw	158
  2040   00121A  EC33  F009         	call	_TEMP_SENSOR_TC74_READ_DATA
  2041   00121E  6E30               	movwf	_TEMPERATURE_VALUE^0,c
  2042   001220                     
  2043                           ;main.c: 66:         RealTimeClock_DS1307 = RealTimeClock_DS1307_GET_DATE_TIME();
  2044   001220  EC2C  F00A         	call	_RealTimeClock_DS1307_GET_DATE_TIME	;wreg free
  2045   001224  EE20  F00E         	lfsr	2,_RealTimeClock_DS1307
  2046   001228  0E05               	movlw	5
  2047   00122A                     u921:
  2048   00122A  CFEB FFDB          	movff	plusw0,plusw2
  2049   00122E  06E8               	decf	wreg,f,c
  2050   001230  E2FC               	bc	u921
  2051   001232                     
  2052                           ;main.c: 67:         PRINT_RealTimeClock_DATA();
  2053   001232  ECA1  F008         	call	_PRINT_RealTimeClock_DATA	;wreg free
  2054   001236                     
  2055                           ;main.c: 68:         I2C1_Write(0x50, &TEMPERATURE_VALUE, 1);
  2056   001236  6A46               	clrf	(I2C1_Write@address+1)^0,c
  2057   001238  0E50               	movlw	80
  2058   00123A  6E45               	movwf	I2C1_Write@address^0,c
  2059   00123C  0E30               	movlw	low _TEMPERATURE_VALUE
  2060   00123E  6E47               	movwf	I2C1_Write@data^0,c
  2061   001240  6A49               	clrf	(I2C1_Write@dataLength+1)^0,c
  2062   001242  0E01               	movlw	1
  2063   001244  6E48               	movwf	I2C1_Write@dataLength^0,c
  2064   001246  ECEE  F009         	call	_I2C1_Write	;wreg free
  2065   00124A                     l2453:
  2066   00124A  ECD1  F00B         	call	_I2C1_IsBusy	;wreg free
  2067   00124E  0900               	iorlw	0
  2068   001250  A4D8               	btfss	status,2,c
  2069   001252  EF2D  F009         	goto	u931
  2070   001256  EF2F  F009         	goto	u930
  2071   00125A                     u931:
  2072   00125A  EF25  F009         	goto	l2453
  2073   00125E                     u930:
  2074   00125E  EF0A  F009         	goto	l685
  2075   001262  EF6A  F000         	goto	start
  2076   001266                     __end_of_main:
  2077                           	callstack 0
  2078                           
  2079 ;; *************** function _TEMP_SENSOR_TC74_READ_DATA *****************
  2080 ;; Defined at:
  2081 ;;		line 19 in file "HAL_LAYER/TEMP_SENSOR_TC74/TEMP_SENSOR_TC74.c"
  2082 ;; Parameters:    Size  Location     Type
  2083 ;;  address         1    wreg     unsigned char 
  2084 ;;  command         1   19[COMRAM] unsigned char 
  2085 ;; Auto vars:     Size  Location     Type
  2086 ;;  address         1   20[COMRAM] unsigned char 
  2087 ;;  TEMP_value      1   21[COMRAM] unsigned char 
  2088 ;; Return value:  Size  Location     Type
  2089 ;;                  1    wreg      unsigned char 
  2090 ;; Registers used:
  2091 ;;		wreg, status,2, status,0, cstack
  2092 ;; Tracked objects:
  2093 ;;		On entry : 0/0
  2094 ;;		On exit  : 0/0
  2095 ;;		Unchanged: 0/0
  2096 ;; Data sizes:     COMRAM   BANK0   BANK1   BANK2   BANK3   BANK4   BANK5   BANK6   BANK7   BANK8   BANK9  BANK10  BANK1
      +1  BANK12  BANK13  BANK14  BANK15
  2097 ;;      Params:         1       0       0       0       0       0       0       0       0       0       0       0       
      +0       0       0       0       0
  2098 ;;      Locals:         2       0       0       0       0       0       0       0       0       0       0       0       
      +0       0       0       0       0
  2099 ;;      Temps:          0       0       0       0       0       0       0       0       0       0       0       0       
      +0       0       0       0       0
  2100 ;;      Totals:         3       0       0       0       0       0       0       0       0       0       0       0       
      +0       0       0       0       0
  2101 ;;Total ram usage:        3 bytes
  2102 ;; Hardware stack levels used: 1
  2103 ;; Hardware stack levels required when called: 7
  2104 ;; This function calls:
  2105 ;;		_I2C1_IsBusy
  2106 ;;		_I2C1_Read
  2107 ;;		_I2C1_Write
  2108 ;; This function is called by:
  2109 ;;		_main
  2110 ;; This function uses a non-reentrant model
  2111 ;;
  2112                           
  2113                           	psect	text1
  2114   001266                     __ptext1:
  2115                           	callstack 0
  2116   001266                     _TEMP_SENSOR_TC74_READ_DATA:
  2117                           	callstack 23
  2118                           
  2119                           ;incstack = 0
  2120                           ;TEMP_SENSOR_TC74_READ_DATA@address stored from wreg
  2121   001266  6E4B               	movwf	TEMP_SENSOR_TC74_READ_DATA@address^0,c
  2122   001268                     
  2123                           ;HAL_LAYER/TEMP_SENSOR_TC74/TEMP_SENSOR_TC74.c: 20:     uint8_t TEMP_value = 0;
  2124   001268  6A4C               	clrf	TEMP_SENSOR_TC74_READ_DATA@TEMP_value^0,c
  2125   00126A                     
  2126                           ;HAL_LAYER/TEMP_SENSOR_TC74/TEMP_SENSOR_TC74.c: 21:     I2C1_Write(address, &command, 1)
      +                          ;
  2127   00126A  C04B  F045         	movff	TEMP_SENSOR_TC74_READ_DATA@address,I2C1_Write@address
  2128   00126E  6A46               	clrf	(I2C1_Write@address+1)^0,c
  2129   001270  0E4A               	movlw	low TEMP_SENSOR_TC74_READ_DATA@command
  2130   001272  6E47               	movwf	I2C1_Write@data^0,c
  2131   001274  6A49               	clrf	(I2C1_Write@dataLength+1)^0,c
  2132   001276  0E01               	movlw	1
  2133   001278  6E48               	movwf	I2C1_Write@dataLength^0,c
  2134   00127A  ECEE  F009         	call	_I2C1_Write	;wreg free
  2135   00127E                     l2403:
  2136   00127E  ECD1  F00B         	call	_I2C1_IsBusy	;wreg free
  2137   001282  0900               	iorlw	0
  2138   001284  A4D8               	btfss	status,2,c
  2139   001286  EF47  F009         	goto	u861
  2140   00128A  EF49  F009         	goto	u860
  2141   00128E                     u861:
  2142   00128E  EF3F  F009         	goto	l2403
  2143   001292                     u860:
  2144   001292                     
  2145                           ;HAL_LAYER/TEMP_SENSOR_TC74/TEMP_SENSOR_TC74.c: 23:     I2C1_Read(address, &TEMP_value, 
      +                          1);
  2146   001292  C04B  F045         	movff	TEMP_SENSOR_TC74_READ_DATA@address,I2C1_Read@address
  2147   001296  6A46               	clrf	(I2C1_Read@address+1)^0,c
  2148   001298  0E4C               	movlw	low TEMP_SENSOR_TC74_READ_DATA@TEMP_value
  2149   00129A  6E47               	movwf	I2C1_Read@data^0,c
  2150   00129C  6A49               	clrf	(I2C1_Read@dataLength+1)^0,c
  2151   00129E  0E01               	movlw	1
  2152   0012A0  6E48               	movwf	I2C1_Read@dataLength^0,c
  2153   0012A2  EC0D  F00A         	call	_I2C1_Read	;wreg free
  2154   0012A6                     l2407:
  2155   0012A6  ECD1  F00B         	call	_I2C1_IsBusy	;wreg free
  2156   0012AA  0900               	iorlw	0
  2157   0012AC  A4D8               	btfss	status,2,c
  2158   0012AE  EF5B  F009         	goto	u871
  2159   0012B2  EF5D  F009         	goto	u870
  2160   0012B6                     u871:
  2161   0012B6  EF53  F009         	goto	l2407
  2162   0012BA                     u870:
  2163   0012BA                     
  2164                           ;HAL_LAYER/TEMP_SENSOR_TC74/TEMP_SENSOR_TC74.c: 25:     return TEMP_value;
  2165   0012BA  504C               	movf	TEMP_SENSOR_TC74_READ_DATA@TEMP_value^0,w,c
  2166   0012BC  0012               	return		;funcret
  2167   0012BE                     __end_of_TEMP_SENSOR_TC74_READ_DATA:
  2168                           	callstack 0
  2169                           
  2170 ;; *************** function _I2C1_Write *****************
  2171 ;; Defined at:
  2172 ;;		line 109 in file "mcc_generated_files/i2c_host/src/mssp.c"
  2173 ;; Parameters:    Size  Location     Type
  2174 ;;  address         2   14[COMRAM] unsigned short 
  2175 ;;  data            1   16[COMRAM] PTR unsigned char 
  2176 ;;		 -> TEMPERATURE_VALUE(1), TEMP_SENSOR_TC74_READ_DATA@command(1), temp_sensor_data_buffer(2), EXT_EEPROM_24C02C_READ_
      +BYTE@ee_address(1), 
  2177 ;;		 -> data_buffer(2), 
  2178 ;;  dataLength      2   17[COMRAM] unsigned int 
  2179 ;; Auto vars:     Size  Location     Type
  2180 ;;  retStatus       1    0        _Bool 
  2181 ;; Return value:  Size  Location     Type
  2182 ;;                  1    wreg      _Bool 
  2183 ;; Registers used:
  2184 ;;		wreg, status,2, status,0, cstack
  2185 ;; Tracked objects:
  2186 ;;		On entry : 0/0
  2187 ;;		On exit  : 0/0
  2188 ;;		Unchanged: 0/0
  2189 ;; Data sizes:     COMRAM   BANK0   BANK1   BANK2   BANK3   BANK4   BANK5   BANK6   BANK7   BANK8   BANK9  BANK10  BANK1
      +1  BANK12  BANK13  BANK14  BANK15
  2190 ;;      Params:         5       0       0       0       0       0       0       0       0       0       0       0       
      +0       0       0       0       0
  2191 ;;      Locals:         0       0       0       0       0       0       0       0       0       0       0       0       
      +0       0       0       0       0
  2192 ;;      Temps:          0       0       0       0       0       0       0       0       0       0       0       0       
      +0       0       0       0       0
  2193 ;;      Totals:         5       0       0       0       0       0       0       0       0       0       0       0       
      +0       0       0       0       0
  2194 ;;Total ram usage:        5 bytes
  2195 ;; Hardware stack levels used: 1
  2196 ;; Hardware stack levels required when called: 5
  2197 ;; This function calls:
  2198 ;;		_I2C1_IsBusy
  2199 ;;		_I2C1_WriteStart
  2200 ;; This function is called by:
  2201 ;;		_TEMP_SENSOR_TC74_READ_DATA
  2202 ;;		_main
  2203 ;;		_EXT_EEPROM_24C02C_WRITE_BYTE
  2204 ;;		_EXT_EEPROM_24C02C_READ_BYTE
  2205 ;;		_TEMP_SENSOR_TC74_WRITE_DATA
  2206 ;; This function uses a non-reentrant model
  2207 ;;
  2208                           
  2209                           	psect	text2
  2210   0013DC                     __ptext2:
  2211                           	callstack 0
  2212   0013DC                     _I2C1_Write:
  2213                           	callstack 24
  2214   0013DC                     
  2215                           ;mcc_generated_files/i2c_host/src/mssp.c: 112:     if (!I2C1_IsBusy())
  2216   0013DC  ECD1  F00B         	call	_I2C1_IsBusy	;wreg free
  2217   0013E0  0900               	iorlw	0
  2218   0013E2  A4D8               	btfss	status,2,c
  2219   0013E4  EFF6  F009         	goto	u771
  2220   0013E8  EFF8  F009         	goto	u770
  2221   0013EC                     u771:
  2222   0013EC  EF0C  F00A         	goto	l209
  2223   0013F0                     u770:
  2224   0013F0                     
  2225                           ;mcc_generated_files/i2c_host/src/mssp.c: 113:     {;mcc_generated_files/i2c_host/src/ms
      +                          sp.c: 114:         i2c1Status.busy = 1;
  2226   0013F0  0E01               	movlw	1
  2227   0013F2  6E02               	movwf	_i2c1Status^0,c	;volatile
  2228   0013F4                     
  2229                           ;mcc_generated_files/i2c_host/src/mssp.c: 115:         i2c1Status.address = address;
  2230   0013F4  C045  F003         	movff	I2C1_Write@address,_i2c1Status+1	;volatile
  2231   0013F8  C046  F004         	movff	I2C1_Write@address+1,_i2c1Status+2	;volatile
  2232   0013FC                     
  2233                           ;mcc_generated_files/i2c_host/src/mssp.c: 116:         i2c1Status.switchToRead = 0;
  2234   0013FC  6A0B               	clrf	(_i2c1Status+9)^0,c	;volatile
  2235   0013FE                     
  2236                           ;mcc_generated_files/i2c_host/src/mssp.c: 117:         i2c1Status.writePtr = data;
  2237   0013FE  C047  F005         	movff	I2C1_Write@data,_i2c1Status+3	;volatile
  2238   001402                     
  2239                           ;mcc_generated_files/i2c_host/src/mssp.c: 118:         i2c1Status.writeLength = dataLeng
      +                          th;
  2240   001402  C048  F006         	movff	I2C1_Write@dataLength,_i2c1Status+4	;volatile
  2241   001406  C049  F007         	movff	I2C1_Write@dataLength+1,_i2c1Status+5	;volatile
  2242   00140A                     
  2243                           ;mcc_generated_files/i2c_host/src/mssp.c: 119:         i2c1Status.readPtr = ((void*)0);
  2244   00140A  6A08               	clrf	(_i2c1Status+6)^0,c	;volatile
  2245   00140C                     
  2246                           ;mcc_generated_files/i2c_host/src/mssp.c: 120:         i2c1Status.readLength = 0;
  2247   00140C  6A0A               	clrf	(_i2c1Status+8)^0,c	;volatile
  2248   00140E  0E00               	movlw	0
  2249   001410  6E09               	movwf	(_i2c1Status+7)^0,c	;volatile
  2250   001412                     
  2251                           ;mcc_generated_files/i2c_host/src/mssp.c: 121:         i2c1Status.errorState = I2C_ERROR
      +                          _NONE;
  2252   001412  6A0C               	clrf	(_i2c1Status+10)^0,c	;volatile
  2253   001414                     
  2254                           ;mcc_generated_files/i2c_host/src/mssp.c: 122:         I2C1_WriteStart();
  2255   001414  ECB4  F00B         	call	_I2C1_WriteStart	;wreg free
  2256   001418                     l209:
  2257   001418  0012               	return		;funcret
  2258   00141A                     __end_of_I2C1_Write:
  2259                           	callstack 0
  2260                           
  2261 ;; *************** function _I2C1_Read *****************
  2262 ;; Defined at:
  2263 ;;		line 128 in file "mcc_generated_files/i2c_host/src/mssp.c"
  2264 ;; Parameters:    Size  Location     Type
  2265 ;;  address         2   14[COMRAM] unsigned short 
  2266 ;;  data            1   16[COMRAM] PTR unsigned char 
  2267 ;;		 -> TEMP_SENSOR_TC74_READ_DATA@TEMP_value(1), 
  2268 ;;  dataLength      2   17[COMRAM] unsigned int 
  2269 ;; Auto vars:     Size  Location     Type
  2270 ;;  retStatus       1    0        _Bool 
  2271 ;; Return value:  Size  Location     Type
  2272 ;;                  1    wreg      _Bool 
  2273 ;; Registers used:
  2274 ;;		wreg, status,2, status,0, cstack
  2275 ;; Tracked objects:
  2276 ;;		On entry : 0/0
  2277 ;;		On exit  : 0/0
  2278 ;;		Unchanged: 0/0
  2279 ;; Data sizes:     COMRAM   BANK0   BANK1   BANK2   BANK3   BANK4   BANK5   BANK6   BANK7   BANK8   BANK9  BANK10  BANK1
      +1  BANK12  BANK13  BANK14  BANK15
  2280 ;;      Params:         5       0       0       0       0       0       0       0       0       0       0       0       
      +0       0       0       0       0
  2281 ;;      Locals:         0       0       0       0       0       0       0       0       0       0       0       0       
      +0       0       0       0       0
  2282 ;;      Temps:          0       0       0       0       0       0       0       0       0       0       0       0       
      +0       0       0       0       0
  2283 ;;      Totals:         5       0       0       0       0       0       0       0       0       0       0       0       
      +0       0       0       0       0
  2284 ;;Total ram usage:        5 bytes
  2285 ;; Hardware stack levels used: 1
  2286 ;; Hardware stack levels required when called: 6
  2287 ;; This function calls:
  2288 ;;		_I2C1_IsBusy
  2289 ;;		_I2C1_ReadStart
  2290 ;; This function is called by:
  2291 ;;		_TEMP_SENSOR_TC74_READ_DATA
  2292 ;;		_EXT_EEPROM_24C02C_READ_BYTE
  2293 ;; This function uses a non-reentrant model
  2294 ;;
  2295                           
  2296                           	psect	text3
  2297   00141A                     __ptext3:
  2298                           	callstack 0
  2299   00141A                     _I2C1_Read:
  2300                           	callstack 23
  2301   00141A                     
  2302                           ;mcc_generated_files/i2c_host/src/mssp.c: 131:     if (!I2C1_IsBusy())
  2303   00141A  ECD1  F00B         	call	_I2C1_IsBusy	;wreg free
  2304   00141E  0900               	iorlw	0
  2305   001420  A4D8               	btfss	status,2,c
  2306   001422  EF15  F00A         	goto	u781
  2307   001426  EF17  F00A         	goto	u780
  2308   00142A                     u781:
  2309   00142A  EF2B  F00A         	goto	l213
  2310   00142E                     u780:
  2311   00142E                     
  2312                           ;mcc_generated_files/i2c_host/src/mssp.c: 132:     {;mcc_generated_files/i2c_host/src/ms
      +                          sp.c: 133:         i2c1Status.busy = 1;
  2313   00142E  0E01               	movlw	1
  2314   001430  6E02               	movwf	_i2c1Status^0,c	;volatile
  2315   001432                     
  2316                           ;mcc_generated_files/i2c_host/src/mssp.c: 134:         i2c1Status.address = address;
  2317   001432  C045  F003         	movff	I2C1_Read@address,_i2c1Status+1	;volatile
  2318   001436  C046  F004         	movff	I2C1_Read@address+1,_i2c1Status+2	;volatile
  2319   00143A                     
  2320                           ;mcc_generated_files/i2c_host/src/mssp.c: 135:         i2c1Status.switchToRead = 0;
  2321   00143A  6A0B               	clrf	(_i2c1Status+9)^0,c	;volatile
  2322   00143C                     
  2323                           ;mcc_generated_files/i2c_host/src/mssp.c: 136:         i2c1Status.readPtr = data;
  2324   00143C  C047  F008         	movff	I2C1_Read@data,_i2c1Status+6	;volatile
  2325   001440                     
  2326                           ;mcc_generated_files/i2c_host/src/mssp.c: 137:         i2c1Status.readLength = dataLengt
      +                          h;
  2327   001440  C048  F009         	movff	I2C1_Read@dataLength,_i2c1Status+7	;volatile
  2328   001444  C049  F00A         	movff	I2C1_Read@dataLength+1,_i2c1Status+8	;volatile
  2329   001448                     
  2330                           ;mcc_generated_files/i2c_host/src/mssp.c: 138:         i2c1Status.writePtr = ((void*)0);
  2331   001448  6A05               	clrf	(_i2c1Status+3)^0,c	;volatile
  2332   00144A                     
  2333                           ;mcc_generated_files/i2c_host/src/mssp.c: 139:         i2c1Status.writeLength = 0;
  2334   00144A  6A07               	clrf	(_i2c1Status+5)^0,c	;volatile
  2335   00144C  0E00               	movlw	0
  2336   00144E  6E06               	movwf	(_i2c1Status+4)^0,c	;volatile
  2337   001450                     
  2338                           ;mcc_generated_files/i2c_host/src/mssp.c: 140:         i2c1Status.errorState = I2C_ERROR
      +                          _NONE;
  2339   001450  6A0C               	clrf	(_i2c1Status+10)^0,c	;volatile
  2340   001452                     
  2341                           ;mcc_generated_files/i2c_host/src/mssp.c: 141:         I2C1_ReadStart();
  2342   001452  ECAC  F00B         	call	_I2C1_ReadStart	;wreg free
  2343   001456                     l213:
  2344   001456  0012               	return		;funcret
  2345   001458                     __end_of_I2C1_Read:
  2346                           	callstack 0
  2347                           
  2348 ;; *************** function _I2C1_ReadStart *****************
  2349 ;; Defined at:
  2350 ;;		line 199 in file "mcc_generated_files/i2c_host/src/mssp.c"
  2351 ;; Parameters:    Size  Location     Type
  2352 ;;		None
  2353 ;; Auto vars:     Size  Location     Type
  2354 ;;		None
  2355 ;; Return value:  Size  Location     Type
  2356 ;;                  1    wreg      void 
  2357 ;; Registers used:
  2358 ;;		wreg, status,2
  2359 ;; Tracked objects:
  2360 ;;		On entry : 0/0
  2361 ;;		On exit  : 0/0
  2362 ;;		Unchanged: 0/0
  2363 ;; Data sizes:     COMRAM   BANK0   BANK1   BANK2   BANK3   BANK4   BANK5   BANK6   BANK7   BANK8   BANK9  BANK10  BANK1
      +1  BANK12  BANK13  BANK14  BANK15
  2364 ;;      Params:         0       0       0       0       0       0       0       0       0       0       0       0       
      +0       0       0       0       0
  2365 ;;      Locals:         0       0       0       0       0       0       0       0       0       0       0       0       
      +0       0       0       0       0
  2366 ;;      Temps:          0       0       0       0       0       0       0       0       0       0       0       0       
      +0       0       0       0       0
  2367 ;;      Totals:         0       0       0       0       0       0       0       0       0       0       0       0       
      +0       0       0       0       0
  2368 ;;Total ram usage:        0 bytes
  2369 ;; Hardware stack levels used: 1
  2370 ;; Hardware stack levels required when called: 5
  2371 ;; This function calls:
  2372 ;;		Nothing
  2373 ;; This function is called by:
  2374 ;;		_I2C1_Read
  2375 ;; This function uses a non-reentrant model
  2376 ;;
  2377                           
  2378                           	psect	text4
  2379   001758                     __ptext4:
  2380                           	callstack 0
  2381   001758                     _I2C1_ReadStart:
  2382                           	callstack 23
  2383   001758                     
  2384                           ;mcc_generated_files/i2c_host/src/mssp.c: 201:     SSPCON2bits.SEN = 1;
  2385   001758  80C5               	bsf	197,0,c	;volatile
  2386   00175A                     
  2387                           ;mcc_generated_files/i2c_host/src/mssp.c: 202:     i2c1Status.state = I2C_STATE_SEND_RD_
      +                          ADDR;
  2388   00175A  0E01               	movlw	1
  2389   00175C  6E0D               	movwf	(_i2c1Status+11)^0,c	;volatile
  2390   00175E  0012               	return		;funcret
  2391   001760                     __end_of_I2C1_ReadStart:
  2392                           	callstack 0
  2393                           
  2394 ;; *************** function _SYSTEM_Initialize *****************
  2395 ;; Defined at:
  2396 ;;		line 38 in file "mcc_generated_files/system/src/system.c"
  2397 ;; Parameters:    Size  Location     Type
  2398 ;;		None
  2399 ;; Auto vars:     Size  Location     Type
  2400 ;;		None
  2401 ;; Return value:  Size  Location     Type
  2402 ;;                  1    wreg      void 
  2403 ;; Registers used:
  2404 ;;		wreg, status,2, status,0, cstack
  2405 ;; Tracked objects:
  2406 ;;		On entry : 0/0
  2407 ;;		On exit  : 0/0
  2408 ;;		Unchanged: 0/0
  2409 ;; Data sizes:     COMRAM   BANK0   BANK1   BANK2   BANK3   BANK4   BANK5   BANK6   BANK7   BANK8   BANK9  BANK10  BANK1
      +1  BANK12  BANK13  BANK14  BANK15
  2410 ;;      Params:         0       0       0       0       0       0       0       0       0       0       0       0       
      +0       0       0       0       0
  2411 ;;      Locals:         0       0       0       0       0       0       0       0       0       0       0       0       
      +0       0       0       0       0
  2412 ;;      Temps:          0       0       0       0       0       0       0       0       0       0       0       0       
      +0       0       0       0       0
  2413 ;;      Totals:         0       0       0       0       0       0       0       0       0       0       0       0       
      +0       0       0       0       0
  2414 ;;Total ram usage:        0 bytes
  2415 ;; Hardware stack levels used: 1
  2416 ;; Hardware stack levels required when called: 7
  2417 ;; This function calls:
  2418 ;;		_CLOCK_Initialize
  2419 ;;		_EUSART_Initialize
  2420 ;;		_I2C1_Initialize
  2421 ;;		_INTERRUPT_Initialize
  2422 ;;		_NVM_Initialize
  2423 ;;		_PIN_MANAGER_Initialize
  2424 ;; This function is called by:
  2425 ;;		_main
  2426 ;; This function uses a non-reentrant model
  2427 ;;
  2428                           
  2429                           	psect	text5
  2430   0016C0                     __ptext5:
  2431                           	callstack 0
  2432   0016C0                     _SYSTEM_Initialize:
  2433                           	callstack 23
  2434   0016C0                     
  2435                           ;mcc_generated_files/system/src/system.c: 40:     CLOCK_Initialize();
  2436   0016C0  ECB0  F00B         	call	_CLOCK_Initialize	;wreg free
  2437                           
  2438                           ;mcc_generated_files/system/src/system.c: 41:     PIN_MANAGER_Initialize();
  2439   0016C4  EC1E  F00B         	call	_PIN_MANAGER_Initialize	;wreg free
  2440                           
  2441                           ;mcc_generated_files/system/src/system.c: 42:     I2C1_Initialize();
  2442   0016C8  EC79  F00B         	call	_I2C1_Initialize	;wreg free
  2443   0016CC                     
  2444                           ;mcc_generated_files/system/src/system.c: 43:     EUSART_Initialize();
  2445   0016CC  EC04  F00B         	call	_EUSART_Initialize	;wreg free
  2446   0016D0                     
  2447                           ;mcc_generated_files/system/src/system.c: 44:     NVM_Initialize();
  2448   0016D0  EC84  F00B         	call	_NVM_Initialize	;wreg free
  2449   0016D4                     
  2450                           ;mcc_generated_files/system/src/system.c: 45:     INTERRUPT_Initialize();
  2451   0016D4  ECEA  F00A         	call	_INTERRUPT_Initialize	;wreg free
  2452   0016D8  0012               	return		;funcret
  2453   0016DA                     __end_of_SYSTEM_Initialize:
  2454                           	callstack 0
  2455                           
  2456 ;; *************** function _PIN_MANAGER_Initialize *****************
  2457 ;; Defined at:
  2458 ;;		line 38 in file "mcc_generated_files/system/src/pins.c"
  2459 ;; Parameters:    Size  Location     Type
  2460 ;;		None
  2461 ;; Auto vars:     Size  Location     Type
  2462 ;;		None
  2463 ;; Return value:  Size  Location     Type
  2464 ;;                  1    wreg      void 
  2465 ;; Registers used:
  2466 ;;		wreg, status,2
  2467 ;; Tracked objects:
  2468 ;;		On entry : 0/0
  2469 ;;		On exit  : 0/0
  2470 ;;		Unchanged: 0/0
  2471 ;; Data sizes:     COMRAM   BANK0   BANK1   BANK2   BANK3   BANK4   BANK5   BANK6   BANK7   BANK8   BANK9  BANK10  BANK1
      +1  BANK12  BANK13  BANK14  BANK15
  2472 ;;      Params:         0       0       0       0       0       0       0       0       0       0       0       0       
      +0       0       0       0       0
  2473 ;;      Locals:         0       0       0       0       0       0       0       0       0       0       0       0       
      +0       0       0       0       0
  2474 ;;      Temps:          0       0       0       0       0       0       0       0       0       0       0       0       
      +0       0       0       0       0
  2475 ;;      Totals:         0       0       0       0       0       0       0       0       0       0       0       0       
      +0       0       0       0       0
  2476 ;;Total ram usage:        0 bytes
  2477 ;; Hardware stack levels used: 1
  2478 ;; Hardware stack levels required when called: 5
  2479 ;; This function calls:
  2480 ;;		Nothing
  2481 ;; This function is called by:
  2482 ;;		_SYSTEM_Initialize
  2483 ;; This function uses a non-reentrant model
  2484 ;;
  2485                           
  2486                           	psect	text6
  2487   00163C                     __ptext6:
  2488                           	callstack 0
  2489   00163C                     _PIN_MANAGER_Initialize:
  2490                           	callstack 24
  2491   00163C                     
  2492                           ;mcc_generated_files/system/src/pins.c: 43:     LATA = 0x0;
  2493   00163C  6A89               	clrf	137,c	;volatile
  2494                           
  2495                           ;mcc_generated_files/system/src/pins.c: 44:     LATB = 0x0;
  2496   00163E  6A8A               	clrf	138,c	;volatile
  2497   001640                     
  2498                           ;mcc_generated_files/system/src/pins.c: 45:     LATC = 0x58;
  2499   001640  0E58               	movlw	88
  2500   001642  6E8B               	movwf	139,c	;volatile
  2501   001644                     
  2502                           ;mcc_generated_files/system/src/pins.c: 46:     LATD = 0x0;
  2503   001644  6A8C               	clrf	140,c	;volatile
  2504   001646                     
  2505                           ;mcc_generated_files/system/src/pins.c: 47:     LATE = 0x0;
  2506   001646  6A8D               	clrf	141,c	;volatile
  2507   001648                     
  2508                           ;mcc_generated_files/system/src/pins.c: 55:     TRISA = 0xFF;
  2509   001648  6892               	setf	146,c	;volatile
  2510   00164A                     
  2511                           ;mcc_generated_files/system/src/pins.c: 56:     TRISB = 0xFF;
  2512   00164A  6893               	setf	147,c	;volatile
  2513                           
  2514                           ;mcc_generated_files/system/src/pins.c: 57:     TRISC = 0xBF;
  2515   00164C  0EBF               	movlw	191
  2516   00164E  6E94               	movwf	148,c	;volatile
  2517   001650                     
  2518                           ;mcc_generated_files/system/src/pins.c: 58:     TRISD = 0xFF;
  2519   001650  6895               	setf	149,c	;volatile
  2520                           
  2521                           ;mcc_generated_files/system/src/pins.c: 59:     TRISE = 0x7;
  2522   001652  0E07               	movlw	7
  2523   001654  6E96               	movwf	150,c	;volatile
  2524                           
  2525                           ;mcc_generated_files/system/src/pins.c: 64:     ANSELH = 0x1F;
  2526   001656  0E1F               	movlw	31
  2527   001658  6E7F               	movwf	127,c	;volatile
  2528   00165A                     
  2529                           ;mcc_generated_files/system/src/pins.c: 69:     WPUB = 0xFF;
  2530   00165A  687C               	setf	124,c	;volatile
  2531   00165C                     
  2532                           ;mcc_generated_files/system/src/pins.c: 90:     IOCB = 0x0;
  2533   00165C  6A7D               	clrf	125,c	;volatile
  2534   00165E                     
  2535                           ;mcc_generated_files/system/src/pins.c: 94:     INTCONbits.RBIE = 1;
  2536   00165E  86F2               	bsf	242,3,c	;volatile
  2537   001660  0012               	return		;funcret
  2538   001662                     __end_of_PIN_MANAGER_Initialize:
  2539                           	callstack 0
  2540                           
  2541 ;; *************** function _NVM_Initialize *****************
  2542 ;; Defined at:
  2543 ;;		line 44 in file "mcc_generated_files/nvm/src/nvm.c"
  2544 ;; Parameters:    Size  Location     Type
  2545 ;;		None
  2546 ;; Auto vars:     Size  Location     Type
  2547 ;;		None
  2548 ;; Return value:  Size  Location     Type
  2549 ;;                  1    wreg      void 
  2550 ;; Registers used:
  2551 ;;		cstack
  2552 ;; Tracked objects:
  2553 ;;		On entry : 0/0
  2554 ;;		On exit  : 0/0
  2555 ;;		Unchanged: 0/0
  2556 ;; Data sizes:     COMRAM   BANK0   BANK1   BANK2   BANK3   BANK4   BANK5   BANK6   BANK7   BANK8   BANK9  BANK10  BANK1
      +1  BANK12  BANK13  BANK14  BANK15
  2557 ;;      Params:         0       0       0       0       0       0       0       0       0       0       0       0       
      +0       0       0       0       0
  2558 ;;      Locals:         0       0       0       0       0       0       0       0       0       0       0       0       
      +0       0       0       0       0
  2559 ;;      Temps:          0       0       0       0       0       0       0       0       0       0       0       0       
      +0       0       0       0       0
  2560 ;;      Totals:         0       0       0       0       0       0       0       0       0       0       0       0       
      +0       0       0       0       0
  2561 ;;Total ram usage:        0 bytes
  2562 ;; Hardware stack levels used: 1
  2563 ;; Hardware stack levels required when called: 6
  2564 ;; This function calls:
  2565 ;;		_NVM_StatusClear
  2566 ;; This function is called by:
  2567 ;;		_SYSTEM_Initialize
  2568 ;; This function uses a non-reentrant model
  2569 ;;
  2570                           
  2571                           	psect	text7
  2572   001708                     __ptext7:
  2573                           	callstack 0
  2574   001708                     _NVM_Initialize:
  2575                           	callstack 23
  2576   001708                     
  2577                           ;mcc_generated_files/nvm/src/nvm.c: 46:     NVM_StatusClear();
  2578   001708  ECCF  F00B         	call	_NVM_StatusClear	;wreg free
  2579   00170C                     
  2580                           ;mcc_generated_files/nvm/src/nvm.c: 48:     PIR2bits.EEIF = 0;
  2581   00170C  98A1               	bcf	161,4,c	;volatile
  2582   00170E                     
  2583                           ;mcc_generated_files/nvm/src/nvm.c: 50:     PIE2bits.EEIE = 1;
  2584   00170E  88A0               	bsf	160,4,c	;volatile
  2585   001710  0012               	return		;funcret
  2586   001712                     __end_of_NVM_Initialize:
  2587                           	callstack 0
  2588                           
  2589 ;; *************** function _NVM_StatusClear *****************
  2590 ;; Defined at:
  2591 ;;		line 72 in file "mcc_generated_files/nvm/src/nvm.c"
  2592 ;; Parameters:    Size  Location     Type
  2593 ;;		None
  2594 ;; Auto vars:     Size  Location     Type
  2595 ;;		None
  2596 ;; Return value:  Size  Location     Type
  2597 ;;                  1    wreg      void 
  2598 ;; Registers used:
  2599 ;;		None
  2600 ;; Tracked objects:
  2601 ;;		On entry : 0/0
  2602 ;;		On exit  : 0/0
  2603 ;;		Unchanged: 0/0
  2604 ;; Data sizes:     COMRAM   BANK0   BANK1   BANK2   BANK3   BANK4   BANK5   BANK6   BANK7   BANK8   BANK9  BANK10  BANK1
      +1  BANK12  BANK13  BANK14  BANK15
  2605 ;;      Params:         0       0       0       0       0       0       0       0       0       0       0       0       
      +0       0       0       0       0
  2606 ;;      Locals:         0       0       0       0       0       0       0       0       0       0       0       0       
      +0       0       0       0       0
  2607 ;;      Temps:          0       0       0       0       0       0       0       0       0       0       0       0       
      +0       0       0       0       0
  2608 ;;      Totals:         0       0       0       0       0       0       0       0       0       0       0       0       
      +0       0       0       0       0
  2609 ;;Total ram usage:        0 bytes
  2610 ;; Hardware stack levels used: 1
  2611 ;; Hardware stack levels required when called: 5
  2612 ;; This function calls:
  2613 ;;		Nothing
  2614 ;; This function is called by:
  2615 ;;		_NVM_Initialize
  2616 ;; This function uses a non-reentrant model
  2617 ;;
  2618                           
  2619                           	psect	text8
  2620   00179E                     __ptext8:
  2621                           	callstack 0
  2622   00179E                     _NVM_StatusClear:
  2623                           	callstack 23
  2624   00179E                     
  2625                           ;mcc_generated_files/nvm/src/nvm.c: 74:     EECON1bits.WRERR = 0;
  2626   00179E  96A6               	bcf	166,3,c	;volsfr
  2627   0017A0  0012               	return		;funcret
  2628   0017A2                     __end_of_NVM_StatusClear:
  2629                           	callstack 0
  2630                           
  2631 ;; *************** function _INTERRUPT_Initialize *****************
  2632 ;; Defined at:
  2633 ;;		line 42 in file "mcc_generated_files/system/src/interrupt.c"
  2634 ;; Parameters:    Size  Location     Type
  2635 ;;		None
  2636 ;; Auto vars:     Size  Location     Type
  2637 ;;		None
  2638 ;; Return value:  Size  Location     Type
  2639 ;;                  1    wreg      void 
  2640 ;; Registers used:
  2641 ;;		wreg, status,2, status,0, cstack
  2642 ;; Tracked objects:
  2643 ;;		On entry : 0/0
  2644 ;;		On exit  : 0/0
  2645 ;;		Unchanged: 0/0
  2646 ;; Data sizes:     COMRAM   BANK0   BANK1   BANK2   BANK3   BANK4   BANK5   BANK6   BANK7   BANK8   BANK9  BANK10  BANK1
      +1  BANK12  BANK13  BANK14  BANK15
  2647 ;;      Params:         0       0       0       0       0       0       0       0       0       0       0       0       
      +0       0       0       0       0
  2648 ;;      Locals:         0       0       0       0       0       0       0       0       0       0       0       0       
      +0       0       0       0       0
  2649 ;;      Temps:          0       0       0       0       0       0       0       0       0       0       0       0       
      +0       0       0       0       0
  2650 ;;      Totals:         0       0       0       0       0       0       0       0       0       0       0       0       
      +0       0       0       0       0
  2651 ;;Total ram usage:        0 bytes
  2652 ;; Hardware stack levels used: 1
  2653 ;; Hardware stack levels required when called: 6
  2654 ;; This function calls:
  2655 ;;		_INT0_SetInterruptHandler
  2656 ;;		_INT1_SetInterruptHandler
  2657 ;;		_INT2_SetInterruptHandler
  2658 ;; This function is called by:
  2659 ;;		_SYSTEM_Initialize
  2660 ;; This function uses a non-reentrant model
  2661 ;;
  2662                           
  2663                           	psect	text9
  2664   0015D4                     __ptext9:
  2665                           	callstack 0
  2666   0015D4                     _INTERRUPT_Initialize:
  2667                           	callstack 23
  2668   0015D4                     
  2669                           ;mcc_generated_files/system/src/interrupt.c: 45:     RCONbits.IPEN = 0;
  2670   0015D4  9ED0               	bcf	208,7,c	;volatile
  2671                           
  2672                           ;mcc_generated_files/system/src/interrupt.c: 49:     (INTCONbits.INT0IF = 0);
  2673   0015D6  92F2               	bcf	242,1,c	;volatile
  2674                           
  2675                           ;mcc_generated_files/system/src/interrupt.c: 50:     (INTCON2bits.INTEDG0 = 1);
  2676   0015D8  8CF1               	bsf	241,6,c	;volatile
  2677   0015DA                     
  2678                           ;mcc_generated_files/system/src/interrupt.c: 52:     INT0_SetInterruptHandler(INT0_Defau
      +                          ltInterruptHandler);
  2679   0015DA  0E00               	movlw	0
  2680   0015DC  6E45               	movwf	INT0_SetInterruptHandler@InterruptHandler^0,c
  2681   0015DE  0E00               	movlw	0
  2682   0015E0  6E46               	movwf	(INT0_SetInterruptHandler@InterruptHandler+1)^0,c
  2683   0015E2  EC93  F00B         	call	_INT0_SetInterruptHandler	;wreg free
  2684   0015E6                     
  2685                           ;mcc_generated_files/system/src/interrupt.c: 57:     (INTCON3bits.INT1IF = 0);
  2686   0015E6  90F0               	bcf	240,0,c	;volatile
  2687   0015E8                     
  2688                           ;mcc_generated_files/system/src/interrupt.c: 58:     (INTCON2bits.INTEDG1 = 1);
  2689   0015E8  8AF1               	bsf	241,5,c	;volatile
  2690                           
  2691                           ;mcc_generated_files/system/src/interrupt.c: 60:     INT1_SetInterruptHandler(INT1_Defau
      +                          ltInterruptHandler);
  2692   0015EA  0E00               	movlw	0
  2693   0015EC  6E45               	movwf	INT1_SetInterruptHandler@InterruptHandler^0,c
  2694   0015EE  0E00               	movlw	0
  2695   0015F0  6E46               	movwf	(INT1_SetInterruptHandler@InterruptHandler+1)^0,c
  2696   0015F2  EC8E  F00B         	call	_INT1_SetInterruptHandler	;wreg free
  2697   0015F6                     
  2698                           ;mcc_generated_files/system/src/interrupt.c: 65:     (INTCON3bits.INT2IF = 0);
  2699   0015F6  92F0               	bcf	240,1,c	;volatile
  2700   0015F8                     
  2701                           ;mcc_generated_files/system/src/interrupt.c: 66:     (INTCON2bits.INTEDG2 = 1);
  2702   0015F8  88F1               	bsf	241,4,c	;volatile
  2703                           
  2704                           ;mcc_generated_files/system/src/interrupt.c: 68:     INT2_SetInterruptHandler(INT2_Defau
      +                          ltInterruptHandler);
  2705   0015FA  0E00               	movlw	0
  2706   0015FC  6E45               	movwf	INT2_SetInterruptHandler@InterruptHandler^0,c
  2707   0015FE  0E00               	movlw	0
  2708   001600  6E46               	movwf	(INT2_SetInterruptHandler@InterruptHandler+1)^0,c
  2709   001602  EC89  F00B         	call	_INT2_SetInterruptHandler	;wreg free
  2710   001606  0012               	return		;funcret
  2711   001608                     __end_of_INTERRUPT_Initialize:
  2712                           	callstack 0
  2713                           
  2714 ;; *************** function _INT2_SetInterruptHandler *****************
  2715 ;; Defined at:
  2716 ;;		line 178 in file "mcc_generated_files/system/src/interrupt.c"
  2717 ;; Parameters:    Size  Location     Type
  2718 ;;  InterruptHan    2   14[COMRAM] PTR FTN()void 
  2719 ;;		 -> INT2_DefaultInterruptHandler(1), 
  2720 ;; Auto vars:     Size  Location     Type
  2721 ;;		None
  2722 ;; Return value:  Size  Location     Type
  2723 ;;                  1    wreg      void 
  2724 ;; Registers used:
  2725 ;;		wreg, status,2, status,0
  2726 ;; Tracked objects:
  2727 ;;		On entry : 0/0
  2728 ;;		On exit  : 0/0
  2729 ;;		Unchanged: 0/0
  2730 ;; Data sizes:     COMRAM   BANK0   BANK1   BANK2   BANK3   BANK4   BANK5   BANK6   BANK7   BANK8   BANK9  BANK10  BANK1
      +1  BANK12  BANK13  BANK14  BANK15
  2731 ;;      Params:         2       0       0       0       0       0       0       0       0       0       0       0       
      +0       0       0       0       0
  2732 ;;      Locals:         0       0       0       0       0       0       0       0       0       0       0       0       
      +0       0       0       0       0
  2733 ;;      Temps:          0       0       0       0       0       0       0       0       0       0       0       0       
      +0       0       0       0       0
  2734 ;;      Totals:         2       0       0       0       0       0       0       0       0       0       0       0       
      +0       0       0       0       0
  2735 ;;Total ram usage:        2 bytes
  2736 ;; Hardware stack levels used: 1
  2737 ;; Hardware stack levels required when called: 5
  2738 ;; This function calls:
  2739 ;;		Nothing
  2740 ;; This function is called by:
  2741 ;;		_INTERRUPT_Initialize
  2742 ;; This function uses a non-reentrant model
  2743 ;;
  2744                           
  2745                           	psect	text10
  2746   001712                     __ptext10:
  2747                           	callstack 0
  2748   001712                     _INT2_SetInterruptHandler:
  2749                           	callstack 23
  2750   001712                     
  2751                           ;mcc_generated_files/system/src/interrupt.c: 179:     INT2_InterruptHandler = InterruptH
      +                          andler;
  2752   001712  C045  F020         	movff	INT2_SetInterruptHandler@InterruptHandler,_INT2_InterruptHandler
  2753   001716  C046  F021         	movff	INT2_SetInterruptHandler@InterruptHandler+1,_INT2_InterruptHandler+1
  2754   00171A  0012               	return		;funcret
  2755   00171C                     __end_of_INT2_SetInterruptHandler:
  2756                           	callstack 0
  2757                           
  2758 ;; *************** function _INT1_SetInterruptHandler *****************
  2759 ;; Defined at:
  2760 ;;		line 152 in file "mcc_generated_files/system/src/interrupt.c"
  2761 ;; Parameters:    Size  Location     Type
  2762 ;;  InterruptHan    2   14[COMRAM] PTR FTN()void 
  2763 ;;		 -> INT1_DefaultInterruptHandler(1), 
  2764 ;; Auto vars:     Size  Location     Type
  2765 ;;		None
  2766 ;; Return value:  Size  Location     Type
  2767 ;;                  1    wreg      void 
  2768 ;; Registers used:
  2769 ;;		wreg, status,2, status,0
  2770 ;; Tracked objects:
  2771 ;;		On entry : 0/0
  2772 ;;		On exit  : 0/0
  2773 ;;		Unchanged: 0/0
  2774 ;; Data sizes:     COMRAM   BANK0   BANK1   BANK2   BANK3   BANK4   BANK5   BANK6   BANK7   BANK8   BANK9  BANK10  BANK1
      +1  BANK12  BANK13  BANK14  BANK15
  2775 ;;      Params:         2       0       0       0       0       0       0       0       0       0       0       0       
      +0       0       0       0       0
  2776 ;;      Locals:         0       0       0       0       0       0       0       0       0       0       0       0       
      +0       0       0       0       0
  2777 ;;      Temps:          0       0       0       0       0       0       0       0       0       0       0       0       
      +0       0       0       0       0
  2778 ;;      Totals:         2       0       0       0       0       0       0       0       0       0       0       0       
      +0       0       0       0       0
  2779 ;;Total ram usage:        2 bytes
  2780 ;; Hardware stack levels used: 1
  2781 ;; Hardware stack levels required when called: 5
  2782 ;; This function calls:
  2783 ;;		Nothing
  2784 ;; This function is called by:
  2785 ;;		_INTERRUPT_Initialize
  2786 ;; This function uses a non-reentrant model
  2787 ;;
  2788                           
  2789                           	psect	text11
  2790   00171C                     __ptext11:
  2791                           	callstack 0
  2792   00171C                     _INT1_SetInterruptHandler:
  2793                           	callstack 23
  2794   00171C                     
  2795                           ;mcc_generated_files/system/src/interrupt.c: 153:     INT1_InterruptHandler = InterruptH
      +                          andler;
  2796   00171C  C045  F022         	movff	INT1_SetInterruptHandler@InterruptHandler,_INT1_InterruptHandler
  2797   001720  C046  F023         	movff	INT1_SetInterruptHandler@InterruptHandler+1,_INT1_InterruptHandler+1
  2798   001724  0012               	return		;funcret
  2799   001726                     __end_of_INT1_SetInterruptHandler:
  2800                           	callstack 0
  2801                           
  2802 ;; *************** function _INT0_SetInterruptHandler *****************
  2803 ;; Defined at:
  2804 ;;		line 126 in file "mcc_generated_files/system/src/interrupt.c"
  2805 ;; Parameters:    Size  Location     Type
  2806 ;;  InterruptHan    2   14[COMRAM] PTR FTN()void 
  2807 ;;		 -> INT0_DefaultInterruptHandler(1), 
  2808 ;; Auto vars:     Size  Location     Type
  2809 ;;		None
  2810 ;; Return value:  Size  Location     Type
  2811 ;;                  1    wreg      void 
  2812 ;; Registers used:
  2813 ;;		wreg, status,2, status,0
  2814 ;; Tracked objects:
  2815 ;;		On entry : 0/0
  2816 ;;		On exit  : 0/0
  2817 ;;		Unchanged: 0/0
  2818 ;; Data sizes:     COMRAM   BANK0   BANK1   BANK2   BANK3   BANK4   BANK5   BANK6   BANK7   BANK8   BANK9  BANK10  BANK1
      +1  BANK12  BANK13  BANK14  BANK15
  2819 ;;      Params:         2       0       0       0       0       0       0       0       0       0       0       0       
      +0       0       0       0       0
  2820 ;;      Locals:         0       0       0       0       0       0       0       0       0       0       0       0       
      +0       0       0       0       0
  2821 ;;      Temps:          0       0       0       0       0       0       0       0       0       0       0       0       
      +0       0       0       0       0
  2822 ;;      Totals:         2       0       0       0       0       0       0       0       0       0       0       0       
      +0       0       0       0       0
  2823 ;;Total ram usage:        2 bytes
  2824 ;; Hardware stack levels used: 1
  2825 ;; Hardware stack levels required when called: 5
  2826 ;; This function calls:
  2827 ;;		Nothing
  2828 ;; This function is called by:
  2829 ;;		_INTERRUPT_Initialize
  2830 ;; This function uses a non-reentrant model
  2831 ;;
  2832                           
  2833                           	psect	text12
  2834   001726                     __ptext12:
  2835                           	callstack 0
  2836   001726                     _INT0_SetInterruptHandler:
  2837                           	callstack 23
  2838   001726                     
  2839                           ;mcc_generated_files/system/src/interrupt.c: 127:     INT0_InterruptHandler = InterruptH
      +                          andler;
  2840   001726  C045  F024         	movff	INT0_SetInterruptHandler@InterruptHandler,_INT0_InterruptHandler
  2841   00172A  C046  F025         	movff	INT0_SetInterruptHandler@InterruptHandler+1,_INT0_InterruptHandler+1
  2842   00172E  0012               	return		;funcret
  2843   001730                     __end_of_INT0_SetInterruptHandler:
  2844                           	callstack 0
  2845                           
  2846 ;; *************** function _I2C1_Initialize *****************
  2847 ;; Defined at:
  2848 ;;		line 84 in file "mcc_generated_files/i2c_host/src/mssp.c"
  2849 ;; Parameters:    Size  Location     Type
  2850 ;;		None
  2851 ;; Auto vars:     Size  Location     Type
  2852 ;;		None
  2853 ;; Return value:  Size  Location     Type
  2854 ;;                  1    wreg      void 
  2855 ;; Registers used:
  2856 ;;		wreg, status,2
  2857 ;; Tracked objects:
  2858 ;;		On entry : 0/0
  2859 ;;		On exit  : 0/0
  2860 ;;		Unchanged: 0/0
  2861 ;; Data sizes:     COMRAM   BANK0   BANK1   BANK2   BANK3   BANK4   BANK5   BANK6   BANK7   BANK8   BANK9  BANK10  BANK1
      +1  BANK12  BANK13  BANK14  BANK15
  2862 ;;      Params:         0       0       0       0       0       0       0       0       0       0       0       0       
      +0       0       0       0       0
  2863 ;;      Locals:         0       0       0       0       0       0       0       0       0       0       0       0       
      +0       0       0       0       0
  2864 ;;      Temps:          0       0       0       0       0       0       0       0       0       0       0       0       
      +0       0       0       0       0
  2865 ;;      Totals:         0       0       0       0       0       0       0       0       0       0       0       0       
      +0       0       0       0       0
  2866 ;;Total ram usage:        0 bytes
  2867 ;; Hardware stack levels used: 1
  2868 ;; Hardware stack levels required when called: 5
  2869 ;; This function calls:
  2870 ;;		Nothing
  2871 ;; This function is called by:
  2872 ;;		_SYSTEM_Initialize
  2873 ;; This function uses a non-reentrant model
  2874 ;;
  2875                           
  2876                           	psect	text13
  2877   0016F2                     __ptext13:
  2878                           	callstack 0
  2879   0016F2                     _I2C1_Initialize:
  2880                           	callstack 24
  2881   0016F2                     
  2882                           ;mcc_generated_files/i2c_host/src/mssp.c: 87:     SSPSTAT = 0x80;
  2883   0016F2  0E80               	movlw	128
  2884   0016F4  6EC7               	movwf	199,c	;volatile
  2885                           
  2886                           ;mcc_generated_files/i2c_host/src/mssp.c: 89:     SSPCON1 = 0x8;
  2887   0016F6  0E08               	movlw	8
  2888   0016F8  6EC6               	movwf	198,c	;volatile
  2889   0016FA                     
  2890                           ;mcc_generated_files/i2c_host/src/mssp.c: 91:     SSPCON2 = 0x0;
  2891   0016FA  6AC5               	clrf	197,c	;volatile
  2892                           
  2893                           ;mcc_generated_files/i2c_host/src/mssp.c: 93:     SSPADD = 0x27;
  2894   0016FC  0E27               	movlw	39
  2895   0016FE  6EC8               	movwf	200,c	;volatile
  2896   001700                     
  2897                           ;mcc_generated_files/i2c_host/src/mssp.c: 94:     PIE1bits.SSPIE = 1;
  2898   001700  869D               	bsf	157,3,c	;volatile
  2899   001702                     
  2900                           ;mcc_generated_files/i2c_host/src/mssp.c: 95:     PIE2bits.BCLIE = 1;
  2901   001702  86A0               	bsf	160,3,c	;volatile
  2902   001704                     
  2903                           ;mcc_generated_files/i2c_host/src/mssp.c: 96:     SSPCON1bits.SSPEN = 1;
  2904   001704  8AC6               	bsf	198,5,c	;volatile
  2905   001706  0012               	return		;funcret
  2906   001708                     __end_of_I2C1_Initialize:
  2907                           	callstack 0
  2908                           
  2909 ;; *************** function _EUSART_Initialize *****************
  2910 ;; Defined at:
  2911 ;;		line 68 in file "mcc_generated_files/uart/src/eusart.c"
  2912 ;; Parameters:    Size  Location     Type
  2913 ;;		None
  2914 ;; Auto vars:     Size  Location     Type
  2915 ;;		None
  2916 ;; Return value:  Size  Location     Type
  2917 ;;                  1    wreg      void 
  2918 ;; Registers used:
  2919 ;;		wreg, status,2, status,0, cstack
  2920 ;; Tracked objects:
  2921 ;;		On entry : 0/0
  2922 ;;		On exit  : 0/0
  2923 ;;		Unchanged: 0/0
  2924 ;; Data sizes:     COMRAM   BANK0   BANK1   BANK2   BANK3   BANK4   BANK5   BANK6   BANK7   BANK8   BANK9  BANK10  BANK1
      +1  BANK12  BANK13  BANK14  BANK15
  2925 ;;      Params:         0       0       0       0       0       0       0       0       0       0       0       0       
      +0       0       0       0       0
  2926 ;;      Locals:         0       0       0       0       0       0       0       0       0       0       0       0       
      +0       0       0       0       0
  2927 ;;      Temps:          0       0       0       0       0       0       0       0       0       0       0       0       
      +0       0       0       0       0
  2928 ;;      Totals:         0       0       0       0       0       0       0       0       0       0       0       0       
      +0       0       0       0       0
  2929 ;;Total ram usage:        0 bytes
  2930 ;; Hardware stack levels used: 1
  2931 ;; Hardware stack levels required when called: 6
  2932 ;; This function calls:
  2933 ;;		_EUSART_FramingErrorCallbackRegister
  2934 ;;		_EUSART_OverrunErrorCallbackRegister
  2935 ;; This function is called by:
  2936 ;;		_SYSTEM_Initialize
  2937 ;; This function uses a non-reentrant model
  2938 ;;
  2939                           
  2940                           	psect	text14
  2941   001608                     __ptext14:
  2942                           	callstack 0
  2943   001608                     _EUSART_Initialize:
  2944                           	callstack 23
  2945   001608                     
  2946                           ;mcc_generated_files/uart/src/eusart.c: 73:     BAUDCON = 0x48;
  2947   001608  0E48               	movlw	72
  2948   00160A  6EB8               	movwf	184,c	;volatile
  2949                           
  2950                           ;mcc_generated_files/uart/src/eusart.c: 75:     RCSTA = 0x90;
  2951   00160C  0E90               	movlw	144
  2952   00160E  6EAB               	movwf	171,c	;volatile
  2953                           
  2954                           ;mcc_generated_files/uart/src/eusart.c: 77:     TXSTA = 0x26;
  2955   001610  0E26               	movlw	38
  2956   001612  6EAC               	movwf	172,c	;volatile
  2957                           
  2958                           ;mcc_generated_files/uart/src/eusart.c: 79:     SPBRG = 0xA0;
  2959   001614  0EA0               	movlw	160
  2960   001616  6EAF               	movwf	175,c	;volatile
  2961                           
  2962                           ;mcc_generated_files/uart/src/eusart.c: 81:     SPBRGH = 0x1;
  2963   001618  0E01               	movlw	1
  2964   00161A  6EB0               	movwf	176,c	;volatile
  2965   00161C                     
  2966                           ;mcc_generated_files/uart/src/eusart.c: 83:     EUSART_FramingErrorCallbackRegister(EUSA
      +                          RT_DefaultFramingErrorCallback);
  2967   00161C  0E00               	movlw	0
  2968   00161E  6E45               	movwf	EUSART_FramingErrorCallbackRegister@callbackHandler^0,c
  2969   001620  0E00               	movlw	0
  2970   001622  6E46               	movwf	(EUSART_FramingErrorCallbackRegister@callbackHandler+1)^0,c
  2971   001624  EC52  F00B         	call	_EUSART_FramingErrorCallbackRegister	;wreg free
  2972   001628                     
  2973                           ;mcc_generated_files/uart/src/eusart.c: 84:     EUSART_OverrunErrorCallbackRegister(EUSA
      +                          RT_DefaultOverrunErrorCallback);
  2974   001628  0E00               	movlw	0
  2975   00162A  6E45               	movwf	EUSART_OverrunErrorCallbackRegister@callbackHandler^0,c
  2976   00162C  0E00               	movlw	0
  2977   00162E  6E46               	movwf	(EUSART_OverrunErrorCallbackRegister@callbackHandler+1)^0,c
  2978   001630  EC44  F00B         	call	_EUSART_OverrunErrorCallbackRegister	;wreg free
  2979                           
  2980                           ;mcc_generated_files/uart/src/eusart.c: 85:     eusartRxLastError.status = 0;
  2981   001634  6A1F               	clrf	(_eusartRxLastError+1)^0,c	;volatile
  2982   001636  0E00               	movlw	0
  2983   001638  6E1E               	movwf	_eusartRxLastError^0,c	;volatile
  2984   00163A  0012               	return		;funcret
  2985   00163C                     __end_of_EUSART_Initialize:
  2986                           	callstack 0
  2987                           
  2988 ;; *************** function _EUSART_OverrunErrorCallbackRegister *****************
  2989 ;; Defined at:
  2990 ;;		line 234 in file "mcc_generated_files/uart/src/eusart.c"
  2991 ;; Parameters:    Size  Location     Type
  2992 ;;  callbackHand    2   14[COMRAM] PTR FTN()void 
  2993 ;;		 -> EUSART_DefaultOverrunErrorCallback(1), 
  2994 ;; Auto vars:     Size  Location     Type
  2995 ;;		None
  2996 ;; Return value:  Size  Location     Type
  2997 ;;                  1    wreg      void 
  2998 ;; Registers used:
  2999 ;;		wreg, status,2, status,0
  3000 ;; Tracked objects:
  3001 ;;		On entry : 0/0
  3002 ;;		On exit  : 0/0
  3003 ;;		Unchanged: 0/0
  3004 ;; Data sizes:     COMRAM   BANK0   BANK1   BANK2   BANK3   BANK4   BANK5   BANK6   BANK7   BANK8   BANK9  BANK10  BANK1
      +1  BANK12  BANK13  BANK14  BANK15
  3005 ;;      Params:         2       0       0       0       0       0       0       0       0       0       0       0       
      +0       0       0       0       0
  3006 ;;      Locals:         0       0       0       0       0       0       0       0       0       0       0       0       
      +0       0       0       0       0
  3007 ;;      Temps:          0       0       0       0       0       0       0       0       0       0       0       0       
      +0       0       0       0       0
  3008 ;;      Totals:         2       0       0       0       0       0       0       0       0       0       0       0       
      +0       0       0       0       0
  3009 ;;Total ram usage:        2 bytes
  3010 ;; Hardware stack levels used: 1
  3011 ;; Hardware stack levels required when called: 5
  3012 ;; This function calls:
  3013 ;;		Nothing
  3014 ;; This function is called by:
  3015 ;;		_EUSART_Initialize
  3016 ;; This function uses a non-reentrant model
  3017 ;;
  3018                           
  3019                           	psect	text15
  3020   001688                     __ptext15:
  3021                           	callstack 0
  3022   001688                     _EUSART_OverrunErrorCallbackRegister:
  3023                           	callstack 23
  3024   001688                     
  3025                           ;mcc_generated_files/uart/src/eusart.c: 234: void EUSART_OverrunErrorCallbackRegister(vo
      +                          id (* callbackHandler)(void));mcc_generated_files/uart/src/eusart.c: 235: {;mcc_generate
      +                          d_files/uart/src/eusart.c: 236:     if(((void*)0) != callbackHandler)
  3026   001688  5045               	movf	EUSART_OverrunErrorCallbackRegister@callbackHandler^0,w,c
  3027   00168A  1046               	iorwf	(EUSART_OverrunErrorCallbackRegister@callbackHandler+1)^0,w,c
  3028   00168C  B4D8               	btfsc	status,2,c
  3029   00168E  EF4B  F00B         	goto	u731
  3030   001692  EF4D  F00B         	goto	u730
  3031   001696                     u731:
  3032   001696  EF51  F00B         	goto	l662
  3033   00169A                     u730:
  3034   00169A                     
  3035                           ;mcc_generated_files/uart/src/eusart.c: 237:     {;mcc_generated_files/uart/src/eusart.c
      +                          : 238:         EUSART_OverrunErrorHandler = callbackHandler;
  3036   00169A  C045  F01A         	movff	EUSART_OverrunErrorCallbackRegister@callbackHandler,_EUSART_OverrunErrorHandler
  3037   00169E  C046  F01B         	movff	EUSART_OverrunErrorCallbackRegister@callbackHandler+1,_EUSART_OverrunErrorHandler
      +                          +1
  3038   0016A2                     l662:
  3039   0016A2  0012               	return		;funcret
  3040   0016A4                     __end_of_EUSART_OverrunErrorCallbackRegister:
  3041                           	callstack 0
  3042                           
  3043 ;; *************** function _EUSART_FramingErrorCallbackRegister *****************
  3044 ;; Defined at:
  3045 ;;		line 226 in file "mcc_generated_files/uart/src/eusart.c"
  3046 ;; Parameters:    Size  Location     Type
  3047 ;;  callbackHand    2   14[COMRAM] PTR FTN()void 
  3048 ;;		 -> EUSART_DefaultFramingErrorCallback(1), 
  3049 ;; Auto vars:     Size  Location     Type
  3050 ;;		None
  3051 ;; Return value:  Size  Location     Type
  3052 ;;                  1    wreg      void 
  3053 ;; Registers used:
  3054 ;;		wreg, status,2, status,0
  3055 ;; Tracked objects:
  3056 ;;		On entry : 0/0
  3057 ;;		On exit  : 0/0
  3058 ;;		Unchanged: 0/0
  3059 ;; Data sizes:     COMRAM   BANK0   BANK1   BANK2   BANK3   BANK4   BANK5   BANK6   BANK7   BANK8   BANK9  BANK10  BANK1
      +1  BANK12  BANK13  BANK14  BANK15
  3060 ;;      Params:         2       0       0       0       0       0       0       0       0       0       0       0       
      +0       0       0       0       0
  3061 ;;      Locals:         0       0       0       0       0       0       0       0       0       0       0       0       
      +0       0       0       0       0
  3062 ;;      Temps:          0       0       0       0       0       0       0       0       0       0       0       0       
      +0       0       0       0       0
  3063 ;;      Totals:         2       0       0       0       0       0       0       0       0       0       0       0       
      +0       0       0       0       0
  3064 ;;Total ram usage:        2 bytes
  3065 ;; Hardware stack levels used: 1
  3066 ;; Hardware stack levels required when called: 5
  3067 ;; This function calls:
  3068 ;;		Nothing
  3069 ;; This function is called by:
  3070 ;;		_EUSART_Initialize
  3071 ;; This function uses a non-reentrant model
  3072 ;;
  3073                           
  3074                           	psect	text16
  3075   0016A4                     __ptext16:
  3076                           	callstack 0
  3077   0016A4                     _EUSART_FramingErrorCallbackRegister:
  3078                           	callstack 23
  3079   0016A4                     
  3080                           ;mcc_generated_files/uart/src/eusart.c: 226: void EUSART_FramingErrorCallbackRegister(vo
      +                          id (* callbackHandler)(void));mcc_generated_files/uart/src/eusart.c: 227: {;mcc_generate
      +                          d_files/uart/src/eusart.c: 228:     if(((void*)0) != callbackHandler)
  3081   0016A4  5045               	movf	EUSART_FramingErrorCallbackRegister@callbackHandler^0,w,c
  3082   0016A6  1046               	iorwf	(EUSART_FramingErrorCallbackRegister@callbackHandler+1)^0,w,c
  3083   0016A8  B4D8               	btfsc	status,2,c
  3084   0016AA  EF59  F00B         	goto	u721
  3085   0016AE  EF5B  F00B         	goto	u720
  3086   0016B2                     u721:
  3087   0016B2  EF5F  F00B         	goto	l658
  3088   0016B6                     u720:
  3089   0016B6                     
  3090                           ;mcc_generated_files/uart/src/eusart.c: 229:     {;mcc_generated_files/uart/src/eusart.c
      +                          : 230:         EUSART_FramingErrorHandler = callbackHandler;
  3091   0016B6  C045  F01C         	movff	EUSART_FramingErrorCallbackRegister@callbackHandler,_EUSART_FramingErrorHandler
  3092   0016BA  C046  F01D         	movff	EUSART_FramingErrorCallbackRegister@callbackHandler+1,_EUSART_FramingErrorHandler
      +                          +1
  3093   0016BE                     l658:
  3094   0016BE  0012               	return		;funcret
  3095   0016C0                     __end_of_EUSART_FramingErrorCallbackRegister:
  3096                           	callstack 0
  3097                           
  3098 ;; *************** function _CLOCK_Initialize *****************
  3099 ;; Defined at:
  3100 ;;		line 40 in file "mcc_generated_files/system/src/clock.c"
  3101 ;; Parameters:    Size  Location     Type
  3102 ;;		None
  3103 ;; Auto vars:     Size  Location     Type
  3104 ;;		None
  3105 ;; Return value:  Size  Location     Type
  3106 ;;                  1    wreg      void 
  3107 ;; Registers used:
  3108 ;;		wreg, status,2
  3109 ;; Tracked objects:
  3110 ;;		On entry : 0/0
  3111 ;;		On exit  : 0/0
  3112 ;;		Unchanged: 0/0
  3113 ;; Data sizes:     COMRAM   BANK0   BANK1   BANK2   BANK3   BANK4   BANK5   BANK6   BANK7   BANK8   BANK9  BANK10  BANK1
      +1  BANK12  BANK13  BANK14  BANK15
  3114 ;;      Params:         0       0       0       0       0       0       0       0       0       0       0       0       
      +0       0       0       0       0
  3115 ;;      Locals:         0       0       0       0       0       0       0       0       0       0       0       0       
      +0       0       0       0       0
  3116 ;;      Temps:          0       0       0       0       0       0       0       0       0       0       0       0       
      +0       0       0       0       0
  3117 ;;      Totals:         0       0       0       0       0       0       0       0       0       0       0       0       
      +0       0       0       0       0
  3118 ;;Total ram usage:        0 bytes
  3119 ;; Hardware stack levels used: 1
  3120 ;; Hardware stack levels required when called: 5
  3121 ;; This function calls:
  3122 ;;		Nothing
  3123 ;; This function is called by:
  3124 ;;		_SYSTEM_Initialize
  3125 ;; This function uses a non-reentrant model
  3126 ;;
  3127                           
  3128                           	psect	text17
  3129   001760                     __ptext17:
  3130                           	callstack 0
  3131   001760                     _CLOCK_Initialize:
  3132                           	callstack 24
  3133   001760                     
  3134                           ;mcc_generated_files/system/src/clock.c: 42:     OSCCON = (0 << 0x0)
  3135   001760  0E70               	movlw	112
  3136   001762  6ED3               	movwf	211,c	;volatile
  3137   001764                     
  3138                           ;mcc_generated_files/system/src/clock.c: 46:     OSCTUNE = (0 << 0x0)
  3139   001764  6A9B               	clrf	155,c	;volatile
  3140   001766  0012               	return		;funcret
  3141   001768                     __end_of_CLOCK_Initialize:
  3142                           	callstack 0
  3143                           
  3144 ;; *************** function _RealTimeClock_DS1307_GET_DATE_TIME *****************
  3145 ;; Defined at:
  3146 ;;		line 47 in file "HAL_LAYER/RealTimeClock_DS1307/RealTimeClock_DS1307.c"
  3147 ;; Parameters:    Size  Location     Type
  3148 ;;		None
  3149 ;; Auto vars:     Size  Location     Type
  3150 ;;		None
  3151 ;; Return value:  Size  Location     Type
  3152 ;;                  6   22[COMRAM] struct .
  3153 ;; Registers used:
  3154 ;;		wreg, fsr0l, fsr0h, fsr2l, fsr2h, status,2, status,0, cstack
  3155 ;; Tracked objects:
  3156 ;;		On entry : 0/0
  3157 ;;		On exit  : 0/0
  3158 ;;		Unchanged: 0/0
  3159 ;; Data sizes:     COMRAM   BANK0   BANK1   BANK2   BANK3   BANK4   BANK5   BANK6   BANK7   BANK8   BANK9  BANK10  BANK1
      +1  BANK12  BANK13  BANK14  BANK15
  3160 ;;      Params:         6       0       0       0       0       0       0       0       0       0       0       0       
      +0       0       0       0       0
  3161 ;;      Locals:         0       0       0       0       0       0       0       0       0       0       0       0       
      +0       0       0       0       0
  3162 ;;      Temps:          0       0       0       0       0       0       0       0       0       0       0       0       
      +0       0       0       0       0
  3163 ;;      Totals:         6       0       0       0       0       0       0       0       0       0       0       0       
      +0       0       0       0       0
  3164 ;;Total ram usage:        6 bytes
  3165 ;; Hardware stack levels used: 1
  3166 ;; Hardware stack levels required when called: 8
  3167 ;; This function calls:
  3168 ;;		_RealTimeClock_DS1307_GET_DAY
  3169 ;;		_RealTimeClock_DS1307_GET_HOURS
  3170 ;;		_RealTimeClock_DS1307_GET_MINUTES
  3171 ;;		_RealTimeClock_DS1307_GET_MONTH
  3172 ;;		_RealTimeClock_DS1307_GET_SECONDS
  3173 ;;		_RealTimeClock_DS1307_GET_YEAR
  3174 ;; This function is called by:
  3175 ;;		_main
  3176 ;; This function uses a non-reentrant model
  3177 ;;
  3178                           
  3179                           	psect	text18
  3180   001458                     __ptext18:
  3181                           	callstack 0
  3182   001458                     _RealTimeClock_DS1307_GET_DATE_TIME:
  3183                           	callstack 22
  3184   001458                     
  3185                           ;HAL_LAYER/RealTimeClock_DS1307/RealTimeClock_DS1307.c: 48:     RealTimeClock_DS1307.Sec
      +                          onds = RealTimeClock_DS1307_GET_SECONDS();
  3186   001458  EC63  F00A         	call	_RealTimeClock_DS1307_GET_SECONDS	;wreg free
  3187   00145C  6E14               	movwf	_RealTimeClock_DS1307@RealTimeClock_DS1307$F83^0,c
  3188                           
  3189                           ;HAL_LAYER/RealTimeClock_DS1307/RealTimeClock_DS1307.c: 49:     RealTimeClock_DS1307.Min
      +                          utes = RealTimeClock_DS1307_GET_MINUTES();
  3190   00145E  EC99  F00A         	call	_RealTimeClock_DS1307_GET_MINUTES	;wreg free
  3191   001462  6E15               	movwf	(_RealTimeClock_DS1307@RealTimeClock_DS1307$F83+1)^0,c
  3192                           
  3193                           ;HAL_LAYER/RealTimeClock_DS1307/RealTimeClock_DS1307.c: 50:     RealTimeClock_DS1307.Hou
      +                          rs = RealTimeClock_DS1307_GET_HOURS();
  3194   001464  ECB4  F00A         	call	_RealTimeClock_DS1307_GET_HOURS	;wreg free
  3195   001468  6E16               	movwf	(_RealTimeClock_DS1307@RealTimeClock_DS1307$F83+2)^0,c
  3196                           
  3197                           ;HAL_LAYER/RealTimeClock_DS1307/RealTimeClock_DS1307.c: 51:     RealTimeClock_DS1307.Day
      +                           = RealTimeClock_DS1307_GET_DAY();
  3198   00146A  ECCF  F00A         	call	_RealTimeClock_DS1307_GET_DAY	;wreg free
  3199   00146E  6E17               	movwf	(_RealTimeClock_DS1307@RealTimeClock_DS1307$F83+3)^0,c
  3200                           
  3201                           ;HAL_LAYER/RealTimeClock_DS1307/RealTimeClock_DS1307.c: 52:     RealTimeClock_DS1307.Mon
      +                          th = RealTimeClock_DS1307_GET_MONTH();
  3202   001470  EC7E  F00A         	call	_RealTimeClock_DS1307_GET_MONTH	;wreg free
  3203   001474  6E18               	movwf	(_RealTimeClock_DS1307@RealTimeClock_DS1307$F83+4)^0,c
  3204                           
  3205                           ;HAL_LAYER/RealTimeClock_DS1307/RealTimeClock_DS1307.c: 53:     RealTimeClock_DS1307.Yea
      +                          r = RealTimeClock_DS1307_GET_YEAR();
  3206   001476  EC48  F00A         	call	_RealTimeClock_DS1307_GET_YEAR	;wreg free
  3207   00147A  6E19               	movwf	(_RealTimeClock_DS1307@RealTimeClock_DS1307$F83+5)^0,c
  3208   00147C                     
  3209                           ;HAL_LAYER/RealTimeClock_DS1307/RealTimeClock_DS1307.c: 54:     return RealTimeClock_DS1
      +                          307;
  3210   00147C  EE20  F014         	lfsr	2,_RealTimeClock_DS1307@RealTimeClock_DS1307$F83
  3211   001480  EE00  F04D         	lfsr	0,?_RealTimeClock_DS1307_GET_DATE_TIME
  3212   001484  0E05               	movlw	5
  3213   001486                     u851:
  3214   001486  CFDB FFEB          	movff	plusw2,plusw0
  3215   00148A  06E8               	decf	wreg,f,c
  3216   00148C  E2FC               	bc	u851
  3217   00148E  0012               	return		;funcret
  3218   001490                     __end_of_RealTimeClock_DS1307_GET_DATE_TIME:
  3219                           	callstack 0
  3220                           
  3221 ;; *************** function _RealTimeClock_DS1307_GET_YEAR *****************
  3222 ;; Defined at:
  3223 ;;		line 42 in file "HAL_LAYER/RealTimeClock_DS1307/RealTimeClock_DS1307.c"
  3224 ;; Parameters:    Size  Location     Type
  3225 ;;		None
  3226 ;; Auto vars:     Size  Location     Type
  3227 ;;		None
  3228 ;; Return value:  Size  Location     Type
  3229 ;;                  1    wreg      unsigned char 
  3230 ;; Registers used:
  3231 ;;		wreg, status,2, status,0, cstack
  3232 ;; Tracked objects:
  3233 ;;		On entry : 0/0
  3234 ;;		On exit  : 0/0
  3235 ;;		Unchanged: 0/0
  3236 ;; Data sizes:     COMRAM   BANK0   BANK1   BANK2   BANK3   BANK4   BANK5   BANK6   BANK7   BANK8   BANK9  BANK10  BANK1
      +1  BANK12  BANK13  BANK14  BANK15
  3237 ;;      Params:         0       0       0       0       0       0       0       0       0       0       0       0       
      +0       0       0       0       0
  3238 ;;      Locals:         0       0       0       0       0       0       0       0       0       0       0       0       
      +0       0       0       0       0
  3239 ;;      Temps:          0       0       0       0       0       0       0       0       0       0       0       0       
      +0       0       0       0       0
  3240 ;;      Totals:         0       0       0       0       0       0       0       0       0       0       0       0       
      +0       0       0       0       0
  3241 ;;Total ram usage:        0 bytes
  3242 ;; Hardware stack levels used: 1
  3243 ;; Hardware stack levels required when called: 6
  3244 ;; This function calls:
  3245 ;;		_I2C1_IsBusy
  3246 ;;		_I2C1_WriteRead
  3247 ;; This function is called by:
  3248 ;;		_RealTimeClock_DS1307_GET_DATE_TIME
  3249 ;; This function uses a non-reentrant model
  3250 ;;
  3251                           
  3252                           	psect	text19
  3253   001490                     __ptext19:
  3254                           	callstack 0
  3255   001490                     _RealTimeClock_DS1307_GET_YEAR:
  3256                           	callstack 23
  3257   001490                     
  3258                           ;HAL_LAYER/RealTimeClock_DS1307/RealTimeClock_DS1307.c: 43:     I2C1_WriteRead(0xD0U, DS
      +                          1307_Reg + 5, 1, &ret_year, 1);
  3259   001490  6A46               	clrf	(I2C1_WriteRead@address+1)^0,c
  3260   001492  0ED0               	movlw	208
  3261   001494  6E45               	movwf	I2C1_WriteRead@address^0,c
  3262   001496  0E58               	movlw	low (_DS1307_Reg+5)
  3263   001498  6E47               	movwf	I2C1_WriteRead@writeData^0,c
  3264   00149A  6A49               	clrf	(I2C1_WriteRead@writeLength+1)^0,c
  3265   00149C  0E01               	movlw	1
  3266   00149E  6E48               	movwf	I2C1_WriteRead@writeLength^0,c
  3267   0014A0  0E31               	movlw	low _ret_year
  3268   0014A2  6E4A               	movwf	I2C1_WriteRead@readData^0,c
  3269   0014A4  6A4C               	clrf	(I2C1_WriteRead@readLength+1)^0,c
  3270   0014A6  0E01               	movlw	1
  3271   0014A8  6E4B               	movwf	I2C1_WriteRead@readLength^0,c
  3272   0014AA  ECAB  F009         	call	_I2C1_WriteRead	;wreg free
  3273   0014AE                     l2347:
  3274   0014AE  ECD1  F00B         	call	_I2C1_IsBusy	;wreg free
  3275   0014B2  0900               	iorlw	0
  3276   0014B4  A4D8               	btfss	status,2,c
  3277   0014B6  EF5F  F00A         	goto	u841
  3278   0014BA  EF61  F00A         	goto	u840
  3279   0014BE                     u841:
  3280   0014BE  EF57  F00A         	goto	l2347
  3281   0014C2                     u840:
  3282   0014C2                     
  3283                           ;HAL_LAYER/RealTimeClock_DS1307/RealTimeClock_DS1307.c: 45:     return ret_year;
  3284   0014C2  5031               	movf	_ret_year^0,w,c
  3285   0014C4  0012               	return		;funcret
  3286   0014C6                     __end_of_RealTimeClock_DS1307_GET_YEAR:
  3287                           	callstack 0
  3288                           
  3289 ;; *************** function _RealTimeClock_DS1307_GET_SECONDS *****************
  3290 ;; Defined at:
  3291 ;;		line 17 in file "HAL_LAYER/RealTimeClock_DS1307/RealTimeClock_DS1307.c"
  3292 ;; Parameters:    Size  Location     Type
  3293 ;;		None
  3294 ;; Auto vars:     Size  Location     Type
  3295 ;;		None
  3296 ;; Return value:  Size  Location     Type
  3297 ;;                  1    wreg      unsigned char 
  3298 ;; Registers used:
  3299 ;;		wreg, status,2, status,0, cstack
  3300 ;; Tracked objects:
  3301 ;;		On entry : 0/0
  3302 ;;		On exit  : 0/0
  3303 ;;		Unchanged: 0/0
  3304 ;; Data sizes:     COMRAM   BANK0   BANK1   BANK2   BANK3   BANK4   BANK5   BANK6   BANK7   BANK8   BANK9  BANK10  BANK1
      +1  BANK12  BANK13  BANK14  BANK15
  3305 ;;      Params:         0       0       0       0       0       0       0       0       0       0       0       0       
      +0       0       0       0       0
  3306 ;;      Locals:         0       0       0       0       0       0       0       0       0       0       0       0       
      +0       0       0       0       0
  3307 ;;      Temps:          0       0       0       0       0       0       0       0       0       0       0       0       
      +0       0       0       0       0
  3308 ;;      Totals:         0       0       0       0       0       0       0       0       0       0       0       0       
      +0       0       0       0       0
  3309 ;;Total ram usage:        0 bytes
  3310 ;; Hardware stack levels used: 1
  3311 ;; Hardware stack levels required when called: 6
  3312 ;; This function calls:
  3313 ;;		_I2C1_IsBusy
  3314 ;;		_I2C1_WriteRead
  3315 ;; This function is called by:
  3316 ;;		_RealTimeClock_DS1307_GET_DATE_TIME
  3317 ;; This function uses a non-reentrant model
  3318 ;;
  3319                           
  3320                           	psect	text20
  3321   0014C6                     __ptext20:
  3322                           	callstack 0
  3323   0014C6                     _RealTimeClock_DS1307_GET_SECONDS:
  3324                           	callstack 23
  3325   0014C6                     
  3326                           ;HAL_LAYER/RealTimeClock_DS1307/RealTimeClock_DS1307.c: 18:     I2C1_WriteRead(0xD0U, DS
      +                          1307_Reg, 1, &ret_seconds, 1);
  3327   0014C6  6A46               	clrf	(I2C1_WriteRead@address+1)^0,c
  3328   0014C8  0ED0               	movlw	208
  3329   0014CA  6E45               	movwf	I2C1_WriteRead@address^0,c
  3330   0014CC  0E53               	movlw	low _DS1307_Reg
  3331   0014CE  6E47               	movwf	I2C1_WriteRead@writeData^0,c
  3332   0014D0  6A49               	clrf	(I2C1_WriteRead@writeLength+1)^0,c
  3333   0014D2  0E01               	movlw	1
  3334   0014D4  6E48               	movwf	I2C1_WriteRead@writeLength^0,c
  3335   0014D6  0E36               	movlw	low _ret_seconds
  3336   0014D8  6E4A               	movwf	I2C1_WriteRead@readData^0,c
  3337   0014DA  6A4C               	clrf	(I2C1_WriteRead@readLength+1)^0,c
  3338   0014DC  0E01               	movlw	1
  3339   0014DE  6E4B               	movwf	I2C1_WriteRead@readLength^0,c
  3340   0014E0  ECAB  F009         	call	_I2C1_WriteRead	;wreg free
  3341   0014E4                     l2307:
  3342   0014E4  ECD1  F00B         	call	_I2C1_IsBusy	;wreg free
  3343   0014E8  0900               	iorlw	0
  3344   0014EA  A4D8               	btfss	status,2,c
  3345   0014EC  EF7A  F00A         	goto	u791
  3346   0014F0  EF7C  F00A         	goto	u790
  3347   0014F4                     u791:
  3348   0014F4  EF72  F00A         	goto	l2307
  3349   0014F8                     u790:
  3350   0014F8                     
  3351                           ;HAL_LAYER/RealTimeClock_DS1307/RealTimeClock_DS1307.c: 20:     return ret_seconds;
  3352   0014F8  5036               	movf	_ret_seconds^0,w,c
  3353   0014FA  0012               	return		;funcret
  3354   0014FC                     __end_of_RealTimeClock_DS1307_GET_SECONDS:
  3355                           	callstack 0
  3356                           
  3357 ;; *************** function _RealTimeClock_DS1307_GET_MONTH *****************
  3358 ;; Defined at:
  3359 ;;		line 37 in file "HAL_LAYER/RealTimeClock_DS1307/RealTimeClock_DS1307.c"
  3360 ;; Parameters:    Size  Location     Type
  3361 ;;		None
  3362 ;; Auto vars:     Size  Location     Type
  3363 ;;		None
  3364 ;; Return value:  Size  Location     Type
  3365 ;;                  1    wreg      unsigned char 
  3366 ;; Registers used:
  3367 ;;		wreg, status,2, status,0, cstack
  3368 ;; Tracked objects:
  3369 ;;		On entry : 0/0
  3370 ;;		On exit  : 0/0
  3371 ;;		Unchanged: 0/0
  3372 ;; Data sizes:     COMRAM   BANK0   BANK1   BANK2   BANK3   BANK4   BANK5   BANK6   BANK7   BANK8   BANK9  BANK10  BANK1
      +1  BANK12  BANK13  BANK14  BANK15
  3373 ;;      Params:         0       0       0       0       0       0       0       0       0       0       0       0       
      +0       0       0       0       0
  3374 ;;      Locals:         0       0       0       0       0       0       0       0       0       0       0       0       
      +0       0       0       0       0
  3375 ;;      Temps:          0       0       0       0       0       0       0       0       0       0       0       0       
      +0       0       0       0       0
  3376 ;;      Totals:         0       0       0       0       0       0       0       0       0       0       0       0       
      +0       0       0       0       0
  3377 ;;Total ram usage:        0 bytes
  3378 ;; Hardware stack levels used: 1
  3379 ;; Hardware stack levels required when called: 6
  3380 ;; This function calls:
  3381 ;;		_I2C1_IsBusy
  3382 ;;		_I2C1_WriteRead
  3383 ;; This function is called by:
  3384 ;;		_RealTimeClock_DS1307_GET_DATE_TIME
  3385 ;; This function uses a non-reentrant model
  3386 ;;
  3387                           
  3388                           	psect	text21
  3389   0014FC                     __ptext21:
  3390                           	callstack 0
  3391   0014FC                     _RealTimeClock_DS1307_GET_MONTH:
  3392                           	callstack 23
  3393   0014FC                     
  3394                           ;HAL_LAYER/RealTimeClock_DS1307/RealTimeClock_DS1307.c: 38:     I2C1_WriteRead(0xD0U, DS
      +                          1307_Reg + 4, 1, &ret_month, 1);
  3395   0014FC  6A46               	clrf	(I2C1_WriteRead@address+1)^0,c
  3396   0014FE  0ED0               	movlw	208
  3397   001500  6E45               	movwf	I2C1_WriteRead@address^0,c
  3398   001502  0E57               	movlw	low (_DS1307_Reg+4)
  3399   001504  6E47               	movwf	I2C1_WriteRead@writeData^0,c
  3400   001506  6A49               	clrf	(I2C1_WriteRead@writeLength+1)^0,c
  3401   001508  0E01               	movlw	1
  3402   00150A  6E48               	movwf	I2C1_WriteRead@writeLength^0,c
  3403   00150C  0E32               	movlw	low _ret_month
  3404   00150E  6E4A               	movwf	I2C1_WriteRead@readData^0,c
  3405   001510  6A4C               	clrf	(I2C1_WriteRead@readLength+1)^0,c
  3406   001512  0E01               	movlw	1
  3407   001514  6E4B               	movwf	I2C1_WriteRead@readLength^0,c
  3408   001516  ECAB  F009         	call	_I2C1_WriteRead	;wreg free
  3409   00151A                     l2339:
  3410   00151A  ECD1  F00B         	call	_I2C1_IsBusy	;wreg free
  3411   00151E  0900               	iorlw	0
  3412   001520  A4D8               	btfss	status,2,c
  3413   001522  EF95  F00A         	goto	u831
  3414   001526  EF97  F00A         	goto	u830
  3415   00152A                     u831:
  3416   00152A  EF8D  F00A         	goto	l2339
  3417   00152E                     u830:
  3418   00152E                     
  3419                           ;HAL_LAYER/RealTimeClock_DS1307/RealTimeClock_DS1307.c: 40:     return ret_month;
  3420   00152E  5032               	movf	_ret_month^0,w,c
  3421   001530  0012               	return		;funcret
  3422   001532                     __end_of_RealTimeClock_DS1307_GET_MONTH:
  3423                           	callstack 0
  3424                           
  3425 ;; *************** function _RealTimeClock_DS1307_GET_MINUTES *****************
  3426 ;; Defined at:
  3427 ;;		line 22 in file "HAL_LAYER/RealTimeClock_DS1307/RealTimeClock_DS1307.c"
  3428 ;; Parameters:    Size  Location     Type
  3429 ;;		None
  3430 ;; Auto vars:     Size  Location     Type
  3431 ;;		None
  3432 ;; Return value:  Size  Location     Type
  3433 ;;                  1    wreg      unsigned char 
  3434 ;; Registers used:
  3435 ;;		wreg, status,2, status,0, cstack
  3436 ;; Tracked objects:
  3437 ;;		On entry : 0/0
  3438 ;;		On exit  : 0/0
  3439 ;;		Unchanged: 0/0
  3440 ;; Data sizes:     COMRAM   BANK0   BANK1   BANK2   BANK3   BANK4   BANK5   BANK6   BANK7   BANK8   BANK9  BANK10  BANK1
      +1  BANK12  BANK13  BANK14  BANK15
  3441 ;;      Params:         0       0       0       0       0       0       0       0       0       0       0       0       
      +0       0       0       0       0
  3442 ;;      Locals:         0       0       0       0       0       0       0       0       0       0       0       0       
      +0       0       0       0       0
  3443 ;;      Temps:          0       0       0       0       0       0       0       0       0       0       0       0       
      +0       0       0       0       0
  3444 ;;      Totals:         0       0       0       0       0       0       0       0       0       0       0       0       
      +0       0       0       0       0
  3445 ;;Total ram usage:        0 bytes
  3446 ;; Hardware stack levels used: 1
  3447 ;; Hardware stack levels required when called: 6
  3448 ;; This function calls:
  3449 ;;		_I2C1_IsBusy
  3450 ;;		_I2C1_WriteRead
  3451 ;; This function is called by:
  3452 ;;		_RealTimeClock_DS1307_GET_DATE_TIME
  3453 ;; This function uses a non-reentrant model
  3454 ;;
  3455                           
  3456                           	psect	text22
  3457   001532                     __ptext22:
  3458                           	callstack 0
  3459   001532                     _RealTimeClock_DS1307_GET_MINUTES:
  3460                           	callstack 23
  3461   001532                     
  3462                           ;HAL_LAYER/RealTimeClock_DS1307/RealTimeClock_DS1307.c: 23:     I2C1_WriteRead(0xD0U, DS
      +                          1307_Reg + 1, 1, &ret_minutes, 1);
  3463   001532  6A46               	clrf	(I2C1_WriteRead@address+1)^0,c
  3464   001534  0ED0               	movlw	208
  3465   001536  6E45               	movwf	I2C1_WriteRead@address^0,c
  3466   001538  0E54               	movlw	low (_DS1307_Reg+1)
  3467   00153A  6E47               	movwf	I2C1_WriteRead@writeData^0,c
  3468   00153C  6A49               	clrf	(I2C1_WriteRead@writeLength+1)^0,c
  3469   00153E  0E01               	movlw	1
  3470   001540  6E48               	movwf	I2C1_WriteRead@writeLength^0,c
  3471   001542  0E35               	movlw	low _ret_minutes
  3472   001544  6E4A               	movwf	I2C1_WriteRead@readData^0,c
  3473   001546  6A4C               	clrf	(I2C1_WriteRead@readLength+1)^0,c
  3474   001548  0E01               	movlw	1
  3475   00154A  6E4B               	movwf	I2C1_WriteRead@readLength^0,c
  3476   00154C  ECAB  F009         	call	_I2C1_WriteRead	;wreg free
  3477   001550                     l2315:
  3478   001550  ECD1  F00B         	call	_I2C1_IsBusy	;wreg free
  3479   001554  0900               	iorlw	0
  3480   001556  A4D8               	btfss	status,2,c
  3481   001558  EFB0  F00A         	goto	u801
  3482   00155C  EFB2  F00A         	goto	u800
  3483   001560                     u801:
  3484   001560  EFA8  F00A         	goto	l2315
  3485   001564                     u800:
  3486   001564                     
  3487                           ;HAL_LAYER/RealTimeClock_DS1307/RealTimeClock_DS1307.c: 25:     return ret_minutes;
  3488   001564  5035               	movf	_ret_minutes^0,w,c
  3489   001566  0012               	return		;funcret
  3490   001568                     __end_of_RealTimeClock_DS1307_GET_MINUTES:
  3491                           	callstack 0
  3492                           
  3493 ;; *************** function _RealTimeClock_DS1307_GET_HOURS *****************
  3494 ;; Defined at:
  3495 ;;		line 27 in file "HAL_LAYER/RealTimeClock_DS1307/RealTimeClock_DS1307.c"
  3496 ;; Parameters:    Size  Location     Type
  3497 ;;		None
  3498 ;; Auto vars:     Size  Location     Type
  3499 ;;		None
  3500 ;; Return value:  Size  Location     Type
  3501 ;;                  1    wreg      unsigned char 
  3502 ;; Registers used:
  3503 ;;		wreg, status,2, status,0, cstack
  3504 ;; Tracked objects:
  3505 ;;		On entry : 0/0
  3506 ;;		On exit  : 0/0
  3507 ;;		Unchanged: 0/0
  3508 ;; Data sizes:     COMRAM   BANK0   BANK1   BANK2   BANK3   BANK4   BANK5   BANK6   BANK7   BANK8   BANK9  BANK10  BANK1
      +1  BANK12  BANK13  BANK14  BANK15
  3509 ;;      Params:         0       0       0       0       0       0       0       0       0       0       0       0       
      +0       0       0       0       0
  3510 ;;      Locals:         0       0       0       0       0       0       0       0       0       0       0       0       
      +0       0       0       0       0
  3511 ;;      Temps:          0       0       0       0       0       0       0       0       0       0       0       0       
      +0       0       0       0       0
  3512 ;;      Totals:         0       0       0       0       0       0       0       0       0       0       0       0       
      +0       0       0       0       0
  3513 ;;Total ram usage:        0 bytes
  3514 ;; Hardware stack levels used: 1
  3515 ;; Hardware stack levels required when called: 6
  3516 ;; This function calls:
  3517 ;;		_I2C1_IsBusy
  3518 ;;		_I2C1_WriteRead
  3519 ;; This function is called by:
  3520 ;;		_RealTimeClock_DS1307_GET_DATE_TIME
  3521 ;; This function uses a non-reentrant model
  3522 ;;
  3523                           
  3524                           	psect	text23
  3525   001568                     __ptext23:
  3526                           	callstack 0
  3527   001568                     _RealTimeClock_DS1307_GET_HOURS:
  3528                           	callstack 23
  3529   001568                     
  3530                           ;HAL_LAYER/RealTimeClock_DS1307/RealTimeClock_DS1307.c: 28:     I2C1_WriteRead(0xD0U, DS
      +                          1307_Reg + 2, 1, &ret_hours, 1);
  3531   001568  6A46               	clrf	(I2C1_WriteRead@address+1)^0,c
  3532   00156A  0ED0               	movlw	208
  3533   00156C  6E45               	movwf	I2C1_WriteRead@address^0,c
  3534   00156E  0E55               	movlw	low (_DS1307_Reg+2)
  3535   001570  6E47               	movwf	I2C1_WriteRead@writeData^0,c
  3536   001572  6A49               	clrf	(I2C1_WriteRead@writeLength+1)^0,c
  3537   001574  0E01               	movlw	1
  3538   001576  6E48               	movwf	I2C1_WriteRead@writeLength^0,c
  3539   001578  0E34               	movlw	low _ret_hours
  3540   00157A  6E4A               	movwf	I2C1_WriteRead@readData^0,c
  3541   00157C  6A4C               	clrf	(I2C1_WriteRead@readLength+1)^0,c
  3542   00157E  0E01               	movlw	1
  3543   001580  6E4B               	movwf	I2C1_WriteRead@readLength^0,c
  3544   001582  ECAB  F009         	call	_I2C1_WriteRead	;wreg free
  3545   001586                     l2323:
  3546   001586  ECD1  F00B         	call	_I2C1_IsBusy	;wreg free
  3547   00158A  0900               	iorlw	0
  3548   00158C  A4D8               	btfss	status,2,c
  3549   00158E  EFCB  F00A         	goto	u811
  3550   001592  EFCD  F00A         	goto	u810
  3551   001596                     u811:
  3552   001596  EFC3  F00A         	goto	l2323
  3553   00159A                     u810:
  3554   00159A                     
  3555                           ;HAL_LAYER/RealTimeClock_DS1307/RealTimeClock_DS1307.c: 30:     return ret_hours;
  3556   00159A  5034               	movf	_ret_hours^0,w,c
  3557   00159C  0012               	return		;funcret
  3558   00159E                     __end_of_RealTimeClock_DS1307_GET_HOURS:
  3559                           	callstack 0
  3560                           
  3561 ;; *************** function _RealTimeClock_DS1307_GET_DAY *****************
  3562 ;; Defined at:
  3563 ;;		line 32 in file "HAL_LAYER/RealTimeClock_DS1307/RealTimeClock_DS1307.c"
  3564 ;; Parameters:    Size  Location     Type
  3565 ;;		None
  3566 ;; Auto vars:     Size  Location     Type
  3567 ;;		None
  3568 ;; Return value:  Size  Location     Type
  3569 ;;                  1    wreg      unsigned char 
  3570 ;; Registers used:
  3571 ;;		wreg, status,2, status,0, cstack
  3572 ;; Tracked objects:
  3573 ;;		On entry : 0/0
  3574 ;;		On exit  : 0/0
  3575 ;;		Unchanged: 0/0
  3576 ;; Data sizes:     COMRAM   BANK0   BANK1   BANK2   BANK3   BANK4   BANK5   BANK6   BANK7   BANK8   BANK9  BANK10  BANK1
      +1  BANK12  BANK13  BANK14  BANK15
  3577 ;;      Params:         0       0       0       0       0       0       0       0       0       0       0       0       
      +0       0       0       0       0
  3578 ;;      Locals:         0       0       0       0       0       0       0       0       0       0       0       0       
      +0       0       0       0       0
  3579 ;;      Temps:          0       0       0       0       0       0       0       0       0       0       0       0       
      +0       0       0       0       0
  3580 ;;      Totals:         0       0       0       0       0       0       0       0       0       0       0       0       
      +0       0       0       0       0
  3581 ;;Total ram usage:        0 bytes
  3582 ;; Hardware stack levels used: 1
  3583 ;; Hardware stack levels required when called: 7
  3584 ;; This function calls:
  3585 ;;		_I2C1_IsBusy
  3586 ;;		_I2C1_WriteRead
  3587 ;; This function is called by:
  3588 ;;		_RealTimeClock_DS1307_GET_DATE_TIME
  3589 ;; This function uses a non-reentrant model
  3590 ;;
  3591                           
  3592                           	psect	text24
  3593   00159E                     __ptext24:
  3594                           	callstack 0
  3595   00159E                     _RealTimeClock_DS1307_GET_DAY:
  3596                           	callstack 22
  3597   00159E                     
  3598                           ;HAL_LAYER/RealTimeClock_DS1307/RealTimeClock_DS1307.c: 33:     I2C1_WriteRead(0xD0U, DS
      +                          1307_Reg + 3, 1, &ret_day, 1);
  3599   00159E  6A46               	clrf	(I2C1_WriteRead@address+1)^0,c
  3600   0015A0  0ED0               	movlw	208
  3601   0015A2  6E45               	movwf	I2C1_WriteRead@address^0,c
  3602   0015A4  0E56               	movlw	low (_DS1307_Reg+3)
  3603   0015A6  6E47               	movwf	I2C1_WriteRead@writeData^0,c
  3604   0015A8  6A49               	clrf	(I2C1_WriteRead@writeLength+1)^0,c
  3605   0015AA  0E01               	movlw	1
  3606   0015AC  6E48               	movwf	I2C1_WriteRead@writeLength^0,c
  3607   0015AE  0E33               	movlw	low _ret_day
  3608   0015B0  6E4A               	movwf	I2C1_WriteRead@readData^0,c
  3609   0015B2  6A4C               	clrf	(I2C1_WriteRead@readLength+1)^0,c
  3610   0015B4  0E01               	movlw	1
  3611   0015B6  6E4B               	movwf	I2C1_WriteRead@readLength^0,c
  3612   0015B8  ECAB  F009         	call	_I2C1_WriteRead	;wreg free
  3613   0015BC                     l2331:
  3614   0015BC  ECD1  F00B         	call	_I2C1_IsBusy	;wreg free
  3615   0015C0  0900               	iorlw	0
  3616   0015C2  A4D8               	btfss	status,2,c
  3617   0015C4  EFE6  F00A         	goto	u821
  3618   0015C8  EFE8  F00A         	goto	u820
  3619   0015CC                     u821:
  3620   0015CC  EFDE  F00A         	goto	l2331
  3621   0015D0                     u820:
  3622   0015D0                     
  3623                           ;HAL_LAYER/RealTimeClock_DS1307/RealTimeClock_DS1307.c: 35:     return ret_day;
  3624   0015D0  5033               	movf	_ret_day^0,w,c
  3625   0015D2  0012               	return		;funcret
  3626   0015D4                     __end_of_RealTimeClock_DS1307_GET_DAY:
  3627                           	callstack 0
  3628                           
  3629 ;; *************** function _I2C1_WriteRead *****************
  3630 ;; Defined at:
  3631 ;;		line 147 in file "mcc_generated_files/i2c_host/src/mssp.c"
  3632 ;; Parameters:    Size  Location     Type
  3633 ;;  address         2   14[COMRAM] unsigned short 
  3634 ;;  writeData       1   16[COMRAM] PTR unsigned char 
  3635 ;;		 -> DS1307_Reg(6), 
  3636 ;;  writeLength     2   17[COMRAM] unsigned int 
  3637 ;;  readData        1   19[COMRAM] PTR unsigned char 
  3638 ;;		 -> ret_year(1), ret_month(1), ret_day(1), ret_hours(1), 
  3639 ;;		 -> ret_minutes(1), ret_seconds(1), 
  3640 ;;  readLength      2   20[COMRAM] unsigned int 
  3641 ;; Auto vars:     Size  Location     Type
  3642 ;;  retStatus       1    0        _Bool 
  3643 ;; Return value:  Size  Location     Type
  3644 ;;                  1    wreg      _Bool 
  3645 ;; Registers used:
  3646 ;;		wreg, status,2, status,0, cstack
  3647 ;; Tracked objects:
  3648 ;;		On entry : 0/0
  3649 ;;		On exit  : 0/0
  3650 ;;		Unchanged: 0/0
  3651 ;; Data sizes:     COMRAM   BANK0   BANK1   BANK2   BANK3   BANK4   BANK5   BANK6   BANK7   BANK8   BANK9  BANK10  BANK1
      +1  BANK12  BANK13  BANK14  BANK15
  3652 ;;      Params:         8       0       0       0       0       0       0       0       0       0       0       0       
      +0       0       0       0       0
  3653 ;;      Locals:         0       0       0       0       0       0       0       0       0       0       0       0       
      +0       0       0       0       0
  3654 ;;      Temps:          0       0       0       0       0       0       0       0       0       0       0       0       
      +0       0       0       0       0
  3655 ;;      Totals:         8       0       0       0       0       0       0       0       0       0       0       0       
      +0       0       0       0       0
  3656 ;;Total ram usage:        8 bytes
  3657 ;; Hardware stack levels used: 1
  3658 ;; Hardware stack levels required when called: 5
  3659 ;; This function calls:
  3660 ;;		_I2C1_IsBusy
  3661 ;;		_I2C1_WriteStart
  3662 ;; This function is called by:
  3663 ;;		_RealTimeClock_DS1307_GET_SECONDS
  3664 ;;		_RealTimeClock_DS1307_GET_MINUTES
  3665 ;;		_RealTimeClock_DS1307_GET_HOURS
  3666 ;;		_RealTimeClock_DS1307_GET_DAY
  3667 ;;		_RealTimeClock_DS1307_GET_MONTH
  3668 ;;		_RealTimeClock_DS1307_GET_YEAR
  3669 ;; This function uses a non-reentrant model
  3670 ;;
  3671                           
  3672                           	psect	text25
  3673   001356                     __ptext25:
  3674                           	callstack 0
  3675   001356                     _I2C1_WriteRead:
  3676                           	callstack 23
  3677   001356                     
  3678                           ;mcc_generated_files/i2c_host/src/mssp.c: 150:     if (!I2C1_IsBusy())
  3679   001356  ECD1  F00B         	call	_I2C1_IsBusy	;wreg free
  3680   00135A  0900               	iorlw	0
  3681   00135C  A4D8               	btfss	status,2,c
  3682   00135E  EFB3  F009         	goto	u711
  3683   001362  EFB5  F009         	goto	u710
  3684   001366                     u711:
  3685   001366  EFCC  F009         	goto	l217
  3686   00136A                     u710:
  3687   00136A                     
  3688                           ;mcc_generated_files/i2c_host/src/mssp.c: 151:     {;mcc_generated_files/i2c_host/src/ms
      +                          sp.c: 152:         i2c1Status.busy = 1;
  3689   00136A  0E01               	movlw	1
  3690   00136C  6E02               	movwf	_i2c1Status^0,c	;volatile
  3691   00136E                     
  3692                           ;mcc_generated_files/i2c_host/src/mssp.c: 153:         i2c1Status.address = address;
  3693   00136E  C045  F003         	movff	I2C1_WriteRead@address,_i2c1Status+1	;volatile
  3694   001372  C046  F004         	movff	I2C1_WriteRead@address+1,_i2c1Status+2	;volatile
  3695                           
  3696                           ;mcc_generated_files/i2c_host/src/mssp.c: 154:         i2c1Status.switchToRead = 1;
  3697   001376  0E01               	movlw	1
  3698   001378  6E0B               	movwf	(_i2c1Status+9)^0,c	;volatile
  3699   00137A                     
  3700                           ;mcc_generated_files/i2c_host/src/mssp.c: 155:         i2c1Status.writePtr = writeData;
  3701   00137A  C047  F005         	movff	I2C1_WriteRead@writeData,_i2c1Status+3	;volatile
  3702   00137E                     
  3703                           ;mcc_generated_files/i2c_host/src/mssp.c: 156:         i2c1Status.writeLength = writeLen
      +                          gth;
  3704   00137E  C048  F006         	movff	I2C1_WriteRead@writeLength,_i2c1Status+4	;volatile
  3705   001382  C049  F007         	movff	I2C1_WriteRead@writeLength+1,_i2c1Status+5	;volatile
  3706   001386                     
  3707                           ;mcc_generated_files/i2c_host/src/mssp.c: 157:         i2c1Status.readPtr = readData;
  3708   001386  C04A  F008         	movff	I2C1_WriteRead@readData,_i2c1Status+6	;volatile
  3709   00138A                     
  3710                           ;mcc_generated_files/i2c_host/src/mssp.c: 158:         i2c1Status.readLength = readLengt
      +                          h;
  3711   00138A  C04B  F009         	movff	I2C1_WriteRead@readLength,_i2c1Status+7	;volatile
  3712   00138E  C04C  F00A         	movff	I2C1_WriteRead@readLength+1,_i2c1Status+8	;volatile
  3713   001392                     
  3714                           ;mcc_generated_files/i2c_host/src/mssp.c: 159:         i2c1Status.errorState = I2C_ERROR
      +                          _NONE;
  3715   001392  6A0C               	clrf	(_i2c1Status+10)^0,c	;volatile
  3716   001394                     
  3717                           ;mcc_generated_files/i2c_host/src/mssp.c: 160:         I2C1_WriteStart();
  3718   001394  ECB4  F00B         	call	_I2C1_WriteStart	;wreg free
  3719   001398                     l217:
  3720   001398  0012               	return		;funcret
  3721   00139A                     __end_of_I2C1_WriteRead:
  3722                           	callstack 0
  3723                           
  3724 ;; *************** function _I2C1_WriteStart *****************
  3725 ;; Defined at:
  3726 ;;		line 205 in file "mcc_generated_files/i2c_host/src/mssp.c"
  3727 ;; Parameters:    Size  Location     Type
  3728 ;;		None
  3729 ;; Auto vars:     Size  Location     Type
  3730 ;;		None
  3731 ;; Return value:  Size  Location     Type
  3732 ;;                  1    wreg      void 
  3733 ;; Registers used:
  3734 ;;		wreg, status,2
  3735 ;; Tracked objects:
  3736 ;;		On entry : 0/0
  3737 ;;		On exit  : 0/0
  3738 ;;		Unchanged: 0/0
  3739 ;; Data sizes:     COMRAM   BANK0   BANK1   BANK2   BANK3   BANK4   BANK5   BANK6   BANK7   BANK8   BANK9  BANK10  BANK1
      +1  BANK12  BANK13  BANK14  BANK15
  3740 ;;      Params:         0       0       0       0       0       0       0       0       0       0       0       0       
      +0       0       0       0       0
  3741 ;;      Locals:         0       0       0       0       0       0       0       0       0       0       0       0       
      +0       0       0       0       0
  3742 ;;      Temps:          0       0       0       0       0       0       0       0       0       0       0       0       
      +0       0       0       0       0
  3743 ;;      Totals:         0       0       0       0       0       0       0       0       0       0       0       0       
      +0       0       0       0       0
  3744 ;;Total ram usage:        0 bytes
  3745 ;; Hardware stack levels used: 1
  3746 ;; Hardware stack levels required when called: 5
  3747 ;; This function calls:
  3748 ;;		Nothing
  3749 ;; This function is called by:
  3750 ;;		_I2C1_Write
  3751 ;;		_I2C1_WriteRead
  3752 ;; This function uses a non-reentrant model
  3753 ;;
  3754                           
  3755                           	psect	text26
  3756   001768                     __ptext26:
  3757                           	callstack 0
  3758   001768                     _I2C1_WriteStart:
  3759                           	callstack 22
  3760   001768                     
  3761                           ;mcc_generated_files/i2c_host/src/mssp.c: 207:     SSPCON2bits.SEN = 1;
  3762   001768  80C5               	bsf	197,0,c	;volatile
  3763   00176A                     
  3764                           ;mcc_generated_files/i2c_host/src/mssp.c: 208:     i2c1Status.state = I2C_STATE_SEND_WR_
      +                          ADDR;
  3765   00176A  0E02               	movlw	2
  3766   00176C  6E0D               	movwf	(_i2c1Status+11)^0,c	;volatile
  3767   00176E  0012               	return		;funcret
  3768   001770                     __end_of_I2C1_WriteStart:
  3769                           	callstack 0
  3770                           
  3771 ;; *************** function _I2C1_IsBusy *****************
  3772 ;; Defined at:
  3773 ;;		line 173 in file "mcc_generated_files/i2c_host/src/mssp.c"
  3774 ;; Parameters:    Size  Location     Type
  3775 ;;		None
  3776 ;; Auto vars:     Size  Location     Type
  3777 ;;		None
  3778 ;; Return value:  Size  Location     Type
  3779 ;;                  1    wreg      _Bool 
  3780 ;; Registers used:
  3781 ;;		wreg, status,2
  3782 ;; Tracked objects:
  3783 ;;		On entry : 0/0
  3784 ;;		On exit  : 0/0
  3785 ;;		Unchanged: 0/0
  3786 ;; Data sizes:     COMRAM   BANK0   BANK1   BANK2   BANK3   BANK4   BANK5   BANK6   BANK7   BANK8   BANK9  BANK10  BANK1
      +1  BANK12  BANK13  BANK14  BANK15
  3787 ;;      Params:         0       0       0       0       0       0       0       0       0       0       0       0       
      +0       0       0       0       0
  3788 ;;      Locals:         0       0       0       0       0       0       0       0       0       0       0       0       
      +0       0       0       0       0
  3789 ;;      Temps:          0       0       0       0       0       0       0       0       0       0       0       0       
      +0       0       0       0       0
  3790 ;;      Totals:         0       0       0       0       0       0       0       0       0       0       0       0       
      +0       0       0       0       0
  3791 ;;Total ram usage:        0 bytes
  3792 ;; Hardware stack levels used: 1
  3793 ;; Hardware stack levels required when called: 5
  3794 ;; This function calls:
  3795 ;;		Nothing
  3796 ;; This function is called by:
  3797 ;;		_RealTimeClock_DS1307_GET_SECONDS
  3798 ;;		_RealTimeClock_DS1307_GET_MINUTES
  3799 ;;		_RealTimeClock_DS1307_GET_HOURS
  3800 ;;		_RealTimeClock_DS1307_GET_DAY
  3801 ;;		_RealTimeClock_DS1307_GET_MONTH
  3802 ;;		_RealTimeClock_DS1307_GET_YEAR
  3803 ;;		_TEMP_SENSOR_TC74_READ_DATA
  3804 ;;		_I2C1_Write
  3805 ;;		_I2C1_Read
  3806 ;;		_I2C1_WriteRead
  3807 ;;		_main
  3808 ;;		_EXT_EEPROM_24C02C_WRITE_BYTE
  3809 ;;		_EXT_EEPROM_24C02C_READ_BYTE
  3810 ;;		_TEMP_SENSOR_TC74_WRITE_DATA
  3811 ;; This function uses a non-reentrant model
  3812 ;;
  3813                           
  3814                           	psect	text27
  3815   0017A2                     __ptext27:
  3816                           	callstack 0
  3817   0017A2                     _I2C1_IsBusy:
  3818                           	callstack 22
  3819   0017A2                     
  3820                           ;mcc_generated_files/i2c_host/src/mssp.c: 175:     return i2c1Status.busy;
  3821   0017A2  5002               	movf	_i2c1Status^0,w,c	;volatile
  3822   0017A4  0012               	return		;funcret
  3823   0017A6                     __end_of_I2C1_IsBusy:
  3824                           	callstack 0
  3825                           
  3826 ;; *************** function _PRINT_RealTimeClock_DATA *****************
  3827 ;; Defined at:
  3828 ;;		line 57 in file "HAL_LAYER/RealTimeClock_DS1307/RealTimeClock_DS1307.c"
  3829 ;; Parameters:    Size  Location     Type
  3830 ;;		None
  3831 ;; Auto vars:     Size  Location     Type
  3832 ;;		None
  3833 ;; Return value:  Size  Location     Type
  3834 ;;                  1    wreg      void 
  3835 ;; Registers used:
  3836 ;;		wreg, fsr0l, fsr0h, status,2, status,0, tblptrl, tblptrh, tblptru, cstack
  3837 ;; Tracked objects:
  3838 ;;		On entry : 0/0
  3839 ;;		On exit  : 0/0
  3840 ;;		Unchanged: 0/0
  3841 ;; Data sizes:     COMRAM   BANK0   BANK1   BANK2   BANK3   BANK4   BANK5   BANK6   BANK7   BANK8   BANK9  BANK10  BANK1
      +1  BANK12  BANK13  BANK14  BANK15
  3842 ;;      Params:         0       0       0       0       0       0       0       0       0       0       0       0       
      +0       0       0       0       0
  3843 ;;      Locals:         0       0       0       0       0       0       0       0       0       0       0       0       
      +0       0       0       0       0
  3844 ;;      Temps:          0       0       0       0       0       0       0       0       0       0       0       0       
      +0       0       0       0       0
  3845 ;;      Totals:         0       0       0       0       0       0       0       0       0       0       0       0       
      +0       0       0       0       0
  3846 ;;Total ram usage:        0 bytes
  3847 ;; Hardware stack levels used: 1
  3848 ;; Hardware stack levels required when called: 7
  3849 ;; This function calls:
  3850 ;;		_EUSART_LoggingDebugData_Send_String
  3851 ;; This function is called by:
  3852 ;;		_main
  3853 ;; This function uses a non-reentrant model
  3854 ;;
  3855                           
  3856                           	psect	text28
  3857   001142                     __ptext28:
  3858                           	callstack 0
  3859   001142                     _PRINT_RealTimeClock_DATA:
  3860                           	callstack 23
  3861   001142                     
  3862                           ;HAL_LAYER/RealTimeClock_DS1307/RealTimeClock_DS1307.c: 58:     EUSART_LoggingDebugData_
      +                          Send_String("Date: ", 7);
  3863   001142  0E27               	movlw	low STR_1
  3864   001144  6E46               	movwf	EUSART_LoggingDebugData_Send_String@String^0,c
  3865   001146  5046               	movf	EUSART_LoggingDebugData_Send_String@String^0,w,c
  3866   001148  A4D8               	btfss	status,2,c
  3867   00114A  0E10               	movlw	high __smallconst
  3868   00114C  6E47               	movwf	(EUSART_LoggingDebugData_Send_String@String+1)^0,c
  3869   00114E  6A49               	clrf	(EUSART_LoggingDebugData_Send_String@String_len+1)^0,c
  3870   001150  0E07               	movlw	7
  3871   001152  6E48               	movwf	EUSART_LoggingDebugData_Send_String@String_len^0,c
  3872   001154  EC68  F008         	call	_EUSART_LoggingDebugData_Send_String	;wreg free
  3873   001158                     
  3874                           ;HAL_LAYER/RealTimeClock_DS1307/RealTimeClock_DS1307.c: 59:     Real_Time_Clock_Frame[0]
      +                           = ((RealTimeClock_DS1307.Day >> 4) + 0x30);
  3875   001158  3817               	swapf	(_RealTimeClock_DS1307@RealTimeClock_DS1307$F83+3)^0,w,c
  3876   00115A  0B0F               	andlw	15
  3877   00115C  0F30               	addlw	48
  3878   00115E  0100               	movlb	0	; () banked
  3879   001160  6F60               	movwf	_Real_Time_Clock_Frame& (0+255),b
  3880   001162                     
  3881                           ; BSR set to: 0
  3882                           ;HAL_LAYER/RealTimeClock_DS1307/RealTimeClock_DS1307.c: 60:     Real_Time_Clock_Frame[1]
      +                           = ((RealTimeClock_DS1307.Day & 0x0F) + 0x30);
  3883   001162  5017               	movf	(_RealTimeClock_DS1307@RealTimeClock_DS1307$F83+3)^0,w,c
  3884   001164  0B0F               	andlw	15
  3885   001166  0F30               	addlw	48
  3886   001168  6F61               	movwf	(_Real_Time_Clock_Frame+1)& (0+255),b
  3887   00116A                     
  3888                           ; BSR set to: 0
  3889                           ;HAL_LAYER/RealTimeClock_DS1307/RealTimeClock_DS1307.c: 61:     Real_Time_Clock_Frame[2]
      +                           = '//';
  3890   00116A  0E2F               	movlw	47
  3891   00116C  6F62               	movwf	(_Real_Time_Clock_Frame+2)& (0+255),b
  3892   00116E                     
  3893                           ; BSR set to: 0
  3894                           ;HAL_LAYER/RealTimeClock_DS1307/RealTimeClock_DS1307.c: 62:     Real_Time_Clock_Frame[3]
      +                           = ((RealTimeClock_DS1307.Month >> 4) + 0x30);
  3895   00116E  3818               	swapf	(_RealTimeClock_DS1307@RealTimeClock_DS1307$F83+4)^0,w,c
  3896   001170  0B0F               	andlw	15
  3897   001172  0F30               	addlw	48
  3898   001174  6F63               	movwf	(_Real_Time_Clock_Frame+3)& (0+255),b
  3899   001176                     
  3900                           ; BSR set to: 0
  3901                           ;HAL_LAYER/RealTimeClock_DS1307/RealTimeClock_DS1307.c: 63:     Real_Time_Clock_Frame[4]
      +                           = ((RealTimeClock_DS1307.Month & 0x0F) + 0x30);
  3902   001176  5018               	movf	(_RealTimeClock_DS1307@RealTimeClock_DS1307$F83+4)^0,w,c
  3903   001178  0B0F               	andlw	15
  3904   00117A  0F30               	addlw	48
  3905   00117C  6F64               	movwf	(_Real_Time_Clock_Frame+4)& (0+255),b
  3906   00117E                     
  3907                           ; BSR set to: 0
  3908                           ;HAL_LAYER/RealTimeClock_DS1307/RealTimeClock_DS1307.c: 64:     Real_Time_Clock_Frame[5]
      +                           = '//';
  3909   00117E  0E2F               	movlw	47
  3910   001180  6F65               	movwf	(_Real_Time_Clock_Frame+5)& (0+255),b
  3911   001182                     
  3912                           ; BSR set to: 0
  3913                           ;HAL_LAYER/RealTimeClock_DS1307/RealTimeClock_DS1307.c: 65:     Real_Time_Clock_Frame[6]
      +                           = ((RealTimeClock_DS1307.Year >> 4) + 0x30);
  3914   001182  3819               	swapf	(_RealTimeClock_DS1307@RealTimeClock_DS1307$F83+5)^0,w,c
  3915   001184  0B0F               	andlw	15
  3916   001186  0F30               	addlw	48
  3917   001188  6F66               	movwf	(_Real_Time_Clock_Frame+6)& (0+255),b
  3918   00118A                     
  3919                           ; BSR set to: 0
  3920                           ;HAL_LAYER/RealTimeClock_DS1307/RealTimeClock_DS1307.c: 66:     Real_Time_Clock_Frame[7]
      +                           = ((RealTimeClock_DS1307.Year & 0x0F) + 0x30);
  3921   00118A  5019               	movf	(_RealTimeClock_DS1307@RealTimeClock_DS1307$F83+5)^0,w,c
  3922   00118C  0B0F               	andlw	15
  3923   00118E  0F30               	addlw	48
  3924   001190  6F67               	movwf	(_Real_Time_Clock_Frame+7)& (0+255),b
  3925   001192                     
  3926                           ; BSR set to: 0
  3927                           ;HAL_LAYER/RealTimeClock_DS1307/RealTimeClock_DS1307.c: 67:     Real_Time_Clock_Frame[8]
      +                           = '\r';
  3928   001192  0E0D               	movlw	13
  3929   001194  6F68               	movwf	(_Real_Time_Clock_Frame+8)& (0+255),b
  3930   001196                     
  3931                           ; BSR set to: 0
  3932                           ;HAL_LAYER/RealTimeClock_DS1307/RealTimeClock_DS1307.c: 68:     EUSART_LoggingDebugData_
      +                          Send_String(Real_Time_Clock_Frame, 9);
  3933   001196  0E60               	movlw	low _Real_Time_Clock_Frame
  3934   001198  6E46               	movwf	EUSART_LoggingDebugData_Send_String@String^0,c
  3935   00119A  6A47               	clrf	(EUSART_LoggingDebugData_Send_String@String+1)^0,c
  3936   00119C  6A49               	clrf	(EUSART_LoggingDebugData_Send_String@String_len+1)^0,c
  3937   00119E  0E09               	movlw	9
  3938   0011A0  6E48               	movwf	EUSART_LoggingDebugData_Send_String@String_len^0,c
  3939   0011A2  EC68  F008         	call	_EUSART_LoggingDebugData_Send_String	;wreg free
  3940   0011A6  0012               	return		;funcret
  3941   0011A8                     __end_of_PRINT_RealTimeClock_DATA:
  3942                           	callstack 0
  3943                           
  3944 ;; *************** function _EUSART_LoggingDebugData_Send_String *****************
  3945 ;; Defined at:
  3946 ;;		line 12 in file "HAL_LAYER/EUSART_LoggingDebugData/EUSART_LoggingDebugData.c"
  3947 ;; Parameters:    Size  Location     Type
  3948 ;;  String          2   15[COMRAM] PTR unsigned char 
  3949 ;;		 -> Real_Time_Clock_Frame(15), STR_1(7), 
  3950 ;;  String_len      2   17[COMRAM] unsigned short 
  3951 ;; Auto vars:     Size  Location     Type
  3952 ;;  L_str_len       2   21[COMRAM] unsigned short 
  3953 ;; Return value:  Size  Location     Type
  3954 ;;                  1    wreg      void 
  3955 ;; Registers used:
  3956 ;;		wreg, fsr0l, fsr0h, status,2, status,0, tblptrl, tblptrh, tblptru, cstack
  3957 ;; Tracked objects:
  3958 ;;		On entry : 0/0
  3959 ;;		On exit  : 0/0
  3960 ;;		Unchanged: 0/0
  3961 ;; Data sizes:     COMRAM   BANK0   BANK1   BANK2   BANK3   BANK4   BANK5   BANK6   BANK7   BANK8   BANK9  BANK10  BANK1
      +1  BANK12  BANK13  BANK14  BANK15
  3962 ;;      Params:         4       0       0       0       0       0       0       0       0       0       0       0       
      +0       0       0       0       0
  3963 ;;      Locals:         2       0       0       0       0       0       0       0       0       0       0       0       
      +0       0       0       0       0
  3964 ;;      Temps:          2       0       0       0       0       0       0       0       0       0       0       0       
      +0       0       0       0       0
  3965 ;;      Totals:         8       0       0       0       0       0       0       0       0       0       0       0       
      +0       0       0       0       0
  3966 ;;Total ram usage:        8 bytes
  3967 ;; Hardware stack levels used: 1
  3968 ;; Hardware stack levels required when called: 6
  3969 ;; This function calls:
  3970 ;;		_EUSART_IsTxReady
  3971 ;;		_EUSART_Write
  3972 ;; This function is called by:
  3973 ;;		_PRINT_RealTimeClock_DATA
  3974 ;; This function uses a non-reentrant model
  3975 ;;
  3976                           
  3977                           	psect	text29
  3978   0010D0                     __ptext29:
  3979                           	callstack 0
  3980   0010D0                     _EUSART_LoggingDebugData_Send_String:
  3981                           	callstack 23
  3982   0010D0                     
  3983                           ;HAL_LAYER/EUSART_LoggingDebugData/EUSART_LoggingDebugData.c: 13:     uint16_t L_str_len
      +                           = 0;
  3984   0010D0  6A4D               	clrf	(EUSART_LoggingDebugData_Send_String@L_str_len+1)^0,c
  3985   0010D2  0E00               	movlw	0
  3986   0010D4  6E4C               	movwf	EUSART_LoggingDebugData_Send_String@L_str_len^0,c
  3987                           
  3988                           ;HAL_LAYER/EUSART_LoggingDebugData/EUSART_LoggingDebugData.c: 14:     for(L_str_len = 0;
      +                           L_str_len < String_len; L_str_len++){
  3989   0010D6  6A4D               	clrf	(EUSART_LoggingDebugData_Send_String@L_str_len+1)^0,c
  3990   0010D8  0E00               	movlw	0
  3991   0010DA  6E4C               	movwf	EUSART_LoggingDebugData_Send_String@L_str_len^0,c
  3992   0010DC  EF95  F008         	goto	l2251
  3993   0010E0                     l2245:
  3994   0010E0  EC31  F00B         	call	_EUSART_IsTxReady	;wreg free
  3995   0010E4  0900               	iorlw	0
  3996   0010E6  B4D8               	btfsc	status,2,c
  3997   0010E8  EF78  F008         	goto	u741
  3998   0010EC  EF7A  F008         	goto	u740
  3999   0010F0                     u741:
  4000   0010F0  EF70  F008         	goto	l2245
  4001   0010F4                     u740:
  4002   0010F4                     
  4003                           ;HAL_LAYER/EUSART_LoggingDebugData/EUSART_LoggingDebugData.c: 16:         EUSART_Write(*
      +                          (String + L_str_len));
  4004   0010F4  504C               	movf	EUSART_LoggingDebugData_Send_String@L_str_len^0,w,c
  4005   0010F6  2446               	addwf	EUSART_LoggingDebugData_Send_String@String^0,w,c
  4006   0010F8  6E4A               	movwf	??_EUSART_LoggingDebugData_Send_String^0,c
  4007   0010FA  504D               	movf	(EUSART_LoggingDebugData_Send_String@L_str_len+1)^0,w,c
  4008   0010FC  2047               	addwfc	(EUSART_LoggingDebugData_Send_String@String+1)^0,w,c
  4009   0010FE  6E4B               	movwf	(??_EUSART_LoggingDebugData_Send_String+1)^0,c
  4010   001100  C04A  FFF6         	movff	??_EUSART_LoggingDebugData_Send_String,tblptrl
  4011   001104  C04B  FFF7         	movff	??_EUSART_LoggingDebugData_Send_String+1,tblptrh
  4012   001108  0E00               	movlw	low (__smallconst shr (0+16))
  4013   00110A  6EF8               	movwf	tblptru,c
  4014   00110C  0E0F               	movlw	(high __ramtop+-1)
  4015   00110E  64F7               	cpfsgt	tblptrh,c
  4016   001110  D003               	bra	u757
  4017   001112  0008               	tblrd		*
  4018   001114  50F5               	movf	tablat,w,c
  4019   001116  D005               	bra	u750
  4020   001118                     u757:
  4021   001118  CFF6 FFE9          	movff	tblptrl,fsr0l
  4022   00111C  CFF7 FFEA          	movff	tblptrh,fsr0h
  4023   001120  50EF               	movf	indf0,w,c
  4024   001122                     u750:
  4025   001122  ECB8  F00B         	call	_EUSART_Write
  4026   001126                     
  4027                           ;HAL_LAYER/EUSART_LoggingDebugData/EUSART_LoggingDebugData.c: 17:     }
  4028   001126  4A4C               	infsnz	EUSART_LoggingDebugData_Send_String@L_str_len^0,f,c
  4029   001128  2A4D               	incf	(EUSART_LoggingDebugData_Send_String@L_str_len+1)^0,f,c
  4030   00112A                     l2251:
  4031   00112A  5048               	movf	EUSART_LoggingDebugData_Send_String@String_len^0,w,c
  4032   00112C  5C4C               	subwf	EUSART_LoggingDebugData_Send_String@L_str_len^0,w,c
  4033   00112E  5049               	movf	(EUSART_LoggingDebugData_Send_String@String_len+1)^0,w,c
  4034   001130  584D               	subwfb	(EUSART_LoggingDebugData_Send_String@L_str_len+1)^0,w,c
  4035   001132  A0D8               	btfss	status,0,c
  4036   001134  EF9E  F008         	goto	u761
  4037   001138  EFA0  F008         	goto	u760
  4038   00113C                     u761:
  4039   00113C  EF70  F008         	goto	l2245
  4040   001140                     u760:
  4041   001140  0012               	return		;funcret
  4042   001142                     __end_of_EUSART_LoggingDebugData_Send_String:
  4043                           	callstack 0
  4044                           
  4045 ;; *************** function _EUSART_Write *****************
  4046 ;; Defined at:
  4047 ;;		line 209 in file "mcc_generated_files/uart/src/eusart.c"
  4048 ;; Parameters:    Size  Location     Type
  4049 ;;  txData          1    wreg     unsigned char 
  4050 ;; Auto vars:     Size  Location     Type
  4051 ;;  txData          1   14[COMRAM] unsigned char 
  4052 ;; Return value:  Size  Location     Type
  4053 ;;                  1    wreg      void 
  4054 ;; Registers used:
  4055 ;;		wreg
  4056 ;; Tracked objects:
  4057 ;;		On entry : 0/0
  4058 ;;		On exit  : 0/0
  4059 ;;		Unchanged: 0/0
  4060 ;; Data sizes:     COMRAM   BANK0   BANK1   BANK2   BANK3   BANK4   BANK5   BANK6   BANK7   BANK8   BANK9  BANK10  BANK1
      +1  BANK12  BANK13  BANK14  BANK15
  4061 ;;      Params:         0       0       0       0       0       0       0       0       0       0       0       0       
      +0       0       0       0       0
  4062 ;;      Locals:         1       0       0       0       0       0       0       0       0       0       0       0       
      +0       0       0       0       0
  4063 ;;      Temps:          0       0       0       0       0       0       0       0       0       0       0       0       
      +0       0       0       0       0
  4064 ;;      Totals:         1       0       0       0       0       0       0       0       0       0       0       0       
      +0       0       0       0       0
  4065 ;;Total ram usage:        1 bytes
  4066 ;; Hardware stack levels used: 1
  4067 ;; Hardware stack levels required when called: 5
  4068 ;; This function calls:
  4069 ;;		Nothing
  4070 ;; This function is called by:
  4071 ;;		_EUSART_LoggingDebugData_Send_String
  4072 ;; This function uses a non-reentrant model
  4073 ;;
  4074                           
  4075                           	psect	text30
  4076   001770                     __ptext30:
  4077                           	callstack 0
  4078   001770                     _EUSART_Write:
  4079                           	callstack 23
  4080                           
  4081                           ;incstack = 0
  4082                           ;EUSART_Write@txData stored from wreg
  4083   001770  6E45               	movwf	EUSART_Write@txData^0,c
  4084   001772                     
  4085                           ;mcc_generated_files/uart/src/eusart.c: 209: void EUSART_Write(uint8_t txData);mcc_gener
      +                          ated_files/uart/src/eusart.c: 210: {;mcc_generated_files/uart/src/eusart.c: 211:     TXR
      +                          EG = txData;
  4086   001772  C045  FFAD         	movff	EUSART_Write@txData,4013	;volatile
  4087   001776  0012               	return		;funcret
  4088   001778                     __end_of_EUSART_Write:
  4089                           	callstack 0
  4090                           
  4091 ;; *************** function _EUSART_IsTxReady *****************
  4092 ;; Defined at:
  4093 ;;		line 172 in file "mcc_generated_files/uart/src/eusart.c"
  4094 ;; Parameters:    Size  Location     Type
  4095 ;;		None
  4096 ;; Auto vars:     Size  Location     Type
  4097 ;;		None
  4098 ;; Return value:  Size  Location     Type
  4099 ;;                  1    wreg      _Bool 
  4100 ;; Registers used:
  4101 ;;		wreg, status,2
  4102 ;; Tracked objects:
  4103 ;;		On entry : 0/0
  4104 ;;		On exit  : 0/0
  4105 ;;		Unchanged: 0/0
  4106 ;; Data sizes:     COMRAM   BANK0   BANK1   BANK2   BANK3   BANK4   BANK5   BANK6   BANK7   BANK8   BANK9  BANK10  BANK1
      +1  BANK12  BANK13  BANK14  BANK15
  4107 ;;      Params:         0       0       0       0       0       0       0       0       0       0       0       0       
      +0       0       0       0       0
  4108 ;;      Locals:         1       0       0       0       0       0       0       0       0       0       0       0       
      +0       0       0       0       0
  4109 ;;      Temps:          0       0       0       0       0       0       0       0       0       0       0       0       
      +0       0       0       0       0
  4110 ;;      Totals:         1       0       0       0       0       0       0       0       0       0       0       0       
      +0       0       0       0       0
  4111 ;;Total ram usage:        1 bytes
  4112 ;; Hardware stack levels used: 1
  4113 ;; Hardware stack levels required when called: 5
  4114 ;; This function calls:
  4115 ;;		Nothing
  4116 ;; This function is called by:
  4117 ;;		_EUSART_LoggingDebugData_Send_String
  4118 ;; This function uses a non-reentrant model
  4119 ;;
  4120                           
  4121                           	psect	text31
  4122   001662                     __ptext31:
  4123                           	callstack 0
  4124   001662                     _EUSART_IsTxReady:
  4125                           	callstack 23
  4126   001662                     
  4127                           ;mcc_generated_files/uart/src/eusart.c: 174:     return (_Bool)(PIR1bits.TX1IF && TXSTAb
      +                          its.TXEN);
  4128   001662  6A45               	clrf	_EUSART_IsTxReady$1628^0,c
  4129   001664  A89E               	btfss	158,4,c	;volatile
  4130   001666  EF37  F00B         	goto	u691
  4131   00166A  EF39  F00B         	goto	u690
  4132   00166E                     u691:
  4133   00166E  EF42  F00B         	goto	l631
  4134   001672                     u690:
  4135   001672  AAAC               	btfss	172,5,c	;volatile
  4136   001674  EF3E  F00B         	goto	u701
  4137   001678  EF40  F00B         	goto	u700
  4138   00167C                     u701:
  4139   00167C  EF42  F00B         	goto	l631
  4140   001680                     u700:
  4141   001680  0E01               	movlw	1
  4142   001682  6E45               	movwf	_EUSART_IsTxReady$1628^0,c
  4143   001684                     l631:
  4144   001684  5045               	movf	_EUSART_IsTxReady$1628^0,w,c
  4145   001686  0012               	return		;funcret
  4146   001688                     __end_of_EUSART_IsTxReady:
  4147                           	callstack 0
  4148                           
  4149 ;; *************** function _INTERRUPT_InterruptManager *****************
  4150 ;; Defined at:
  4151 ;;		line 80 in file "mcc_generated_files/system/src/interrupt.c"
  4152 ;; Parameters:    Size  Location     Type
  4153 ;;		None
  4154 ;; Auto vars:     Size  Location     Type
  4155 ;;		None
  4156 ;; Return value:  Size  Location     Type
  4157 ;;                  1    wreg      void 
  4158 ;; Registers used:
  4159 ;;		wreg, fsr2l, fsr2h, status,2, status,0, pcl, pclath, pclatu, tosl, tblptrl, tblptrh, tblptru, prodl, prodh, cstack
  4160 ;; Tracked objects:
  4161 ;;		On entry : 0/0
  4162 ;;		On exit  : 0/0
  4163 ;;		Unchanged: 0/0
  4164 ;; Data sizes:     COMRAM   BANK0   BANK1   BANK2   BANK3   BANK4   BANK5   BANK6   BANK7   BANK8   BANK9  BANK10  BANK1
      +1  BANK12  BANK13  BANK14  BANK15
  4165 ;;      Params:         0       0       0       0       0       0       0       0       0       0       0       0       
      +0       0       0       0       0
  4166 ;;      Locals:         0       0       0       0       0       0       0       0       0       0       0       0       
      +0       0       0       0       0
  4167 ;;      Temps:         10       0       0       0       0       0       0       0       0       0       0       0       
      +0       0       0       0       0
  4168 ;;      Totals:        10       0       0       0       0       0       0       0       0       0       0       0       
      +0       0       0       0       0
  4169 ;;Total ram usage:       10 bytes
  4170 ;; Hardware stack levels used: 1
  4171 ;; Hardware stack levels required when called: 4
  4172 ;; This function calls:
  4173 ;;		_I2C1_ERROR_ISR
  4174 ;;		_I2C1_ISR
  4175 ;;		_NVM_ISR
  4176 ;; This function is called by:
  4177 ;;		Interrupt level 2
  4178 ;; This function uses a non-reentrant model
  4179 ;;
  4180                           
  4181                           	psect	intcode
  4182   000008                     __pintcode:
  4183                           	callstack 0
  4184   000008                     _INTERRUPT_InterruptManager:
  4185                           	callstack 22
  4186                           
  4187                           ;incstack = 0
  4188   000008  8201               	bsf	int$flags,1,c	;set compiler interrupt flag (level 2)
  4189   00000A  CFFA F03B          	movff	pclath,??_INTERRUPT_InterruptManager
  4190   00000E  CFFB F03C          	movff	pclatu,??_INTERRUPT_InterruptManager+1
  4191   000012  CFD9 F03D          	movff	fsr2l,??_INTERRUPT_InterruptManager+2
  4192   000016  CFDA F03E          	movff	fsr2h,??_INTERRUPT_InterruptManager+3
  4193   00001A  CFF3 F03F          	movff	prodl,??_INTERRUPT_InterruptManager+4
  4194   00001E  CFF4 F040          	movff	prodh,??_INTERRUPT_InterruptManager+5
  4195   000022  CFF6 F041          	movff	tblptrl,??_INTERRUPT_InterruptManager+6
  4196   000026  CFF7 F042          	movff	tblptrh,??_INTERRUPT_InterruptManager+7
  4197   00002A  CFF8 F043          	movff	tblptru,??_INTERRUPT_InterruptManager+8
  4198   00002E  CFF5 F044          	movff	tablat,??_INTERRUPT_InterruptManager+9
  4199   000032                     
  4200                           ;mcc_generated_files/system/src/interrupt.c: 83:     if(INTCONbits.PEIE == 1)
  4201   000032  ACF2               	btfss	242,6,c	;volatile
  4202   000034  EF1E  F000         	goto	i2u47_41
  4203   000038  EF20  F000         	goto	i2u47_40
  4204   00003C                     i2u47_41:
  4205   00003C  EF54  F000         	goto	i2l449
  4206   000040                     i2u47_40:
  4207   000040                     
  4208                           ;mcc_generated_files/system/src/interrupt.c: 84:     {;mcc_generated_files/system/src/in
      +                          terrupt.c: 85:         if(PIE1bits.SSPIE == 1 && PIR1bits.SSPIF == 1)
  4209   000040  A69D               	btfss	157,3,c	;volatile
  4210   000042  EF25  F000         	goto	i2u48_41
  4211   000046  EF27  F000         	goto	i2u48_40
  4212   00004A                     i2u48_41:
  4213   00004A  EF32  F000         	goto	i2l442
  4214   00004E                     i2u48_40:
  4215   00004E  A69E               	btfss	158,3,c	;volatile
  4216   000050  EF2C  F000         	goto	i2u49_41
  4217   000054  EF2E  F000         	goto	i2u49_40
  4218   000058                     i2u49_41:
  4219   000058  EF32  F000         	goto	i2l442
  4220   00005C                     i2u49_40:
  4221   00005C                     
  4222                           ;mcc_generated_files/system/src/interrupt.c: 86:         {;mcc_generated_files/system/sr
      +                          c/interrupt.c: 87:             I2C1_ISR();
  4223   00005C  ECC3  F00B         	call	_I2C1_ISR	;wreg free
  4224                           
  4225                           ;mcc_generated_files/system/src/interrupt.c: 88:         }
  4226   000060  EF54  F000         	goto	i2l449
  4227   000064                     i2l442:
  4228   000064  A8A0               	btfss	160,4,c	;volatile
  4229   000066  EF37  F000         	goto	i2u50_41
  4230   00006A  EF39  F000         	goto	i2u50_40
  4231   00006E                     i2u50_41:
  4232   00006E  EF44  F000         	goto	i2l444
  4233   000072                     i2u50_40:
  4234   000072  A8A1               	btfss	161,4,c	;volatile
  4235   000074  EF3E  F000         	goto	i2u51_41
  4236   000078  EF40  F000         	goto	i2u51_40
  4237   00007C                     i2u51_41:
  4238   00007C  EF44  F000         	goto	i2l444
  4239   000080                     i2u51_40:
  4240   000080                     
  4241                           ;mcc_generated_files/system/src/interrupt.c: 90:         {;mcc_generated_files/system/sr
      +                          c/interrupt.c: 91:             NVM_ISR();
  4242   000080  ECD3  F00B         	call	_NVM_ISR	;wreg free
  4243                           
  4244                           ;mcc_generated_files/system/src/interrupt.c: 92:         }
  4245   000084  EF54  F000         	goto	i2l449
  4246   000088                     i2l444:
  4247   000088  A6A0               	btfss	160,3,c	;volatile
  4248   00008A  EF49  F000         	goto	i2u52_41
  4249   00008E  EF4B  F000         	goto	i2u52_40
  4250   000092                     i2u52_41:
  4251   000092  EF54  F000         	goto	i2l449
  4252   000096                     i2u52_40:
  4253   000096  A6A1               	btfss	161,3,c	;volatile
  4254   000098  EF50  F000         	goto	i2u53_41
  4255   00009C  EF52  F000         	goto	i2u53_40
  4256   0000A0                     i2u53_41:
  4257   0000A0  EF54  F000         	goto	i2l449
  4258   0000A4                     i2u53_40:
  4259   0000A4                     
  4260                           ;mcc_generated_files/system/src/interrupt.c: 94:         {;mcc_generated_files/system/sr
      +                          c/interrupt.c: 95:             I2C1_ERROR_ISR();
  4261   0000A4  ECC6  F00B         	call	_I2C1_ERROR_ISR	;wreg free
  4262   0000A8                     i2l449:
  4263   0000A8  C044  FFF5         	movff	??_INTERRUPT_InterruptManager+9,tablat
  4264   0000AC  C043  FFF8         	movff	??_INTERRUPT_InterruptManager+8,tblptru
  4265   0000B0  C042  FFF7         	movff	??_INTERRUPT_InterruptManager+7,tblptrh
  4266   0000B4  C041  FFF6         	movff	??_INTERRUPT_InterruptManager+6,tblptrl
  4267   0000B8  C040  FFF4         	movff	??_INTERRUPT_InterruptManager+5,prodh
  4268   0000BC  C03F  FFF3         	movff	??_INTERRUPT_InterruptManager+4,prodl
  4269   0000C0  C03E  FFDA         	movff	??_INTERRUPT_InterruptManager+3,fsr2h
  4270   0000C4  C03D  FFD9         	movff	??_INTERRUPT_InterruptManager+2,fsr2l
  4271   0000C8  C03C  FFFB         	movff	??_INTERRUPT_InterruptManager+1,pclatu
  4272   0000CC  C03B  FFFA         	movff	??_INTERRUPT_InterruptManager,pclath
  4273   0000D0  9201               	bcf	int$flags,1,c	;clear compiler interrupt flag (level 2)
  4274   0000D2  0011               	retfie		f
  4275   0000D4                     __end_of_INTERRUPT_InterruptManager:
  4276                           	callstack 0
  4277                           
  4278 ;; *************** function _NVM_ISR *****************
  4279 ;; Defined at:
  4280 ;;		line 314 in file "mcc_generated_files/nvm/src/nvm.c"
  4281 ;; Parameters:    Size  Location     Type
  4282 ;;		None
  4283 ;; Auto vars:     Size  Location     Type
  4284 ;;		None
  4285 ;; Return value:  Size  Location     Type
  4286 ;;                  1    wreg      void 
  4287 ;; Registers used:
  4288 ;;		None
  4289 ;; Tracked objects:
  4290 ;;		On entry : 0/0
  4291 ;;		On exit  : 0/0
  4292 ;;		Unchanged: 0/0
  4293 ;; Data sizes:     COMRAM   BANK0   BANK1   BANK2   BANK3   BANK4   BANK5   BANK6   BANK7   BANK8   BANK9  BANK10  BANK1
      +1  BANK12  BANK13  BANK14  BANK15
  4294 ;;      Params:         0       0       0       0       0       0       0       0       0       0       0       0       
      +0       0       0       0       0
  4295 ;;      Locals:         0       0       0       0       0       0       0       0       0       0       0       0       
      +0       0       0       0       0
  4296 ;;      Temps:          0       0       0       0       0       0       0       0       0       0       0       0       
      +0       0       0       0       0
  4297 ;;      Totals:         0       0       0       0       0       0       0       0       0       0       0       0       
      +0       0       0       0       0
  4298 ;;Total ram usage:        0 bytes
  4299 ;; Hardware stack levels used: 1
  4300 ;; This function calls:
  4301 ;;		Nothing
  4302 ;; This function is called by:
  4303 ;;		_INTERRUPT_InterruptManager
  4304 ;; This function uses a non-reentrant model
  4305 ;;
  4306                           
  4307                           	psect	text33
  4308   0017A6                     __ptext33:
  4309                           	callstack 0
  4310   0017A6                     _NVM_ISR:
  4311                           	callstack 25
  4312   0017A6                     
  4313                           ;mcc_generated_files/nvm/src/nvm.c: 317:     PIR2bits.EEIF = 0;
  4314   0017A6  98A1               	bcf	161,4,c	;volatile
  4315   0017A8  0012               	return		;funcret
  4316   0017AA                     __end_of_NVM_ISR:
  4317                           	callstack 0
  4318                           
  4319 ;; *************** function _I2C1_ISR *****************
  4320 ;; Defined at:
  4321 ;;		line 186 in file "mcc_generated_files/i2c_host/src/mssp.c"
  4322 ;; Parameters:    Size  Location     Type
  4323 ;;		None
  4324 ;; Auto vars:     Size  Location     Type
  4325 ;;		None
  4326 ;; Return value:  Size  Location     Type
  4327 ;;                  1    wreg      void 
  4328 ;; Registers used:
  4329 ;;		wreg, fsr2l, fsr2h, status,2, status,0, pcl, pclath, pclatu, tosl, tblptrl, tblptrh, tblptru, prodl, prodh, cstack
  4330 ;; Tracked objects:
  4331 ;;		On entry : 0/0
  4332 ;;		On exit  : 0/0
  4333 ;;		Unchanged: 0/0
  4334 ;; Data sizes:     COMRAM   BANK0   BANK1   BANK2   BANK3   BANK4   BANK5   BANK6   BANK7   BANK8   BANK9  BANK10  BANK1
      +1  BANK12  BANK13  BANK14  BANK15
  4335 ;;      Params:         0       0       0       0       0       0       0       0       0       0       0       0       
      +0       0       0       0       0
  4336 ;;      Locals:         0       0       0       0       0       0       0       0       0       0       0       0       
      +0       0       0       0       0
  4337 ;;      Temps:          0       0       0       0       0       0       0       0       0       0       0       0       
      +0       0       0       0       0
  4338 ;;      Totals:         0       0       0       0       0       0       0       0       0       0       0       0       
      +0       0       0       0       0
  4339 ;;Total ram usage:        0 bytes
  4340 ;; Hardware stack levels used: 1
  4341 ;; Hardware stack levels required when called: 2
  4342 ;; This function calls:
  4343 ;;		_I2C1_EventHandler
  4344 ;; This function is called by:
  4345 ;;		_INTERRUPT_InterruptManager
  4346 ;; This function uses a non-reentrant model
  4347 ;;
  4348                           
  4349                           	psect	text34
  4350   001786                     __ptext34:
  4351                           	callstack 0
  4352   001786                     _I2C1_ISR:
  4353                           	callstack 23
  4354   001786                     
  4355                           ;mcc_generated_files/i2c_host/src/mssp.c: 188:     I2C1_EventHandler();
  4356   001786  EC18  F008         	call	_I2C1_EventHandler	;wreg free
  4357   00178A  0012               	return		;funcret
  4358   00178C                     __end_of_I2C1_ISR:
  4359                           	callstack 0
  4360                           
  4361 ;; *************** function _I2C1_EventHandler *****************
  4362 ;; Defined at:
  4363 ;;		line 224 in file "mcc_generated_files/i2c_host/src/mssp.c"
  4364 ;; Parameters:    Size  Location     Type
  4365 ;;		None
  4366 ;; Auto vars:     Size  Location     Type
  4367 ;;		None
  4368 ;; Return value:  Size  Location     Type
  4369 ;;                  1    wreg      void 
  4370 ;; Registers used:
  4371 ;;		wreg, fsr2l, fsr2h, status,2, status,0, pcl, pclath, pclatu, tosl, tblptrl, tblptrh, tblptru, prodl, prodh, cstack
  4372 ;; Tracked objects:
  4373 ;;		On entry : 0/0
  4374 ;;		On exit  : 0/0
  4375 ;;		Unchanged: 0/0
  4376 ;; Data sizes:     COMRAM   BANK0   BANK1   BANK2   BANK3   BANK4   BANK5   BANK6   BANK7   BANK8   BANK9  BANK10  BANK1
      +1  BANK12  BANK13  BANK14  BANK15
  4377 ;;      Params:         0       0       0       0       0       0       0       0       0       0       0       0       
      +0       0       0       0       0
  4378 ;;      Locals:         0       0       0       0       0       0       0       0       0       0       0       0       
      +0       0       0       0       0
  4379 ;;      Temps:          3       0       0       0       0       0       0       0       0       0       0       0       
      +0       0       0       0       0
  4380 ;;      Totals:         3       0       0       0       0       0       0       0       0       0       0       0       
      +0       0       0       0       0
  4381 ;;Total ram usage:        3 bytes
  4382 ;; Hardware stack levels used: 1
  4383 ;; Hardware stack levels required when called: 1
  4384 ;; This function calls:
  4385 ;;		_I2C1_Close
  4386 ;;		_I2C1_EVENT_ERROR
  4387 ;;		_I2C1_EVENT_IDLE
  4388 ;;		_I2C1_EVENT_NACK
  4389 ;;		_I2C1_EVENT_RESET
  4390 ;;		_I2C1_EVENT_RX
  4391 ;;		_I2C1_EVENT_SEND_RD_ADDR
  4392 ;;		_I2C1_EVENT_SEND_WR_ADDR
  4393 ;;		_I2C1_EVENT_STOP
  4394 ;;		_I2C1_EVENT_TX
  4395 ;; This function is called by:
  4396 ;;		_I2C1_ISR
  4397 ;; This function uses a non-reentrant model
  4398 ;;
  4399                           
  4400                           	psect	text35
  4401   001030                     __ptext35:
  4402                           	callstack 0
  4403   001030                     _I2C1_EventHandler:
  4404                           	callstack 23
  4405   001030                     
  4406                           ;mcc_generated_files/i2c_host/src/mssp.c: 226:     PIR1bits.SSPIF = 0;
  4407   001030  969E               	bcf	158,3,c	;volatile
  4408                           
  4409                           ;mcc_generated_files/i2c_host/src/mssp.c: 227:     if (0U != SSPSTATbits.P)
  4410   001032  A8C7               	btfss	199,4,c	;volatile
  4411   001034  EF1E  F008         	goto	i2u22_41
  4412   001038  EF20  F008         	goto	i2u22_40
  4413   00103C                     i2u22_41:
  4414   00103C  EF24  F008         	goto	i2l245
  4415   001040                     i2u22_40:
  4416   001040                     
  4417                           ;mcc_generated_files/i2c_host/src/mssp.c: 228:     {;mcc_generated_files/i2c_host/src/ms
      +                          sp.c: 229:         I2C1_Close();
  4418   001040  EC6D  F00B         	call	_I2C1_Close	;wreg free
  4419                           
  4420                           ;mcc_generated_files/i2c_host/src/mssp.c: 230:     }
  4421   001044  EF4A  F008         	goto	i2l1783
  4422   001048                     i2l245:
  4423                           
  4424                           ;mcc_generated_files/i2c_host/src/mssp.c: 232:     {;mcc_generated_files/i2c_host/src/ms
      +                          sp.c: 233:         if ((SSPSTATbits.D_nA == 0U) && (SSPCON2bits.ACKSTAT == 1U))
  4425   001048  BAC7               	btfsc	199,5,c	;volatile
  4426   00104A  EF29  F008         	goto	i2u23_41
  4427   00104E  EF2B  F008         	goto	i2u23_40
  4428   001052                     i2u23_41:
  4429   001052  EF38  F008         	goto	i2l247
  4430   001056                     i2u23_40:
  4431   001056  ACC5               	btfss	197,6,c	;volatile
  4432   001058  EF30  F008         	goto	i2u24_41
  4433   00105C  EF32  F008         	goto	i2u24_40
  4434   001060                     i2u24_41:
  4435   001060  EF38  F008         	goto	i2l247
  4436   001064                     i2u24_40:
  4437   001064                     
  4438                           ;mcc_generated_files/i2c_host/src/mssp.c: 234:         {;mcc_generated_files/i2c_host/sr
      +                          c/mssp.c: 235:             i2c1Status.state = I2C_STATE_NACK;
  4439   001064  0E05               	movlw	5
  4440   001066  6E0D               	movwf	(_i2c1Status+11)^0,c	;volatile
  4441                           
  4442                           ;mcc_generated_files/i2c_host/src/mssp.c: 236:             i2c1Status.errorState = I2C_E
      +                          RROR_ADDR_NACK;
  4443   001068  0E01               	movlw	1
  4444   00106A  6E0C               	movwf	(_i2c1Status+10)^0,c	;volatile
  4445                           
  4446                           ;mcc_generated_files/i2c_host/src/mssp.c: 237:         }
  4447   00106C  EF4A  F008         	goto	i2l1783
  4448   001070                     i2l247:
  4449   001070  AAC7               	btfss	199,5,c	;volatile
  4450   001072  EF3D  F008         	goto	i2u25_41
  4451   001076  EF3F  F008         	goto	i2u25_40
  4452   00107A                     i2u25_41:
  4453   00107A  EF4A  F008         	goto	i2l1783
  4454   00107E                     i2u25_40:
  4455   00107E  ACC5               	btfss	197,6,c	;volatile
  4456   001080  EF44  F008         	goto	i2u26_41
  4457   001084  EF46  F008         	goto	i2u26_40
  4458   001088                     i2u26_41:
  4459   001088  EF4A  F008         	goto	i2l1783
  4460   00108C                     i2u26_40:
  4461   00108C                     
  4462                           ;mcc_generated_files/i2c_host/src/mssp.c: 239:         {;mcc_generated_files/i2c_host/sr
      +                          c/mssp.c: 240:             i2c1Status.state = I2C_STATE_NACK;
  4463   00108C  0E05               	movlw	5
  4464   00108E  6E0D               	movwf	(_i2c1Status+11)^0,c	;volatile
  4465                           
  4466                           ;mcc_generated_files/i2c_host/src/mssp.c: 241:             i2c1Status.errorState = I2C_E
      +                          RROR_DATA_NACK;
  4467   001090  0E02               	movlw	2
  4468   001092  6E0C               	movwf	(_i2c1Status+10)^0,c	;volatile
  4469   001094                     i2l1783:
  4470                           
  4471                           ;mcc_generated_files/i2c_host/src/mssp.c: 249:     i2c1Status.state = i2c1_eventTable[i2
      +                          c1Status.state]();
  4472   001094  500D               	movf	(_i2c1Status+11)^0,w,c	;volatile
  4473   001096  0D02               	mullw	2
  4474   001098  50F3               	movf	243,w,c
  4475   00109A  0F15               	addlw	low _i2c1_eventTable
  4476   00109C  6E38               	movwf	??_I2C1_EventHandler^0,c
  4477   00109E  C038  FFF6         	movff	??_I2C1_EventHandler,tblptrl
  4478   0010A2                     	if	1	;There is more than 1 active tblptr byte
  4479   0010A2  0E10               	movlw	high __smallconst
  4480   0010A4  6EF7               	movwf	tblptrh,c
  4481   0010A6                     	endif
  4482   0010A6                     	if	1	;Program memory is < 0x10000, tblptru is always zero
  4483   0010A6  6AF8               	clrf	tblptru,c
  4484   0010A8                     	endif
  4485   0010A8                     	if	0	;tblptru may be non-zero
  4486   0010A8                     	endif
  4487   0010A8  0009               	tblrd		*+
  4488   0010AA  CFF5 F039          	movff	tablat,??_I2C1_EventHandler+1
  4489   0010AE  0009               	tblrd		*+
  4490   0010B0  CFF5 F03A          	movff	tablat,??_I2C1_EventHandler+2
  4491   0010B4  D802               	call	i2u27_48
  4492   0010B6  EF66  F008         	goto	i2u27_49
  4493   0010BA                     i2u27_48:
  4494   0010BA  0005               	push	
  4495   0010BC  6EFA               	movwf	pclath,c
  4496   0010BE  5039               	movf	(??_I2C1_EventHandler+1)^0,w,c
  4497   0010C0  6EFD               	movwf	tosl,c
  4498   0010C2  503A               	movf	(??_I2C1_EventHandler+2)^0,w,c
  4499   0010C4  6EFE               	movwf	tosh,c
  4500   0010C6  6AFF               	clrf	tosu,c
  4501   0010C8  50FA               	movf	pclath,w,c
  4502   0010CA  0012               	return		;indir
  4503   0010CC                     i2u27_49:
  4504   0010CC  6E0D               	movwf	(_i2c1Status+11)^0,c	;volatile
  4505   0010CE  0012               	return		;funcret
  4506   0010D0                     __end_of_I2C1_EventHandler:
  4507                           	callstack 0
  4508                           
  4509 ;; *************** function _I2C1_Close *****************
  4510 ;; Defined at:
  4511 ;;		line 211 in file "mcc_generated_files/i2c_host/src/mssp.c"
  4512 ;; Parameters:    Size  Location     Type
  4513 ;;		None
  4514 ;; Auto vars:     Size  Location     Type
  4515 ;;		None
  4516 ;; Return value:  Size  Location     Type
  4517 ;;                  1    wreg      void 
  4518 ;; Registers used:
  4519 ;;		wreg, status,2
  4520 ;; Tracked objects:
  4521 ;;		On entry : 0/0
  4522 ;;		On exit  : 0/0
  4523 ;;		Unchanged: 0/0
  4524 ;; Data sizes:     COMRAM   BANK0   BANK1   BANK2   BANK3   BANK4   BANK5   BANK6   BANK7   BANK8   BANK9  BANK10  BANK1
      +1  BANK12  BANK13  BANK14  BANK15
  4525 ;;      Params:         0       0       0       0       0       0       0       0       0       0       0       0       
      +0       0       0       0       0
  4526 ;;      Locals:         0       0       0       0       0       0       0       0       0       0       0       0       
      +0       0       0       0       0
  4527 ;;      Temps:          0       0       0       0       0       0       0       0       0       0       0       0       
      +0       0       0       0       0
  4528 ;;      Totals:         0       0       0       0       0       0       0       0       0       0       0       0       
      +0       0       0       0       0
  4529 ;;Total ram usage:        0 bytes
  4530 ;; Hardware stack levels used: 1
  4531 ;; This function calls:
  4532 ;;		Nothing
  4533 ;; This function is called by:
  4534 ;;		_I2C1_EventHandler
  4535 ;; This function uses a non-reentrant model
  4536 ;;
  4537                           
  4538                           	psect	text36
  4539   0016DA                     __ptext36:
  4540                           	callstack 0
  4541   0016DA                     _I2C1_Close:
  4542                           	callstack 23
  4543   0016DA                     
  4544                           ;mcc_generated_files/i2c_host/src/mssp.c: 213:     i2c1Status.busy = 0;
  4545   0016DA  6A02               	clrf	_i2c1Status^0,c	;volatile
  4546   0016DC                     
  4547                           ;mcc_generated_files/i2c_host/src/mssp.c: 214:     i2c1Status.address = 0xFF;
  4548   0016DC  0E00               	movlw	0
  4549   0016DE  6E04               	movwf	(_i2c1Status+2)^0,c	;volatile
  4550   0016E0  6803               	setf	(_i2c1Status+1)^0,c	;volatile
  4551   0016E2                     
  4552                           ;mcc_generated_files/i2c_host/src/mssp.c: 215:     i2c1Status.writePtr = ((void*)0);
  4553   0016E2  6A05               	clrf	(_i2c1Status+3)^0,c	;volatile
  4554   0016E4                     
  4555                           ;mcc_generated_files/i2c_host/src/mssp.c: 216:     i2c1Status.readPtr = ((void*)0);
  4556   0016E4  6A08               	clrf	(_i2c1Status+6)^0,c	;volatile
  4557   0016E6                     
  4558                           ;mcc_generated_files/i2c_host/src/mssp.c: 217:     i2c1Status.state = I2C_STATE_IDLE;
  4559   0016E6  6A0D               	clrf	(_i2c1Status+11)^0,c	;volatile
  4560   0016E8                     
  4561                           ;mcc_generated_files/i2c_host/src/mssp.c: 218:     PIR1bits.SSPIF = 0;
  4562   0016E8  969E               	bcf	158,3,c	;volatile
  4563   0016EA                     
  4564                           ;mcc_generated_files/i2c_host/src/mssp.c: 219:     PIR2bits.BCLIF = 0;
  4565   0016EA  96A1               	bcf	161,3,c	;volatile
  4566   0016EC                     
  4567                           ;mcc_generated_files/i2c_host/src/mssp.c: 220:     SSPCON1bits.WCOL = 0;
  4568   0016EC  9EC6               	bcf	198,7,c	;volatile
  4569   0016EE                     
  4570                           ;mcc_generated_files/i2c_host/src/mssp.c: 221:     SSPCON1bits.SSPOV = 0;
  4571   0016EE  9CC6               	bcf	198,6,c	;volatile
  4572   0016F0  0012               	return		;funcret
  4573   0016F2                     __end_of_I2C1_Close:
  4574                           	callstack 0
  4575                           
  4576 ;; *************** function _I2C1_ERROR_ISR *****************
  4577 ;; Defined at:
  4578 ;;		line 191 in file "mcc_generated_files/i2c_host/src/mssp.c"
  4579 ;; Parameters:    Size  Location     Type
  4580 ;;		None
  4581 ;; Auto vars:     Size  Location     Type
  4582 ;;		None
  4583 ;; Return value:  Size  Location     Type
  4584 ;;                  1    wreg      void 
  4585 ;; Registers used:
  4586 ;;		wreg, fsr2l, fsr2h, status,2, status,0, pcl, pclath, pclatu, tosl, tblptrl, tblptrh, tblptru, prodl, prodh, cstack
  4587 ;; Tracked objects:
  4588 ;;		On entry : 0/0
  4589 ;;		On exit  : 0/0
  4590 ;;		Unchanged: 0/0
  4591 ;; Data sizes:     COMRAM   BANK0   BANK1   BANK2   BANK3   BANK4   BANK5   BANK6   BANK7   BANK8   BANK9  BANK10  BANK1
      +1  BANK12  BANK13  BANK14  BANK15
  4592 ;;      Params:         0       0       0       0       0       0       0       0       0       0       0       0       
      +0       0       0       0       0
  4593 ;;      Locals:         0       0       0       0       0       0       0       0       0       0       0       0       
      +0       0       0       0       0
  4594 ;;      Temps:          0       0       0       0       0       0       0       0       0       0       0       0       
      +0       0       0       0       0
  4595 ;;      Totals:         0       0       0       0       0       0       0       0       0       0       0       0       
      +0       0       0       0       0
  4596 ;;Total ram usage:        0 bytes
  4597 ;; Hardware stack levels used: 1
  4598 ;; Hardware stack levels required when called: 3
  4599 ;; This function calls:
  4600 ;;		_I2C1_ErrorEventHandler
  4601 ;; This function is called by:
  4602 ;;		_INTERRUPT_InterruptManager
  4603 ;; This function uses a non-reentrant model
  4604 ;;
  4605                           
  4606                           	psect	text37
  4607   00178C                     __ptext37:
  4608                           	callstack 0
  4609   00178C                     _I2C1_ERROR_ISR:
  4610                           	callstack 22
  4611   00178C                     
  4612                           ;mcc_generated_files/i2c_host/src/mssp.c: 193:     I2C1_ErrorEventHandler();
  4613   00178C  EC88  F009         	call	_I2C1_ErrorEventHandler	;wreg free
  4614   001790  0012               	return		;funcret
  4615   001792                     __end_of_I2C1_ERROR_ISR:
  4616                           	callstack 0
  4617                           
  4618 ;; *************** function _I2C1_ErrorEventHandler *****************
  4619 ;; Defined at:
  4620 ;;		line 252 in file "mcc_generated_files/i2c_host/src/mssp.c"
  4621 ;; Parameters:    Size  Location     Type
  4622 ;;		None
  4623 ;; Auto vars:     Size  Location     Type
  4624 ;;		None
  4625 ;; Return value:  Size  Location     Type
  4626 ;;                  1    wreg      void 
  4627 ;; Registers used:
  4628 ;;		wreg, fsr2l, fsr2h, status,2, status,0, pcl, pclath, pclatu, tosl, tblptrl, tblptrh, tblptru, prodl, prodh, cstack
  4629 ;; Tracked objects:
  4630 ;;		On entry : 0/0
  4631 ;;		On exit  : 0/0
  4632 ;;		Unchanged: 0/0
  4633 ;; Data sizes:     COMRAM   BANK0   BANK1   BANK2   BANK3   BANK4   BANK5   BANK6   BANK7   BANK8   BANK9  BANK10  BANK1
      +1  BANK12  BANK13  BANK14  BANK15
  4634 ;;      Params:         0       0       0       0       0       0       0       0       0       0       0       0       
      +0       0       0       0       0
  4635 ;;      Locals:         0       0       0       0       0       0       0       0       0       0       0       0       
      +0       0       0       0       0
  4636 ;;      Temps:          3       0       0       0       0       0       0       0       0       0       0       0       
      +0       0       0       0       0
  4637 ;;      Totals:         3       0       0       0       0       0       0       0       0       0       0       0       
      +0       0       0       0       0
  4638 ;;Total ram usage:        3 bytes
  4639 ;; Hardware stack levels used: 1
  4640 ;; Hardware stack levels required when called: 2
  4641 ;; This function calls:
  4642 ;;		_I2C1_EVENT_ERROR
  4643 ;;		_I2C1_EVENT_IDLE
  4644 ;;		_I2C1_EVENT_NACK
  4645 ;;		_I2C1_EVENT_RESET
  4646 ;;		_I2C1_EVENT_RX
  4647 ;;		_I2C1_EVENT_SEND_RD_ADDR
  4648 ;;		_I2C1_EVENT_SEND_WR_ADDR
  4649 ;;		_I2C1_EVENT_STOP
  4650 ;;		_I2C1_EVENT_TX
  4651 ;; This function is called by:
  4652 ;;		_I2C1_ERROR_ISR
  4653 ;; This function uses a non-reentrant model
  4654 ;;
  4655                           
  4656                           	psect	text38
  4657   001310                     __ptext38:
  4658                           	callstack 0
  4659   001310                     _I2C1_ErrorEventHandler:
  4660                           	callstack 22
  4661   001310                     
  4662                           ;mcc_generated_files/i2c_host/src/mssp.c: 254:     i2c1Status.state = I2C_STATE_ERROR;
  4663   001310  0E06               	movlw	6
  4664   001312  6E0D               	movwf	(_i2c1Status+11)^0,c	;volatile
  4665                           
  4666                           ;mcc_generated_files/i2c_host/src/mssp.c: 255:     i2c1Status.errorState = I2C_ERROR_BUS
      +                          _COLLISION;
  4667   001314  0E03               	movlw	3
  4668   001316  6E0C               	movwf	(_i2c1Status+10)^0,c	;volatile
  4669   001318                     
  4670                           ;mcc_generated_files/i2c_host/src/mssp.c: 256:     PIR2bits.BCLIF = 0;
  4671   001318  96A1               	bcf	161,3,c	;volatile
  4672   00131A                     
  4673                           ;mcc_generated_files/i2c_host/src/mssp.c: 258:     I2C1_Callback();
  4674   00131A  500D               	movf	(_i2c1Status+11)^0,w,c	;volatile
  4675   00131C  0D02               	mullw	2
  4676   00131E  50F3               	movf	243,w,c
  4677   001320  0F15               	addlw	low _i2c1_eventTable
  4678   001322  6E38               	movwf	??_I2C1_ErrorEventHandler^0,c
  4679   001324  C038  FFF6         	movff	??_I2C1_ErrorEventHandler,tblptrl
  4680   001328                     	if	1	;There is more than 1 active tblptr byte
  4681   001328  0E10               	movlw	high __smallconst
  4682   00132A  6EF7               	movwf	tblptrh,c
  4683   00132C                     	endif
  4684   00132C                     	if	1	;Program memory is < 0x10000, tblptru is always zero
  4685   00132C  6AF8               	clrf	tblptru,c
  4686   00132E                     	endif
  4687   00132E                     	if	0	;tblptru may be non-zero
  4688   00132E                     	endif
  4689   00132E  0009               	tblrd		*+
  4690   001330  CFF5 F039          	movff	tablat,??_I2C1_ErrorEventHandler+1
  4691   001334  0009               	tblrd		*+
  4692   001336  CFF5 F03A          	movff	tablat,??_I2C1_ErrorEventHandler+2
  4693   00133A  D802               	call	i2u28_48
  4694   00133C  EFA9  F009         	goto	i2u28_49
  4695   001340                     i2u28_48:
  4696   001340  0005               	push	
  4697   001342  6EFA               	movwf	pclath,c
  4698   001344  5039               	movf	(??_I2C1_ErrorEventHandler+1)^0,w,c
  4699   001346  6EFD               	movwf	tosl,c
  4700   001348  503A               	movf	(??_I2C1_ErrorEventHandler+2)^0,w,c
  4701   00134A  6EFE               	movwf	tosh,c
  4702   00134C  6AFF               	clrf	tosu,c
  4703   00134E  50FA               	movf	pclath,w,c
  4704   001350  0012               	return		;indir
  4705   001352                     i2u28_49:
  4706   001352  6E0D               	movwf	(_i2c1Status+11)^0,c	;volatile
  4707   001354  0012               	return		;funcret
  4708   001356                     __end_of_I2C1_ErrorEventHandler:
  4709                           	callstack 0
  4710                           
  4711 ;; *************** function _I2C1_EVENT_RESET *****************
  4712 ;; Defined at:
  4713 ;;		line 362 in file "mcc_generated_files/i2c_host/src/mssp.c"
  4714 ;; Parameters:    Size  Location     Type
  4715 ;;		None
  4716 ;; Auto vars:     Size  Location     Type
  4717 ;;		None
  4718 ;; Return value:  Size  Location     Type
  4719 ;;                  1    wreg      enum E2864
  4720 ;; Registers used:
  4721 ;;		wreg
  4722 ;; Tracked objects:
  4723 ;;		On entry : 0/0
  4724 ;;		On exit  : 0/0
  4725 ;;		Unchanged: 0/0
  4726 ;; Data sizes:     COMRAM   BANK0   BANK1   BANK2   BANK3   BANK4   BANK5   BANK6   BANK7   BANK8   BANK9  BANK10  BANK1
      +1  BANK12  BANK13  BANK14  BANK15
  4727 ;;      Params:         0       0       0       0       0       0       0       0       0       0       0       0       
      +0       0       0       0       0
  4728 ;;      Locals:         0       0       0       0       0       0       0       0       0       0       0       0       
      +0       0       0       0       0
  4729 ;;      Temps:          0       0       0       0       0       0       0       0       0       0       0       0       
      +0       0       0       0       0
  4730 ;;      Totals:         0       0       0       0       0       0       0       0       0       0       0       0       
      +0       0       0       0       0
  4731 ;;Total ram usage:        0 bytes
  4732 ;; Hardware stack levels used: 1
  4733 ;; This function calls:
  4734 ;;		Nothing
  4735 ;; This function is called by:
  4736 ;;		_I2C1_EVENT_ERROR
  4737 ;;		_I2C1_EventHandler
  4738 ;;		_I2C1_ErrorEventHandler
  4739 ;; This function uses a non-reentrant model
  4740 ;;
  4741                           
  4742                           	psect	text39
  4743   001730                     __ptext39:
  4744                           	callstack 0
  4745   001730                     _I2C1_EVENT_RESET:
  4746                           	callstack 22
  4747   001730                     
  4748                           ;mcc_generated_files/i2c_host/src/mssp.c: 364:     SSPCON1bits.SSPEN = 0;
  4749   001730  9AC6               	bcf	198,5,c	;volatile
  4750                           
  4751                           ;mcc_generated_files/i2c_host/src/mssp.c: 365:     SSPCON1bits.SSPEN = 1;
  4752   001732  8AC6               	bsf	198,5,c	;volatile
  4753                           
  4754                           ;mcc_generated_files/i2c_host/src/mssp.c: 366:     i2c1Status.busy = 0;
  4755   001734  6A02               	clrf	_i2c1Status^0,c	;volatile
  4756   001736                     
  4757                           ;mcc_generated_files/i2c_host/src/mssp.c: 367:     return I2C_STATE_IDLE;
  4758   001736  0E00               	movlw	0
  4759   001738  0012               	return		;funcret
  4760   00173A                     __end_of_I2C1_EVENT_RESET:
  4761                           	callstack 0
  4762                           
  4763 ;; *************** function _I2C1_EVENT_STOP *****************
  4764 ;; Defined at:
  4765 ;;		line 355 in file "mcc_generated_files/i2c_host/src/mssp.c"
  4766 ;; Parameters:    Size  Location     Type
  4767 ;;		None
  4768 ;; Auto vars:     Size  Location     Type
  4769 ;;		None
  4770 ;; Return value:  Size  Location     Type
  4771 ;;                  1    wreg      enum E2864
  4772 ;; Registers used:
  4773 ;;		wreg
  4774 ;; Tracked objects:
  4775 ;;		On entry : 0/0
  4776 ;;		On exit  : 0/0
  4777 ;;		Unchanged: 0/0
  4778 ;; Data sizes:     COMRAM   BANK0   BANK1   BANK2   BANK3   BANK4   BANK5   BANK6   BANK7   BANK8   BANK9  BANK10  BANK1
      +1  BANK12  BANK13  BANK14  BANK15
  4779 ;;      Params:         0       0       0       0       0       0       0       0       0       0       0       0       
      +0       0       0       0       0
  4780 ;;      Locals:         0       0       0       0       0       0       0       0       0       0       0       0       
      +0       0       0       0       0
  4781 ;;      Temps:          0       0       0       0       0       0       0       0       0       0       0       0       
      +0       0       0       0       0
  4782 ;;      Totals:         0       0       0       0       0       0       0       0       0       0       0       0       
      +0       0       0       0       0
  4783 ;;Total ram usage:        0 bytes
  4784 ;; Hardware stack levels used: 1
  4785 ;; This function calls:
  4786 ;;		Nothing
  4787 ;; This function is called by:
  4788 ;;		_I2C1_EVENT_TX
  4789 ;;		_I2C1_EVENT_NACK
  4790 ;;		_I2C1_EventHandler
  4791 ;;		_I2C1_ErrorEventHandler
  4792 ;; This function uses a non-reentrant model
  4793 ;;
  4794                           
  4795                           	psect	text40
  4796   001792                     __ptext40:
  4797                           	callstack 0
  4798   001792                     _I2C1_EVENT_STOP:
  4799                           	callstack 22
  4800   001792                     
  4801                           ;mcc_generated_files/i2c_host/src/mssp.c: 357:     SSPCON2bits.PEN = 1;
  4802   001792  84C5               	bsf	197,2,c	;volatile
  4803   001794                     
  4804                           ;mcc_generated_files/i2c_host/src/mssp.c: 359:     return I2C_STATE_IDLE;
  4805   001794  0E00               	movlw	0
  4806   001796  0012               	return		;funcret
  4807   001798                     __end_of_I2C1_EVENT_STOP:
  4808                           	callstack 0
  4809                           
  4810 ;; *************** function _I2C1_EVENT_ERROR *****************
  4811 ;; Defined at:
  4812 ;;		line 348 in file "mcc_generated_files/i2c_host/src/mssp.c"
  4813 ;; Parameters:    Size  Location     Type
  4814 ;;		None
  4815 ;; Auto vars:     Size  Location     Type
  4816 ;;  retEventStat    1    0[COMRAM] enum E2864
  4817 ;; Return value:  Size  Location     Type
  4818 ;;                  1    wreg      enum E2864
  4819 ;; Registers used:
  4820 ;;		wreg, status,2, cstack
  4821 ;; Tracked objects:
  4822 ;;		On entry : 0/0
  4823 ;;		On exit  : 0/0
  4824 ;;		Unchanged: 0/0
  4825 ;; Data sizes:     COMRAM   BANK0   BANK1   BANK2   BANK3   BANK4   BANK5   BANK6   BANK7   BANK8   BANK9  BANK10  BANK1
      +1  BANK12  BANK13  BANK14  BANK15
  4826 ;;      Params:         0       0       0       0       0       0       0       0       0       0       0       0       
      +0       0       0       0       0
  4827 ;;      Locals:         1       0       0       0       0       0       0       0       0       0       0       0       
      +0       0       0       0       0
  4828 ;;      Temps:          0       0       0       0       0       0       0       0       0       0       0       0       
      +0       0       0       0       0
  4829 ;;      Totals:         1       0       0       0       0       0       0       0       0       0       0       0       
      +0       0       0       0       0
  4830 ;;Total ram usage:        1 bytes
  4831 ;; Hardware stack levels used: 1
  4832 ;; This function calls:
  4833 ;;		_I2C1_EVENT_RESET
  4834 ;; This function is called by:
  4835 ;;		_I2C1_EventHandler
  4836 ;;		_I2C1_ErrorEventHandler
  4837 ;; This function uses a non-reentrant model
  4838 ;;
  4839                           
  4840                           	psect	text41
  4841   00173A                     __ptext41:
  4842                           	callstack 0
  4843   00173A                     _I2C1_EVENT_ERROR:
  4844                           	callstack 23
  4845   00173A                     
  4846                           ;mcc_generated_files/i2c_host/src/mssp.c: 351:     retEventState = I2C1_EVENT_RESET();
  4847   00173A  EC98  F00B         	call	_I2C1_EVENT_RESET	;wreg free
  4848   00173E  6E37               	movwf	I2C1_EVENT_ERROR@retEventState^0,c
  4849   001740                     
  4850                           ;mcc_generated_files/i2c_host/src/mssp.c: 352:     return retEventState;
  4851   001740  5037               	movf	I2C1_EVENT_ERROR@retEventState^0,w,c
  4852   001742  0012               	return		;funcret
  4853   001744                     __end_of_I2C1_EVENT_ERROR:
  4854                           	callstack 0
  4855                           
  4856 ;; *************** function _I2C1_EVENT_NACK *****************
  4857 ;; Defined at:
  4858 ;;		line 341 in file "mcc_generated_files/i2c_host/src/mssp.c"
  4859 ;; Parameters:    Size  Location     Type
  4860 ;;		None
  4861 ;; Auto vars:     Size  Location     Type
  4862 ;;  retEventStat    1    0[COMRAM] enum E2864
  4863 ;; Return value:  Size  Location     Type
  4864 ;;                  1    wreg      enum E2864
  4865 ;; Registers used:
  4866 ;;		wreg, status,2, cstack
  4867 ;; Tracked objects:
  4868 ;;		On entry : 0/0
  4869 ;;		On exit  : 0/0
  4870 ;;		Unchanged: 0/0
  4871 ;; Data sizes:     COMRAM   BANK0   BANK1   BANK2   BANK3   BANK4   BANK5   BANK6   BANK7   BANK8   BANK9  BANK10  BANK1
      +1  BANK12  BANK13  BANK14  BANK15
  4872 ;;      Params:         0       0       0       0       0       0       0       0       0       0       0       0       
      +0       0       0       0       0
  4873 ;;      Locals:         1       0       0       0       0       0       0       0       0       0       0       0       
      +0       0       0       0       0
  4874 ;;      Temps:          0       0       0       0       0       0       0       0       0       0       0       0       
      +0       0       0       0       0
  4875 ;;      Totals:         1       0       0       0       0       0       0       0       0       0       0       0       
      +0       0       0       0       0
  4876 ;;Total ram usage:        1 bytes
  4877 ;; Hardware stack levels used: 1
  4878 ;; This function calls:
  4879 ;;		_I2C1_EVENT_STOP
  4880 ;; This function is called by:
  4881 ;;		_I2C1_EventHandler
  4882 ;;		_I2C1_ErrorEventHandler
  4883 ;; This function uses a non-reentrant model
  4884 ;;
  4885                           
  4886                           	psect	text42
  4887   001744                     __ptext42:
  4888                           	callstack 0
  4889   001744                     _I2C1_EVENT_NACK:
  4890                           	callstack 23
  4891   001744                     
  4892                           ;mcc_generated_files/i2c_host/src/mssp.c: 344:     retEventState = I2C1_EVENT_STOP();
  4893   001744  ECC9  F00B         	call	_I2C1_EVENT_STOP	;wreg free
  4894   001748  6E37               	movwf	I2C1_EVENT_NACK@retEventState^0,c
  4895   00174A                     
  4896                           ;mcc_generated_files/i2c_host/src/mssp.c: 345:     return retEventState;
  4897   00174A  5037               	movf	I2C1_EVENT_NACK@retEventState^0,w,c
  4898   00174C  0012               	return		;funcret
  4899   00174E                     __end_of_I2C1_EVENT_NACK:
  4900                           	callstack 0
  4901                           
  4902 ;; *************** function _I2C1_EVENT_RX *****************
  4903 ;; Defined at:
  4904 ;;		line 306 in file "mcc_generated_files/i2c_host/src/mssp.c"
  4905 ;; Parameters:    Size  Location     Type
  4906 ;;		None
  4907 ;; Auto vars:     Size  Location     Type
  4908 ;;  retEventStat    1    0[COMRAM] enum E2864
  4909 ;; Return value:  Size  Location     Type
  4910 ;;                  1    wreg      enum E2864
  4911 ;; Registers used:
  4912 ;;		wreg, fsr2l, fsr2h, status,2, status,0
  4913 ;; Tracked objects:
  4914 ;;		On entry : 0/0
  4915 ;;		On exit  : 0/0
  4916 ;;		Unchanged: 0/0
  4917 ;; Data sizes:     COMRAM   BANK0   BANK1   BANK2   BANK3   BANK4   BANK5   BANK6   BANK7   BANK8   BANK9  BANK10  BANK1
      +1  BANK12  BANK13  BANK14  BANK15
  4918 ;;      Params:         0       0       0       0       0       0       0       0       0       0       0       0       
      +0       0       0       0       0
  4919 ;;      Locals:         1       0       0       0       0       0       0       0       0       0       0       0       
      +0       0       0       0       0
  4920 ;;      Temps:          0       0       0       0       0       0       0       0       0       0       0       0       
      +0       0       0       0       0
  4921 ;;      Totals:         1       0       0       0       0       0       0       0       0       0       0       0       
      +0       0       0       0       0
  4922 ;;Total ram usage:        1 bytes
  4923 ;; Hardware stack levels used: 1
  4924 ;; This function calls:
  4925 ;;		Nothing
  4926 ;; This function is called by:
  4927 ;;		_I2C1_EventHandler
  4928 ;;		_I2C1_ErrorEventHandler
  4929 ;; This function uses a non-reentrant model
  4930 ;;
  4931                           
  4932                           	psect	text43
  4933   0011A8                     __ptext43:
  4934                           	callstack 0
  4935   0011A8                     _I2C1_EVENT_RX:
  4936                           	callstack 23
  4937   0011A8                     
  4938                           ;mcc_generated_files/i2c_host/src/mssp.c: 308:     i2c_host_event_states_t retEventState
      +                           = I2C_STATE_RX;
  4939   0011A8  0E04               	movlw	4
  4940   0011AA  6E37               	movwf	I2C1_EVENT_RX@retEventState^0,c
  4941   0011AC                     
  4942                           ;mcc_generated_files/i2c_host/src/mssp.c: 310:     if (1U == SSPSTATbits.BF)
  4943   0011AC  A0C7               	btfss	199,0,c	;volatile
  4944   0011AE  EFDB  F008         	goto	i2u6_41
  4945   0011B2  EFDD  F008         	goto	i2u6_40
  4946   0011B6                     i2u6_41:
  4947   0011B6  EF03  F009         	goto	i2l273
  4948   0011BA                     i2u6_40:
  4949   0011BA                     
  4950                           ;mcc_generated_files/i2c_host/src/mssp.c: 311:     {;mcc_generated_files/i2c_host/src/ms
      +                          sp.c: 312:         if (i2c1Status.readLength > 0U)
  4951   0011BA  5009               	movf	(_i2c1Status+7)^0,w,c	;volatile
  4952   0011BC  100A               	iorwf	(_i2c1Status+8)^0,w,c	;volatile
  4953   0011BE  B4D8               	btfsc	status,2,c
  4954   0011C0  EFE4  F008         	goto	i2u7_41
  4955   0011C4  EFE6  F008         	goto	i2u7_40
  4956   0011C8                     i2u7_41:
  4957   0011C8  EFEF  F008         	goto	i2l1609
  4958   0011CC                     i2u7_40:
  4959   0011CC                     
  4960                           ;mcc_generated_files/i2c_host/src/mssp.c: 313:         {;mcc_generated_files/i2c_host/sr
      +                          c/mssp.c: 314:             *i2c1Status.readPtr = SSPBUF;
  4961   0011CC  5008               	movf	(_i2c1Status+6)^0,w,c	;volatile
  4962   0011CE  6ED9               	movwf	fsr2l,c
  4963   0011D0  6ADA               	clrf	fsr2h,c
  4964   0011D2  CFC9 FFDF          	movff	4041,indf2	;volatile
  4965   0011D6                     
  4966                           ;mcc_generated_files/i2c_host/src/mssp.c: 315:             i2c1Status.readPtr++;
  4967   0011D6  2A08               	incf	(_i2c1Status+6)^0,f,c	;volatile
  4968   0011D8                     
  4969                           ;mcc_generated_files/i2c_host/src/mssp.c: 316:             i2c1Status.readLength--;
  4970   0011D8  0609               	decf	(_i2c1Status+7)^0,f,c	;volatile
  4971   0011DA  A0D8               	btfss	status,0,c
  4972   0011DC  060A               	decf	(_i2c1Status+8)^0,f,c	;volatile
  4973   0011DE                     i2l1609:
  4974                           
  4975                           ;mcc_generated_files/i2c_host/src/mssp.c: 320:         if (i2c1Status.readLength > 0U)
  4976   0011DE  5009               	movf	(_i2c1Status+7)^0,w,c	;volatile
  4977   0011E0  100A               	iorwf	(_i2c1Status+8)^0,w,c	;volatile
  4978   0011E2  B4D8               	btfsc	status,2,c
  4979   0011E4  EFF6  F008         	goto	i2u8_41
  4980   0011E8  EFF8  F008         	goto	i2u8_40
  4981   0011EC                     i2u8_41:
  4982   0011EC  EFFC  F008         	goto	i2l275
  4983   0011F0                     i2u8_40:
  4984   0011F0                     
  4985                           ;mcc_generated_files/i2c_host/src/mssp.c: 321:         {;mcc_generated_files/i2c_host/sr
      +                          c/mssp.c: 322:             SSPCON2bits.ACKDT = 0;
  4986   0011F0  9AC5               	bcf	197,5,c	;volatile
  4987                           
  4988                           ;mcc_generated_files/i2c_host/src/mssp.c: 323:             SSPCON2bits.ACKEN = 1;
  4989   0011F2  88C5               	bsf	197,4,c	;volatile
  4990                           
  4991                           ;mcc_generated_files/i2c_host/src/mssp.c: 324:         }
  4992   0011F4  EF04  F009         	goto	i2l1615
  4993   0011F8                     i2l275:
  4994                           
  4995                           ;mcc_generated_files/i2c_host/src/mssp.c: 326:         {;mcc_generated_files/i2c_host/sr
      +                          c/mssp.c: 327:             SSPCON2bits.RSEN = 0;
  4996   0011F8  92C5               	bcf	197,1,c	;volatile
  4997                           
  4998                           ;mcc_generated_files/i2c_host/src/mssp.c: 328:             SSPCON2bits.ACKDT = 1;
  4999   0011FA  8AC5               	bsf	197,5,c	;volatile
  5000                           
  5001                           ;mcc_generated_files/i2c_host/src/mssp.c: 329:             SSPCON2bits.ACKEN = 1;
  5002   0011FC  88C5               	bsf	197,4,c	;volatile
  5003   0011FE                     
  5004                           ;mcc_generated_files/i2c_host/src/mssp.c: 330:             retEventState = I2C_STATE_STO
      +                          P;
  5005   0011FE  0E07               	movlw	7
  5006   001200  6E37               	movwf	I2C1_EVENT_RX@retEventState^0,c
  5007   001202  EF04  F009         	goto	i2l1615
  5008   001206                     i2l273:
  5009                           
  5010                           ;mcc_generated_files/i2c_host/src/mssp.c: 335:     {;mcc_generated_files/i2c_host/src/ms
      +                          sp.c: 336:         SSPCON2bits.RCEN = 1;
  5011   001206  86C5               	bsf	197,3,c	;volatile
  5012   001208                     i2l1615:
  5013                           
  5014                           ;mcc_generated_files/i2c_host/src/mssp.c: 338:     return retEventState;
  5015   001208  5037               	movf	I2C1_EVENT_RX@retEventState^0,w,c
  5016   00120A  0012               	return		;funcret
  5017   00120C                     __end_of_I2C1_EVENT_RX:
  5018                           	callstack 0
  5019                           
  5020 ;; *************** function _I2C1_EVENT_SEND_WR_ADDR *****************
  5021 ;; Defined at:
  5022 ;;		line 273 in file "mcc_generated_files/i2c_host/src/mssp.c"
  5023 ;; Parameters:    Size  Location     Type
  5024 ;;		None
  5025 ;; Auto vars:     Size  Location     Type
  5026 ;;		None
  5027 ;; Return value:  Size  Location     Type
  5028 ;;                  1    wreg      enum E2864
  5029 ;; Registers used:
  5030 ;;		wreg
  5031 ;; Tracked objects:
  5032 ;;		On entry : 0/0
  5033 ;;		On exit  : 0/0
  5034 ;;		Unchanged: 0/0
  5035 ;; Data sizes:     COMRAM   BANK0   BANK1   BANK2   BANK3   BANK4   BANK5   BANK6   BANK7   BANK8   BANK9  BANK10  BANK1
      +1  BANK12  BANK13  BANK14  BANK15
  5036 ;;      Params:         0       0       0       0       0       0       0       0       0       0       0       0       
      +0       0       0       0       0
  5037 ;;      Locals:         0       0       0       0       0       0       0       0       0       0       0       0       
      +0       0       0       0       0
  5038 ;;      Temps:          0       0       0       0       0       0       0       0       0       0       0       0       
      +0       0       0       0       0
  5039 ;;      Totals:         0       0       0       0       0       0       0       0       0       0       0       0       
      +0       0       0       0       0
  5040 ;;Total ram usage:        0 bytes
  5041 ;; Hardware stack levels used: 1
  5042 ;; This function calls:
  5043 ;;		Nothing
  5044 ;; This function is called by:
  5045 ;;		_I2C1_EventHandler
  5046 ;;		_I2C1_ErrorEventHandler
  5047 ;; This function uses a non-reentrant model
  5048 ;;
  5049                           
  5050                           	psect	text44
  5051   001778                     __ptext44:
  5052                           	callstack 0
  5053   001778                     _I2C1_EVENT_SEND_WR_ADDR:
  5054                           	callstack 23
  5055   001778                     
  5056                           ;mcc_generated_files/i2c_host/src/mssp.c: 275:     SSPBUF = ((uint8_t) (i2c1Status.addre
      +                          ss));
  5057   001778  C003  FFC9         	movff	_i2c1Status+1,4041	;volatile
  5058   00177C                     
  5059                           ;mcc_generated_files/i2c_host/src/mssp.c: 276:     return I2C_STATE_TX;
  5060   00177C  0E03               	movlw	3
  5061   00177E  0012               	return		;funcret
  5062   001780                     __end_of_I2C1_EVENT_SEND_WR_ADDR:
  5063                           	callstack 0
  5064                           
  5065 ;; *************** function _I2C1_EVENT_SEND_RD_ADDR *****************
  5066 ;; Defined at:
  5067 ;;		line 267 in file "mcc_generated_files/i2c_host/src/mssp.c"
  5068 ;; Parameters:    Size  Location     Type
  5069 ;;		None
  5070 ;; Auto vars:     Size  Location     Type
  5071 ;;		None
  5072 ;; Return value:  Size  Location     Type
  5073 ;;                  1    wreg      enum E2864
  5074 ;; Registers used:
  5075 ;;		wreg, status,2, status,0
  5076 ;; Tracked objects:
  5077 ;;		On entry : 0/0
  5078 ;;		On exit  : 0/0
  5079 ;;		Unchanged: 0/0
  5080 ;; Data sizes:     COMRAM   BANK0   BANK1   BANK2   BANK3   BANK4   BANK5   BANK6   BANK7   BANK8   BANK9  BANK10  BANK1
      +1  BANK12  BANK13  BANK14  BANK15
  5081 ;;      Params:         0       0       0       0       0       0       0       0       0       0       0       0       
      +0       0       0       0       0
  5082 ;;      Locals:         0       0       0       0       0       0       0       0       0       0       0       0       
      +0       0       0       0       0
  5083 ;;      Temps:          0       0       0       0       0       0       0       0       0       0       0       0       
      +0       0       0       0       0
  5084 ;;      Totals:         0       0       0       0       0       0       0       0       0       0       0       0       
      +0       0       0       0       0
  5085 ;;Total ram usage:        0 bytes
  5086 ;; Hardware stack levels used: 1
  5087 ;; This function calls:
  5088 ;;		Nothing
  5089 ;; This function is called by:
  5090 ;;		_I2C1_EventHandler
  5091 ;;		_I2C1_ErrorEventHandler
  5092 ;; This function uses a non-reentrant model
  5093 ;;
  5094                           
  5095                           	psect	text45
  5096   00174E                     __ptext45:
  5097                           	callstack 0
  5098   00174E                     _I2C1_EVENT_SEND_RD_ADDR:
  5099                           	callstack 23
  5100   00174E                     
  5101                           ;mcc_generated_files/i2c_host/src/mssp.c: 269:     SSPBUF = ((uint8_t) ((i2c1Status.addr
      +                          ess) | 1U));
  5102   00174E  5003               	movf	(_i2c1Status+1)^0,w,c	;volatile
  5103   001750  0901               	iorlw	1
  5104   001752  6EC9               	movwf	201,c	;volatile
  5105   001754                     
  5106                           ;mcc_generated_files/i2c_host/src/mssp.c: 270:     return I2C_STATE_RX;
  5107   001754  0E04               	movlw	4
  5108   001756  0012               	return		;funcret
  5109   001758                     __end_of_I2C1_EVENT_SEND_RD_ADDR:
  5110                           	callstack 0
  5111                           
  5112 ;; *************** function _I2C1_EVENT_IDLE *****************
  5113 ;; Defined at:
  5114 ;;		line 261 in file "mcc_generated_files/i2c_host/src/mssp.c"
  5115 ;; Parameters:    Size  Location     Type
  5116 ;;		None
  5117 ;; Auto vars:     Size  Location     Type
  5118 ;;		None
  5119 ;; Return value:  Size  Location     Type
  5120 ;;                  1    wreg      enum E2864
  5121 ;; Registers used:
  5122 ;;		wreg
  5123 ;; Tracked objects:
  5124 ;;		On entry : 0/0
  5125 ;;		On exit  : 0/0
  5126 ;;		Unchanged: 0/0
  5127 ;; Data sizes:     COMRAM   BANK0   BANK1   BANK2   BANK3   BANK4   BANK5   BANK6   BANK7   BANK8   BANK9  BANK10  BANK1
      +1  BANK12  BANK13  BANK14  BANK15
  5128 ;;      Params:         0       0       0       0       0       0       0       0       0       0       0       0       
      +0       0       0       0       0
  5129 ;;      Locals:         0       0       0       0       0       0       0       0       0       0       0       0       
      +0       0       0       0       0
  5130 ;;      Temps:          0       0       0       0       0       0       0       0       0       0       0       0       
      +0       0       0       0       0
  5131 ;;      Totals:         0       0       0       0       0       0       0       0       0       0       0       0       
      +0       0       0       0       0
  5132 ;;Total ram usage:        0 bytes
  5133 ;; Hardware stack levels used: 1
  5134 ;; This function calls:
  5135 ;;		Nothing
  5136 ;; This function is called by:
  5137 ;;		_I2C1_EventHandler
  5138 ;;		_I2C1_ErrorEventHandler
  5139 ;; This function uses a non-reentrant model
  5140 ;;
  5141                           
  5142                           	psect	text46
  5143   001798                     __ptext46:
  5144                           	callstack 0
  5145   001798                     _I2C1_EVENT_IDLE:
  5146                           	callstack 23
  5147   001798                     
  5148                           ;mcc_generated_files/i2c_host/src/mssp.c: 263:     i2c1Status.busy = 0;
  5149   001798  6A02               	clrf	_i2c1Status^0,c	;volatile
  5150   00179A                     
  5151                           ;mcc_generated_files/i2c_host/src/mssp.c: 264:     return I2C_STATE_RESET;
  5152   00179A  0E08               	movlw	8
  5153   00179C  0012               	return		;funcret
  5154   00179E                     __end_of_I2C1_EVENT_IDLE:
  5155                           	callstack 0
  5156                           
  5157 ;; *************** function _I2C1_EVENT_TX *****************
  5158 ;; Defined at:
  5159 ;;		line 279 in file "mcc_generated_files/i2c_host/src/mssp.c"
  5160 ;; Parameters:    Size  Location     Type
  5161 ;;		None
  5162 ;; Auto vars:     Size  Location     Type
  5163 ;;  retEventStat    1    0[COMRAM] enum E2864
  5164 ;; Return value:  Size  Location     Type
  5165 ;;                  1    wreg      enum E2864
  5166 ;; Registers used:
  5167 ;;		wreg, fsr2l, fsr2h, status,2, status,0, cstack
  5168 ;; Tracked objects:
  5169 ;;		On entry : 0/0
  5170 ;;		On exit  : 0/0
  5171 ;;		Unchanged: 0/0
  5172 ;; Data sizes:     COMRAM   BANK0   BANK1   BANK2   BANK3   BANK4   BANK5   BANK6   BANK7   BANK8   BANK9  BANK10  BANK1
      +1  BANK12  BANK13  BANK14  BANK15
  5173 ;;      Params:         0       0       0       0       0       0       0       0       0       0       0       0       
      +0       0       0       0       0
  5174 ;;      Locals:         1       0       0       0       0       0       0       0       0       0       0       0       
      +0       0       0       0       0
  5175 ;;      Temps:          0       0       0       0       0       0       0       0       0       0       0       0       
      +0       0       0       0       0
  5176 ;;      Totals:         1       0       0       0       0       0       0       0       0       0       0       0       
      +0       0       0       0       0
  5177 ;;Total ram usage:        1 bytes
  5178 ;; Hardware stack levels used: 1
  5179 ;; This function calls:
  5180 ;;		_I2C1_EVENT_STOP
  5181 ;; This function is called by:
  5182 ;;		_I2C1_EventHandler
  5183 ;;		_I2C1_ErrorEventHandler
  5184 ;; This function uses a non-reentrant model
  5185 ;;
  5186                           
  5187                           	psect	text47
  5188   0012BE                     __ptext47:
  5189                           	callstack 0
  5190   0012BE                     _I2C1_EVENT_TX:
  5191                           	callstack 23
  5192   0012BE                     
  5193                           ;mcc_generated_files/i2c_host/src/mssp.c: 282:     if (0U != i2c1Status.writeLength)
  5194   0012BE  5006               	movf	(_i2c1Status+4)^0,w,c	;volatile
  5195   0012C0  1007               	iorwf	(_i2c1Status+5)^0,w,c	;volatile
  5196   0012C2  B4D8               	btfsc	status,2,c
  5197   0012C4  EF66  F009         	goto	i2u4_41
  5198   0012C8  EF68  F009         	goto	i2u4_40
  5199   0012CC                     i2u4_41:
  5200   0012CC  EF75  F009         	goto	i2l1585
  5201   0012D0                     i2u4_40:
  5202   0012D0                     
  5203                           ;mcc_generated_files/i2c_host/src/mssp.c: 283:     {;mcc_generated_files/i2c_host/src/ms
      +                          sp.c: 284:         i2c1Status.writeLength--;
  5204   0012D0  0606               	decf	(_i2c1Status+4)^0,f,c	;volatile
  5205   0012D2  A0D8               	btfss	status,0,c
  5206   0012D4  0607               	decf	(_i2c1Status+5)^0,f,c	;volatile
  5207   0012D6                     
  5208                           ;mcc_generated_files/i2c_host/src/mssp.c: 285:         SSPBUF = *i2c1Status.writePtr;
  5209   0012D6  5005               	movf	(_i2c1Status+3)^0,w,c	;volatile
  5210   0012D8  6ED9               	movwf	fsr2l,c
  5211   0012DA  6ADA               	clrf	fsr2h,c
  5212   0012DC  50DF               	movf	indf2,w,c
  5213   0012DE  6EC9               	movwf	201,c	;volatile
  5214   0012E0                     
  5215                           ;mcc_generated_files/i2c_host/src/mssp.c: 286:         i2c1Status.writePtr++;
  5216   0012E0  2A05               	incf	(_i2c1Status+3)^0,f,c	;volatile
  5217   0012E2                     
  5218                           ;mcc_generated_files/i2c_host/src/mssp.c: 287:         retEventState = I2C_STATE_TX;
  5219   0012E2  0E03               	movlw	3
  5220   0012E4  6E37               	movwf	I2C1_EVENT_TX@retEventState^0,c
  5221                           
  5222                           ;mcc_generated_files/i2c_host/src/mssp.c: 288:     }
  5223   0012E6  EF86  F009         	goto	i2l1593
  5224   0012EA                     i2l1585:
  5225                           
  5226                           ;mcc_generated_files/i2c_host/src/mssp.c: 290:     {;mcc_generated_files/i2c_host/src/ms
      +                          sp.c: 291:         if (0U != i2c1Status.switchToRead)
  5227   0012EA  500B               	movf	(_i2c1Status+9)^0,w,c	;volatile
  5228   0012EC  B4D8               	btfsc	status,2,c
  5229   0012EE  EF7B  F009         	goto	i2u5_41
  5230   0012F2  EF7D  F009         	goto	i2u5_40
  5231   0012F6                     i2u5_41:
  5232   0012F6  EF83  F009         	goto	i2l1591
  5233   0012FA                     i2u5_40:
  5234   0012FA                     
  5235                           ;mcc_generated_files/i2c_host/src/mssp.c: 292:         {;mcc_generated_files/i2c_host/sr
      +                          c/mssp.c: 293:             i2c1Status.switchToRead = 0;
  5236   0012FA  6A0B               	clrf	(_i2c1Status+9)^0,c	;volatile
  5237                           
  5238                           ;mcc_generated_files/i2c_host/src/mssp.c: 294:             SSPCON2bits.RSEN = 1;
  5239   0012FC  82C5               	bsf	197,1,c	;volatile
  5240   0012FE                     
  5241                           ;mcc_generated_files/i2c_host/src/mssp.c: 295:             retEventState = I2C_STATE_SEN
      +                          D_RD_ADDR;
  5242   0012FE  0E01               	movlw	1
  5243   001300  6E37               	movwf	I2C1_EVENT_TX@retEventState^0,c
  5244                           
  5245                           ;mcc_generated_files/i2c_host/src/mssp.c: 296:         }
  5246   001302  EF86  F009         	goto	i2l1593
  5247   001306                     i2l1591:
  5248                           
  5249                           ;mcc_generated_files/i2c_host/src/mssp.c: 298:         {;mcc_generated_files/i2c_host/sr
      +                          c/mssp.c: 299:             retEventState = I2C1_EVENT_STOP();
  5250   001306  ECC9  F00B         	call	_I2C1_EVENT_STOP	;wreg free
  5251   00130A  6E37               	movwf	I2C1_EVENT_TX@retEventState^0,c
  5252   00130C                     i2l1593:
  5253                           
  5254                           ;mcc_generated_files/i2c_host/src/mssp.c: 303:     return retEventState;
  5255   00130C  5037               	movf	I2C1_EVENT_TX@retEventState^0,w,c
  5256   00130E  0012               	return		;funcret
  5257   001310                     __end_of_I2C1_EVENT_TX:
  5258                           	callstack 0
  5259                           
  5260                           	psect	rparam
  5261   000001                     ___rparam_used  equ	1
  5262   000000                     ___param_bank   equ	0
  5263   000000                     __Lparam        equ	__Lrparam
  5264   000000                     __Hparam        equ	__Hrparam
  5265   000001                     btemp           set	1	;btemp
  5266   000001                     int$flags       set	1
  5267   000001                     btemp0          set	1
  5268   000002                     btemp1          set	2
  5269                           
  5270                           	psect	config
  5271                           
  5272                           ; Padding undefined space
  5273   300000                     	org	3145728
  5274   300000  FF                 	db	255
  5275                           
  5276                           ;Config register CONFIG1H @ 0x300001
  5277                           ;	Oscillator Selection bits
  5278                           ;	FOSC = INTIO67, Internal oscillator block, port function on RA6 and RA7
  5279                           ;	Fail-Safe Clock Monitor Enable bit
  5280                           ;	FCMEN = OFF, Fail-Safe Clock Monitor disabled
  5281                           ;	Internal/External Oscillator Switchover bit
  5282                           ;	IESO = OFF, Oscillator Switchover mode disabled
  5283   300001                     	org	3145729
  5284   300001  08                 	db	8
  5285                           
  5286                           ;Config register CONFIG2L @ 0x300002
  5287                           ;	Power-up Timer Enable bit
  5288                           ;	PWRTEN = OFF, PWRT disabled
  5289                           ;	Brown-out Reset Enable bits
  5290                           ;	BOREN = SBORDIS, Brown-out Reset enabled in hardware only (SBOREN is disabled)
  5291                           ;	Brown Out Reset Voltage bits
  5292                           ;	BORV = 18, VBOR set to 1.8 V nominal
  5293   300002                     	org	3145730
  5294   300002  1F                 	db	31
  5295                           
  5296                           ;Config register CONFIG2H @ 0x300003
  5297                           ;	Watchdog Timer Enable bit
  5298                           ;	WDTEN = OFF, WDT is controlled by SWDTEN bit of the WDTCON register
  5299                           ;	Watchdog Timer Postscale Select bits
  5300                           ;	WDTPS = 32768, 1:32768
  5301   300003                     	org	3145731
  5302   300003  1E                 	db	30
  5303                           
  5304                           ; Padding undefined space
  5305   300004                     	org	3145732
  5306   300004  FF                 	db	255
  5307                           
  5308                           ;Config register CONFIG3H @ 0x300005
  5309                           ;	CCP2 MUX bit
  5310                           ;	CCP2MX = PORTC, CCP2 input/output is multiplexed with RC1
  5311                           ;	PORTB A/D Enable bit
  5312                           ;	PBADEN = ON, PORTB<4:0> pins are configured as analog input channels on Reset
  5313                           ;	Low-Power Timer1 Oscillator Enable bit
  5314                           ;	LPT1OSC = OFF, Timer1 configured for higher power operation
  5315                           ;	HFINTOSC Fast Start-up
  5316                           ;	HFOFST = ON, HFINTOSC starts clocking the CPU without waiting for the oscillator to st
      +                          ablize.
  5317                           ;	MCLR Pin Enable bit
  5318                           ;	MCLRE = ON, MCLR pin enabled; RE3 input pin disabled
  5319   300005                     	org	3145733
  5320   300005  8B                 	db	139
  5321                           
  5322                           ;Config register CONFIG4L @ 0x300006
  5323                           ;	Stack Full/Underflow Reset Enable bit
  5324                           ;	STVREN = ON, Stack full/underflow will cause Reset
  5325                           ;	Single-Supply ICSP Enable bit
  5326                           ;	LVP = ON, Single-Supply ICSP enabled
  5327                           ;	Extended Instruction Set Enable bit
  5328                           ;	XINST = OFF, Instruction set extension and Indexed Addressing mode disabled (Legacy mo
      +                          de)
  5329                           ;	Background Debugger Enable bit
  5330                           ;	DEBUG = 0x1, unprogrammed default
  5331   300006                     	org	3145734
  5332   300006  85                 	db	133
  5333                           
  5334                           ; Padding undefined space
  5335   300007                     	org	3145735
  5336   300007  FF                 	db	255
  5337                           
  5338                           ;Config register CONFIG5L @ 0x300008
  5339                           ;	Code Protection Block 0
  5340                           ;	CP0 = OFF, Block 0 (000800-003FFFh) not code-protected
  5341                           ;	Code Protection Block 1
  5342                           ;	CP1 = OFF, Block 1 (004000-007FFFh) not code-protected
  5343                           ;	Code Protection Block 2
  5344                           ;	CP2 = OFF, Block 2 (008000-00BFFFh) not code-protected
  5345                           ;	Code Protection Block 3
  5346                           ;	CP3 = OFF, Block 3 (00C000-00FFFFh) not code-protected
  5347   300008                     	org	3145736
  5348   300008  0F                 	db	15
  5349                           
  5350                           ;Config register CONFIG5H @ 0x300009
  5351                           ;	Boot Block Code Protection bit
  5352                           ;	CPB = OFF, Boot block (000000-0007FFh) not code-protected
  5353                           ;	Data EEPROM Code Protection bit
  5354                           ;	CPD = OFF, Data EEPROM not code-protected
  5355   300009                     	org	3145737
  5356   300009  C0                 	db	192
  5357                           
  5358                           ;Config register CONFIG6L @ 0x30000A
  5359                           ;	Write Protection Block 0
  5360                           ;	WRT0 = OFF, Block 0 (000800-003FFFh) not write-protected
  5361                           ;	Write Protection Block 1
  5362                           ;	WRT1 = OFF, Block 1 (004000-007FFFh) not write-protected
  5363                           ;	Write Protection Block 2
  5364                           ;	WRT2 = OFF, Block 2 (008000-00BFFFh) not write-protected
  5365                           ;	Write Protection Block 3
  5366                           ;	WRT3 = OFF, Block 3 (00C000h-00FFFFh) not write-protected
  5367   30000A                     	org	3145738
  5368   30000A  0F                 	db	15
  5369                           
  5370                           ;Config register CONFIG6H @ 0x30000B
  5371                           ;	Configuration Register Write Protection bit
  5372                           ;	WRTC = OFF, Configuration registers (300000-3000FFh) not write-protected
  5373                           ;	Boot Block Write Protection bit
  5374                           ;	WRTB = OFF, Boot Block (000000-0007FFh) not write-protected
  5375                           ;	Data EEPROM Write Protection bit
  5376                           ;	WRTD = OFF, Data EEPROM not write-protected
  5377   30000B                     	org	3145739
  5378   30000B  E0                 	db	224
  5379                           
  5380                           ;Config register CONFIG7L @ 0x30000C
  5381                           ;	Table Read Protection Block 0
  5382                           ;	EBTR0 = OFF, Block 0 (000800-003FFFh) not protected from table reads executed in other
      +                           blocks
  5383                           ;	Table Read Protection Block 1
  5384                           ;	EBTR1 = OFF, Block 1 (004000-007FFFh) not protected from table reads executed in other
      +                           blocks
  5385                           ;	Table Read Protection Block 2
  5386                           ;	EBTR2 = OFF, Block 2 (008000-00BFFFh) not protected from table reads executed in other
      +                           blocks
  5387                           ;	Table Read Protection Block 3
  5388                           ;	EBTR3 = OFF, Block 3 (00C000-00FFFFh) not protected from table reads executed in other
      +                           blocks
  5389   30000C                     	org	3145740
  5390   30000C  0F                 	db	15
  5391                           
  5392                           ;Config register CONFIG7H @ 0x30000D
  5393                           ;	Boot Block Table Read Protection bit
  5394                           ;	EBTRB = OFF, Boot Block (000000-0007FFh) not protected from table reads executed in ot
      +                          her blocks
  5395   30000D                     	org	3145741
  5396   30000D  40                 	db	64
  5397                           tosu	equ	0xFFF
  5398                           tosh	equ	0xFFE
  5399                           tosl	equ	0xFFD
  5400                           stkptr	equ	0xFFC
  5401                           pclatu	equ	0xFFB
  5402                           pclath	equ	0xFFA
  5403                           pcl	equ	0xFF9
  5404                           tblptru	equ	0xFF8
  5405                           tblptrh	equ	0xFF7
  5406                           tblptrl	equ	0xFF6
  5407                           tablat	equ	0xFF5
  5408                           prodh	equ	0xFF4
  5409                           prodl	equ	0xFF3
  5410                           indf0	equ	0xFEF
  5411                           postinc0	equ	0xFEE
  5412                           postdec0	equ	0xFED
  5413                           preinc0	equ	0xFEC
  5414                           plusw0	equ	0xFEB
  5415                           fsr0h	equ	0xFEA
  5416                           fsr0l	equ	0xFE9
  5417                           wreg	equ	0xFE8
  5418                           indf1	equ	0xFE7
  5419                           postinc1	equ	0xFE6
  5420                           postdec1	equ	0xFE5
  5421                           preinc1	equ	0xFE4
  5422                           plusw1	equ	0xFE3
  5423                           fsr1h	equ	0xFE2
  5424                           fsr1l	equ	0xFE1
  5425                           bsr	equ	0xFE0
  5426                           indf2	equ	0xFDF
  5427                           postinc2	equ	0xFDE
  5428                           postdec2	equ	0xFDD
  5429                           preinc2	equ	0xFDC
  5430                           plusw2	equ	0xFDB
  5431                           fsr2h	equ	0xFDA
  5432                           fsr2l	equ	0xFD9
  5433                           status	equ	0xFD8

Data Sizes:
    Strings     7
    Constant    38
    Data        6
    BSS         68
    Persistent  0
    Stack       0

Auto Spaces:
    Space          Size  Autos    Used
    COMRAM           94     28      87
    BANK0           160      0      15
    BANK1           256      0       0
    BANK2           256      0       0
    BANK3           256      0       0
    BANK4           256      0       0
    BANK5           256      0       0
    BANK6           256      0       0
    BANK7           256      0       0
    BANK8           256      0       0
    BANK9           256      0       0
    BANK10          256      0       0
    BANK11          256      0       0
    BANK12          256      0       0
    BANK13          256      0       0
    BANK14          256      0       0
    BANK15           96      0       0

Pointer List with Targets:

    EUSART_FramingErrorCallbackRegister@callbackHandler	PTR FTN()void  size(2) Largest target is 1
		 -> EUSART_DefaultFramingErrorCallback(), 

    EUSART_FramingErrorHandler	PTR FTN()void  size(2) Largest target is 1
		 -> EUSART_DefaultFramingErrorCallback(), NULL(), 

    EUSART_LoggingDebugData_Send_String@String	PTR unsigned char  size(2) Largest target is 15
		 -> Real_Time_Clock_Frame(BANK0[15]), STR_1(CODE[7]), 

    EUSART_OverrunErrorCallbackRegister@callbackHandler	PTR FTN()void  size(2) Largest target is 1
		 -> EUSART_DefaultOverrunErrorCallback(), 

    EUSART_OverrunErrorHandler	PTR FTN()void  size(2) Largest target is 1
		 -> EUSART_DefaultOverrunErrorCallback(), NULL(), 

    I2C1_Callback	PTR FTN()void  size(2) Largest target is 1
		 -> NULL(), 

    i2c1_eventTable	const PTR FTN()enum E2864[9] size(2) Largest target is 1
		 -> I2C1_EVENT_ERROR(), I2C1_EVENT_IDLE(), I2C1_EVENT_NACK(), I2C1_EVENT_RESET(), 
		 -> I2C1_EVENT_RX(), I2C1_EVENT_SEND_RD_ADDR(), I2C1_EVENT_SEND_WR_ADDR(), I2C1_EVENT_STOP(), 
		 -> I2C1_EVENT_TX(), 

    I2C1_Host$CallbackRegister	PTR FTN(PTR FTN()void ,)void  size(2) Largest target is 1
		 -> I2C1_CallbackRegister(), 

    I2C1_Host$Deinitialize	PTR FTN()void  size(2) Largest target is 1
		 -> I2C1_Deinitialize(), 

    I2C1_Host$ErrorGet	PTR FTN()enum E2854 size(2) Largest target is 1
		 -> I2C1_ErrorGet(), 

    I2C1_Host$Initialize	PTR FTN()void  size(2) Largest target is 1
		 -> I2C1_Initialize(), 

    I2C1_Host$IsBusy	PTR FTN()_Bool  size(2) Largest target is 1
		 -> I2C1_IsBusy(), 

    I2C1_Host$Read	PTR FTN(unsigned short ,PTR unsigned char ,unsigned int ,)_Bool  size(2) Largest target is 1
		 -> I2C1_Read(), 

    I2C1_Host$Tasks	PTR FTN()void  size(2) Largest target is 1
		 -> NULL(), 

    I2C1_Host$TransferSetup	PTR FTN(PTR struct i2c_transfer_setup,unsigned long ,)_Bool  size(2) Largest target is 1
		 -> NULL(), 

    I2C1_Host$Write	PTR FTN(unsigned short ,PTR unsigned char ,unsigned int ,)_Bool  size(2) Largest target is 1
		 -> I2C1_Write(), 

    I2C1_Host$WriteRead	PTR FTN(unsigned short ,PTR unsigned char ,unsigned int ,PTR unsigned char ,unsigned int ,)_Bool  size(2) Largest target is 1
		 -> I2C1_WriteRead(), 

    I2C1_Read@data	PTR unsigned char  size(1) Largest target is 1
		 -> TEMP_SENSOR_TC74_READ_DATA@TEMP_value(COMRAM[1]), 

    I2C1_Write@data	PTR unsigned char  size(1) Largest target is 2
		 -> data_buffer(COMRAM[2]), EXT_EEPROM_24C02C_READ_BYTE@ee_address(COMRAM[1]), temp_sensor_data_buffer(COMRAM[2]), TEMP_SENSOR_TC74_READ_DATA@command(COMRAM[1]), 
		 -> TEMPERATURE_VALUE(COMRAM[1]), 

    I2C1_WriteRead@readData	PTR unsigned char  size(1) Largest target is 1
		 -> ret_day(COMRAM[1]), ret_hours(COMRAM[1]), ret_minutes(COMRAM[1]), ret_month(COMRAM[1]), 
		 -> ret_seconds(COMRAM[1]), ret_year(COMRAM[1]), 

    I2C1_WriteRead@writeData	PTR unsigned char  size(1) Largest target is 6
		 -> DS1307_Reg(COMRAM[6]), 

    i2c1Status$readPtr	PTR unsigned char  size(1) Largest target is 1
		 -> ret_day(COMRAM[1]), ret_hours(COMRAM[1]), ret_minutes(COMRAM[1]), ret_month(COMRAM[1]), 
		 -> ret_seconds(COMRAM[1]), ret_year(COMRAM[1]), TEMP_SENSOR_TC74_READ_DATA@TEMP_value(COMRAM[1]), NULL(NULL[0]), 

    i2c1Status$writePtr	PTR unsigned char  size(1) Largest target is 6
		 -> data_buffer(COMRAM[2]), DS1307_Reg(COMRAM[6]), EXT_EEPROM_24C02C_READ_BYTE@ee_address(COMRAM[1]), temp_sensor_data_buffer(COMRAM[2]), 
		 -> TEMP_SENSOR_TC74_READ_DATA@command(COMRAM[1]), TEMPERATURE_VALUE(COMRAM[1]), NULL(NULL[0]), 

    INT0_InterruptHandler	PTR FTN()void  size(2) Largest target is 1
		 -> INT0_DefaultInterruptHandler(), NULL(), 

    INT0_SetInterruptHandler@InterruptHandler	PTR FTN()void  size(2) Largest target is 1
		 -> INT0_DefaultInterruptHandler(), 

    INT1_InterruptHandler	PTR FTN()void  size(2) Largest target is 1
		 -> INT1_DefaultInterruptHandler(), NULL(), 

    INT1_SetInterruptHandler@InterruptHandler	PTR FTN()void  size(2) Largest target is 1
		 -> INT1_DefaultInterruptHandler(), 

    INT2_InterruptHandler	PTR FTN()void  size(2) Largest target is 1
		 -> INT2_DefaultInterruptHandler(), NULL(), 

    INT2_SetInterruptHandler@InterruptHandler	PTR FTN()void  size(2) Largest target is 1
		 -> INT2_DefaultInterruptHandler(), 

    NULL$0	PTR struct i2c_transfer_setup size(2) Largest target is 0

    NVM_Callback	PTR FTN()void  size(2) Largest target is 1
		 -> NULL(), 

    S144$2$1	PTR unsigned char  size(1) Largest target is 2
		 -> data_buffer(COMRAM[2]), EXT_EEPROM_24C02C_READ_BYTE@ee_address(COMRAM[1]), temp_sensor_data_buffer(COMRAM[2]), TEMP_SENSOR_TC74_READ_DATA@command(COMRAM[1]), 
		 -> TEMPERATURE_VALUE(COMRAM[1]), 

    S144$3$1	PTR unsigned char  size(1) Largest target is 1
		 -> TEMP_SENSOR_TC74_READ_DATA@TEMP_value(COMRAM[1]), 

    S144$4$1	PTR unsigned char  size(1) Largest target is 6
		 -> DS1307_Reg(COMRAM[6]), 

    S144$4$3	PTR unsigned char  size(1) Largest target is 1
		 -> ret_day(COMRAM[1]), ret_hours(COMRAM[1]), ret_minutes(COMRAM[1]), ret_month(COMRAM[1]), 
		 -> ret_seconds(COMRAM[1]), ret_year(COMRAM[1]), 

    S144$8$0	PTR FTN()void  size(2) Largest target is 0

    S144$CallbackRegister	PTR FTN(PTR FTN()void ,)void  size(2) Largest target is 1
		 -> I2C1_CallbackRegister(), 

    S144$Deinitialize	PTR FTN()void  size(2) Largest target is 1
		 -> I2C1_Deinitialize(), 

    S144$ErrorGet	PTR FTN()enum E2854 size(2) Largest target is 1
		 -> I2C1_ErrorGet(), 

    S144$Initialize	PTR FTN()void  size(2) Largest target is 1
		 -> I2C1_Initialize(), 

    S144$IsBusy	PTR FTN()_Bool  size(2) Largest target is 1
		 -> I2C1_IsBusy(), 

    S144$Read	PTR FTN(unsigned short ,PTR unsigned char ,unsigned int ,)_Bool  size(2) Largest target is 1
		 -> I2C1_Read(), 

    S144$Tasks	PTR FTN()void  size(2) Largest target is 1
		 -> NULL(), 

    S144$TransferSetup	PTR FTN(PTR struct i2c_transfer_setup,unsigned long ,)_Bool  size(2) Largest target is 1
		 -> NULL(), 

    S144$Write	PTR FTN(unsigned short ,PTR unsigned char ,unsigned int ,)_Bool  size(2) Largest target is 1
		 -> I2C1_Write(), 

    S144$WriteRead	PTR FTN(unsigned short ,PTR unsigned char ,unsigned int ,PTR unsigned char ,unsigned int ,)_Bool  size(2) Largest target is 1
		 -> I2C1_WriteRead(), 

    S220$readPtr	PTR unsigned char  size(1) Largest target is 1
		 -> ret_day(COMRAM[1]), ret_hours(COMRAM[1]), ret_minutes(COMRAM[1]), ret_month(COMRAM[1]), 
		 -> ret_seconds(COMRAM[1]), ret_year(COMRAM[1]), TEMP_SENSOR_TC74_READ_DATA@TEMP_value(COMRAM[1]), NULL(NULL[0]), 

    S220$writePtr	PTR unsigned char  size(1) Largest target is 6
		 -> data_buffer(COMRAM[2]), DS1307_Reg(COMRAM[6]), EXT_EEPROM_24C02C_READ_BYTE@ee_address(COMRAM[1]), temp_sensor_data_buffer(COMRAM[2]), 
		 -> TEMP_SENSOR_TC74_READ_DATA@command(COMRAM[1]), TEMPERATURE_VALUE(COMRAM[1]), NULL(NULL[0]), 


Critical Paths under _main in COMRAM

    _main->_RealTimeClock_DS1307_GET_DATE_TIME
    _TEMP_SENSOR_TC74_READ_DATA->_I2C1_Read
    _TEMP_SENSOR_TC74_READ_DATA->_I2C1_Write
    _INTERRUPT_Initialize->_INT0_SetInterruptHandler
    _INTERRUPT_Initialize->_INT1_SetInterruptHandler
    _INTERRUPT_Initialize->_INT2_SetInterruptHandler
    _EUSART_Initialize->_EUSART_FramingErrorCallbackRegister
    _EUSART_Initialize->_EUSART_OverrunErrorCallbackRegister
    _RealTimeClock_DS1307_GET_YEAR->_I2C1_WriteRead
    _RealTimeClock_DS1307_GET_SECONDS->_I2C1_WriteRead
    _RealTimeClock_DS1307_GET_MONTH->_I2C1_WriteRead
    _RealTimeClock_DS1307_GET_MINUTES->_I2C1_WriteRead
    _RealTimeClock_DS1307_GET_HOURS->_I2C1_WriteRead
    _RealTimeClock_DS1307_GET_DAY->_I2C1_WriteRead
    _PRINT_RealTimeClock_DATA->_EUSART_LoggingDebugData_Send_String
    _EUSART_LoggingDebugData_Send_String->_EUSART_IsTxReady
    _EUSART_LoggingDebugData_Send_String->_EUSART_Write

Critical Paths under _INTERRUPT_InterruptManager in COMRAM

    _I2C1_ISR->_I2C1_EventHandler
    _I2C1_EventHandler->_I2C1_EVENT_ERROR
    _I2C1_EventHandler->_I2C1_EVENT_NACK
    _I2C1_EventHandler->_I2C1_EVENT_RX
    _I2C1_EventHandler->_I2C1_EVENT_TX
    _I2C1_ERROR_ISR->_I2C1_ErrorEventHandler
    _I2C1_ErrorEventHandler->_I2C1_EVENT_ERROR
    _I2C1_ErrorEventHandler->_I2C1_EVENT_NACK
    _I2C1_ErrorEventHandler->_I2C1_EVENT_RX
    _I2C1_ErrorEventHandler->_I2C1_EVENT_TX

Critical Paths under _main in BANK0

    None.

Critical Paths under _INTERRUPT_InterruptManager in BANK0

    None.

Critical Paths under _main in BANK1

    None.

Critical Paths under _INTERRUPT_InterruptManager in BANK1

    None.

Critical Paths under _main in BANK2

    None.

Critical Paths under _INTERRUPT_InterruptManager in BANK2

    None.

Critical Paths under _main in BANK3

    None.

Critical Paths under _INTERRUPT_InterruptManager in BANK3

    None.

Critical Paths under _main in BANK4

    None.

Critical Paths under _INTERRUPT_InterruptManager in BANK4

    None.

Critical Paths under _main in BANK5

    None.

Critical Paths under _INTERRUPT_InterruptManager in BANK5

    None.

Critical Paths under _main in BANK6

    None.

Critical Paths under _INTERRUPT_InterruptManager in BANK6

    None.

Critical Paths under _main in BANK7

    None.

Critical Paths under _INTERRUPT_InterruptManager in BANK7

    None.

Critical Paths under _main in BANK8

    None.

Critical Paths under _INTERRUPT_InterruptManager in BANK8

    None.

Critical Paths under _main in BANK9

    None.

Critical Paths under _INTERRUPT_InterruptManager in BANK9

    None.

Critical Paths under _main in BANK10

    None.

Critical Paths under _INTERRUPT_InterruptManager in BANK10

    None.

Critical Paths under _main in BANK11

    None.

Critical Paths under _INTERRUPT_InterruptManager in BANK11

    None.

Critical Paths under _main in BANK12

    None.

Critical Paths under _INTERRUPT_InterruptManager in BANK12

    None.

Critical Paths under _main in BANK13

    None.

Critical Paths under _INTERRUPT_InterruptManager in BANK13

    None.

Critical Paths under _main in BANK14

    None.

Critical Paths under _INTERRUPT_InterruptManager in BANK14

    None.

Critical Paths under _main in BANK15

    None.

Critical Paths under _INTERRUPT_InterruptManager in BANK15

    None.

Call Graph Tables:

 ---------------------------------------------------------------------------------
 (Depth) Function   	        Calls       Base Space   Used Autos Params    Refs
 ---------------------------------------------------------------------------------
 (0) _main                                                 0     0      0    1582
                        _I2C1_IsBusy
                         _I2C1_Write
           _PRINT_RealTimeClock_DATA
 _RealTimeClock_DS1307_GET_DATE_TIME
                  _SYSTEM_Initialize
         _TEMP_SENSOR_TC74_READ_DATA
 ---------------------------------------------------------------------------------
 (1) _TEMP_SENSOR_TC74_READ_DATA                           3     2      1     298
                                             19 COMRAM     3     2      1
                        _I2C1_IsBusy
                          _I2C1_Read
                         _I2C1_Write
 ---------------------------------------------------------------------------------
 (2) _I2C1_Write                                           6     1      5      89
                                             14 COMRAM     5     0      5
                        _I2C1_IsBusy
                    _I2C1_WriteStart
 ---------------------------------------------------------------------------------
 (2) _I2C1_Read                                            6     1      5      80
                                             14 COMRAM     5     0      5
                        _I2C1_IsBusy
                     _I2C1_ReadStart
 ---------------------------------------------------------------------------------
 (3) _I2C1_ReadStart                                       0     0      0       0
 ---------------------------------------------------------------------------------
 (1) _SYSTEM_Initialize                                    0     0      0     159
                   _CLOCK_Initialize
                  _EUSART_Initialize
                    _I2C1_Initialize
               _INTERRUPT_Initialize
                     _NVM_Initialize
             _PIN_MANAGER_Initialize
 ---------------------------------------------------------------------------------
 (2) _PIN_MANAGER_Initialize                               0     0      0       0
 ---------------------------------------------------------------------------------
 (2) _NVM_Initialize                                       0     0      0       0
                    _NVM_StatusClear
 ---------------------------------------------------------------------------------
 (3) _NVM_StatusClear                                      0     0      0       0
 ---------------------------------------------------------------------------------
 (2) _INTERRUPT_Initialize                                 0     0      0      69
           _INT0_SetInterruptHandler
           _INT1_SetInterruptHandler
           _INT2_SetInterruptHandler
 ---------------------------------------------------------------------------------
 (3) _INT2_SetInterruptHandler                             2     0      2      23
                                             14 COMRAM     2     0      2
 ---------------------------------------------------------------------------------
 (3) _INT1_SetInterruptHandler                             2     0      2      23
                                             14 COMRAM     2     0      2
 ---------------------------------------------------------------------------------
 (3) _INT0_SetInterruptHandler                             2     0      2      23
                                             14 COMRAM     2     0      2
 ---------------------------------------------------------------------------------
 (2) _I2C1_Initialize                                      0     0      0       0
 ---------------------------------------------------------------------------------
 (2) _EUSART_Initialize                                    0     0      0      90
_EUSART_FramingErrorCallbackRegister
_EUSART_OverrunErrorCallbackRegister
 ---------------------------------------------------------------------------------
 (3) _EUSART_OverrunErrorCallbackRegister                  2     0      2      45
                                             14 COMRAM     2     0      2
 ---------------------------------------------------------------------------------
 (3) _EUSART_FramingErrorCallbackRegister                  2     0      2      45
                                             14 COMRAM     2     0      2
 ---------------------------------------------------------------------------------
 (2) _CLOCK_Initialize                                     0     0      0       0
 ---------------------------------------------------------------------------------
 (1) _RealTimeClock_DS1307_GET_DATE_TIME                   6     0      6     888
                                             22 COMRAM     6     0      6
       _RealTimeClock_DS1307_GET_DAY
     _RealTimeClock_DS1307_GET_HOURS
   _RealTimeClock_DS1307_GET_MINUTES
     _RealTimeClock_DS1307_GET_MONTH
   _RealTimeClock_DS1307_GET_SECONDS
      _RealTimeClock_DS1307_GET_YEAR
 ---------------------------------------------------------------------------------
 (2) _RealTimeClock_DS1307_GET_YEAR                        0     0      0     148
                        _I2C1_IsBusy
                     _I2C1_WriteRead
 ---------------------------------------------------------------------------------
 (2) _RealTimeClock_DS1307_GET_SECONDS                     0     0      0     148
                        _I2C1_IsBusy
                     _I2C1_WriteRead
 ---------------------------------------------------------------------------------
 (2) _RealTimeClock_DS1307_GET_MONTH                       0     0      0     148
                        _I2C1_IsBusy
                     _I2C1_WriteRead
 ---------------------------------------------------------------------------------
 (2) _RealTimeClock_DS1307_GET_MINUTES                     0     0      0     148
                        _I2C1_IsBusy
                     _I2C1_WriteRead
 ---------------------------------------------------------------------------------
 (2) _RealTimeClock_DS1307_GET_HOURS                       0     0      0     148
                        _I2C1_IsBusy
                     _I2C1_WriteRead
 ---------------------------------------------------------------------------------
 (2) _RealTimeClock_DS1307_GET_DAY                         0     0      0     148
                        _I2C1_IsBusy
                     _I2C1_WriteRead
 ---------------------------------------------------------------------------------
 (3) _I2C1_WriteRead                                       9     1      8     148
                                             14 COMRAM     8     0      8
                        _I2C1_IsBusy
                    _I2C1_WriteStart
 ---------------------------------------------------------------------------------
 (4) _I2C1_WriteStart                                      0     0      0       0
 ---------------------------------------------------------------------------------
 (4) _I2C1_IsBusy                                          0     0      0       0
 ---------------------------------------------------------------------------------
 (1) _PRINT_RealTimeClock_DATA                             0     0      0     148
_EUSART_LoggingDebugData_Send_String
 ---------------------------------------------------------------------------------
 (2) _EUSART_LoggingDebugData_Send_String                  8     4      4     148
                                             15 COMRAM     8     4      4
                   _EUSART_IsTxReady
                       _EUSART_Write
 ---------------------------------------------------------------------------------
 (3) _EUSART_Write                                         1     1      0      29
                                             14 COMRAM     1     1      0
 ---------------------------------------------------------------------------------
 (3) _EUSART_IsTxReady                                     1     1      0      24
                                             14 COMRAM     1     1      0
 ---------------------------------------------------------------------------------
 Estimated maximum stack depth 4
 ---------------------------------------------------------------------------------
 (Depth) Function   	        Calls       Base Space   Used Autos Params    Refs
 ---------------------------------------------------------------------------------
 (5) _INTERRUPT_InterruptManager                          10    10      0     120
                                              4 COMRAM    10    10      0
                     _I2C1_ERROR_ISR
                           _I2C1_ISR
                            _NVM_ISR
 ---------------------------------------------------------------------------------
 (6) _NVM_ISR                                              0     0      0       0
 ---------------------------------------------------------------------------------
 (6) _I2C1_ISR                                             0     0      0      60
                  _I2C1_EventHandler
 ---------------------------------------------------------------------------------
 (7) _I2C1_EventHandler                                    3     3      0      60
                                              1 COMRAM     3     3      0
                         _I2C1_Close
                   _I2C1_EVENT_ERROR *
                    _I2C1_EVENT_IDLE *
                    _I2C1_EVENT_NACK *
                   _I2C1_EVENT_RESET *
                      _I2C1_EVENT_RX *
            _I2C1_EVENT_SEND_RD_ADDR *
            _I2C1_EVENT_SEND_WR_ADDR *
                    _I2C1_EVENT_STOP *
                      _I2C1_EVENT_TX *
 ---------------------------------------------------------------------------------
 (8) _I2C1_Close                                           0     0      0       0
 ---------------------------------------------------------------------------------
 (6) _I2C1_ERROR_ISR                                       0     0      0      60
             _I2C1_ErrorEventHandler
 ---------------------------------------------------------------------------------
 (7) _I2C1_ErrorEventHandler                               3     3      0      60
                                              1 COMRAM     3     3      0
                   _I2C1_EVENT_ERROR *
                    _I2C1_EVENT_IDLE *
                    _I2C1_EVENT_NACK *
                   _I2C1_EVENT_RESET *
                      _I2C1_EVENT_RX *
            _I2C1_EVENT_SEND_RD_ADDR *
            _I2C1_EVENT_SEND_WR_ADDR *
                    _I2C1_EVENT_STOP *
                      _I2C1_EVENT_TX *
 ---------------------------------------------------------------------------------
 (8) _I2C1_EVENT_TX                                        1     1      0      15
                                              0 COMRAM     1     1      0
                    _I2C1_EVENT_STOP
 ---------------------------------------------------------------------------------
 (8) _I2C1_EVENT_SEND_WR_ADDR                              0     0      0       0
 ---------------------------------------------------------------------------------
 (8) _I2C1_EVENT_SEND_RD_ADDR                              0     0      0       0
 ---------------------------------------------------------------------------------
 (8) _I2C1_EVENT_RX                                        1     1      0      15
                                              0 COMRAM     1     1      0
 ---------------------------------------------------------------------------------
 (8) _I2C1_EVENT_NACK                                      1     1      0      15
                                              0 COMRAM     1     1      0
                    _I2C1_EVENT_STOP
 ---------------------------------------------------------------------------------
 (9) _I2C1_EVENT_STOP                                      0     0      0       0
 ---------------------------------------------------------------------------------
 (8) _I2C1_EVENT_IDLE                                      0     0      0       0
 ---------------------------------------------------------------------------------
 (8) _I2C1_EVENT_ERROR                                     1     1      0      15
                                              0 COMRAM     1     1      0
                   _I2C1_EVENT_RESET
 ---------------------------------------------------------------------------------
 (9) _I2C1_EVENT_RESET                                     0     0      0       0
 ---------------------------------------------------------------------------------
 Estimated maximum stack depth 9
 ---------------------------------------------------------------------------------

 Call Graph Graphs:

 _main (ROOT)
   _I2C1_IsBusy
   _I2C1_Write
     _I2C1_IsBusy
     _I2C1_WriteStart
   _PRINT_RealTimeClock_DATA
     _EUSART_LoggingDebugData_Send_String
       _EUSART_IsTxReady
       _EUSART_Write
   _RealTimeClock_DS1307_GET_DATE_TIME
     _RealTimeClock_DS1307_GET_DAY
       _I2C1_IsBusy
       _I2C1_WriteRead
         _I2C1_IsBusy
         _I2C1_WriteStart
     _RealTimeClock_DS1307_GET_HOURS
       _I2C1_IsBusy
       _I2C1_WriteRead
     _RealTimeClock_DS1307_GET_MINUTES
       _I2C1_IsBusy
       _I2C1_WriteRead
     _RealTimeClock_DS1307_GET_MONTH
       _I2C1_IsBusy
       _I2C1_WriteRead
     _RealTimeClock_DS1307_GET_SECONDS
       _I2C1_IsBusy
       _I2C1_WriteRead
     _RealTimeClock_DS1307_GET_YEAR
       _I2C1_IsBusy
       _I2C1_WriteRead
   _SYSTEM_Initialize
     _CLOCK_Initialize
     _EUSART_Initialize
       _EUSART_FramingErrorCallbackRegister
       _EUSART_OverrunErrorCallbackRegister
     _I2C1_Initialize
     _INTERRUPT_Initialize
       _INT0_SetInterruptHandler
       _INT1_SetInterruptHandler
       _INT2_SetInterruptHandler
     _NVM_Initialize
       _NVM_StatusClear
     _PIN_MANAGER_Initialize
   _TEMP_SENSOR_TC74_READ_DATA
     _I2C1_IsBusy
     _I2C1_Read
       _I2C1_IsBusy
       _I2C1_ReadStart
     _I2C1_Write

 _INTERRUPT_InterruptManager (ROOT)
   _I2C1_ERROR_ISR
     _I2C1_ErrorEventHandler
       _I2C1_EVENT_ERROR *
         _I2C1_EVENT_RESET
       _I2C1_EVENT_IDLE *
       _I2C1_EVENT_NACK *
         _I2C1_EVENT_STOP
       _I2C1_EVENT_RESET *
       _I2C1_EVENT_RX *
       _I2C1_EVENT_SEND_RD_ADDR *
       _I2C1_EVENT_SEND_WR_ADDR *
       _I2C1_EVENT_STOP *
       _I2C1_EVENT_TX *
         _I2C1_EVENT_STOP
   _I2C1_ISR
     _I2C1_EventHandler
       _I2C1_Close
       _I2C1_EVENT_ERROR *
       _I2C1_EVENT_IDLE *
       _I2C1_EVENT_NACK *
       _I2C1_EVENT_RESET *
       _I2C1_EVENT_RX *
       _I2C1_EVENT_SEND_RD_ADDR *
       _I2C1_EVENT_SEND_WR_ADDR *
       _I2C1_EVENT_STOP *
       _I2C1_EVENT_TX *
   _NVM_ISR

Address spaces:
Name               Size   Autos  Total    Usage
BIGRAM            3935      0       0      0.0%
BITBANK14          256      0       0      0.0%
BANK14             256      0       0      0.0%
BITBANK13          256      0       0      0.0%
BANK13             256      0       0      0.0%
BITBANK12          256      0       0      0.0%
BANK12             256      0       0      0.0%
BITBANK11          256      0       0      0.0%
BANK11             256      0       0      0.0%
BITBANK10          256      0       0      0.0%
BANK10             256      0       0      0.0%
BITBANK9           256      0       0      0.0%
BANK9              256      0       0      0.0%
BITBANK8           256      0       0      0.0%
BANK8              256      0       0      0.0%
BITBANK7           256      0       0      0.0%
BANK7              256      0       0      0.0%
BITBANK6           256      0       0      0.0%
BANK6              256      0       0      0.0%
BITBANK5           256      0       0      0.0%
BANK5              256      0       0      0.0%
BITBANK4           256      0       0      0.0%
BANK4              256      0       0      0.0%
BITBANK3           256      0       0      0.0%
BANK3              256      0       0      0.0%
BITBANK2           256      0       0      0.0%
BANK2              256      0       0      0.0%
BITBANK1           256      0       0      0.0%
BANK1              256      0       0      0.0%
BITBANK0           160      0       0      0.0%
BANK0              160      0      15      9.4%
BITBANK15           96      0       0      0.0%
BANK15              96      0       0      0.0%
BITCOMRAM           94      0       0      0.0%
COMRAM              94     28      87     92.6%
BITBIGSFRh          82      0       0      0.0%
BITBIGSFRllllll     28      0       0      0.0%
BITBIGSFRllllh      20      0       0      0.0%
BITBIGSFRlllllh      9      0       0      0.0%
BITBIGSFRllh         5      0       0      0.0%
BITBIGSFRlh          5      0       0      0.0%
BITBIGSFRlllh        2      0       0      0.0%
BITBIGSFRllllll      1      0       0      0.0%
STACK                0      0       0      0.0%
DATA                 0      0     102      0.0%


Microchip Technology PIC18 Macro Assembler V3.10 build 20250813170317 
Symbol Table                                                                                   Tue Sep 29 22:08:56 2026

                                    I2C1_Write@data 0047          __end_of_RealTimeClock_DS1307_GET_DATE_TIME 1490  
              ??_RealTimeClock_DS1307_GET_DATE_TIME 0053                 ?_RealTimeClock_DS1307_GET_DATE_TIME 004D  
                _RealTimeClock_DS1307_GET_DATE_TIME 1458                            I2C1_WriteRead@readLength 004B  
                                       _SSPSTATbits 0FC7                                                  l13 1140  
                                                l72 1566                                                  l90 1530  
                                                l66 14FA                                                  l84 15D2  
                                                l78 159C                                                  l96 14C4  
                                                l99 148E         __end_of_EUSART_OverrunErrorCallbackRegister 16A4  
             ??_EUSART_OverrunErrorCallbackRegister 0047                ?_EUSART_OverrunErrorCallbackRegister 0045  
               _EUSART_OverrunErrorCallbackRegister 1688        EUSART_LoggingDebugData_Send_String@L_str_len 004C  
                                               l102 11A6                                                 l202 1706  
                                               l213 1456                                                 l125 12BC  
                                               l223 17A4                                                 l217 1398  
                                               l209 1418                                                 l236 175E  
                                               l325 1710                                                 l510 16D8  
                                               l239 176E                                                 l338 17A0  
                                               l436 1606                                                 l541 1660  
                                               l631 1684                                                 l632 1686  
                                               l472 1724                                                 l459 172E  
                                               l485 171A                                                 l662 16A2  
                                               l495 1766                                                 l583 163A  
                                               l648 1776                                                 l658 16BE  
                                               l685 1214                                                 u700 1680  
                                               u701 167C                                                 u710 136A  
                                               u711 1366                                                 u800 1564  
                                               u720 16B6                                                 u801 1560  
                                               u721 16B2                                                 u810 159A  
                                               u730 169A                                                 u811 1596  
                                               u731 1696                                                 u740 10F4  
                                               u820 15D0                                                 u741 10F0  
                                               u821 15CC                                                 u750 1122  
                                               u830 152E                                                 u831 152A  
                                               u760 1140                                                 u840 14C2  
                                               u761 113C                                                 u841 14BE  
                                               u921 122A                                                 u690 1672  
                                               u770 13F0                                                 u930 125E  
                                               u691 166E                                                 u851 1486  
                                               u771 13EC                                                 u931 125A  
                                               u780 142E                                                 u860 1292  
                                               u757 1118                                                 u781 142A  
                                               u861 128E                                                 u790 14F8  
                                               u870 12BA                                                 u791 14F4  
                                               u871 12B6                          ??_INT0_SetInterruptHandler 0047  
                                               tosl 0FFD                                                 wreg 0FE8  
                                  __end_of_I2C1_ISR 178C                                                l2203 1772  
                                              l2211 136E                                                l2221 1392  
                                              l2213 137A                                                l2205 1356  
                                              l2301 1456                                                l2223 1394  
                                              l2215 137E                                                l2207 1356  
                                              l2231 171C                                                l2225 1398  
                                              l2217 1386                                                l2209 136A  
                                              l2321 1568                                                l2313 1532  
                                              l2305 14C6                                                l2241 169A  
                                              l2233 1712                                                l2401 126A  
                                              l2251 112A                                                l2243 10D0  
                                              l2219 138A                                                l2331 15BC  
                                              l2323 1586                                                l2315 1550  
                                              l2307 14E4                                                l2235 16A4  
                                              l2403 127E                                                l2245 10E0  
                                              l2333 15D0                                                l2325 159A  
                                              l2317 1564                                                l2341 152E  
                                              l2309 14F8                                                l2237 16B6  
                                              l2229 1726                                                l2413 16C0  
                                              l1533 1758                                                l2261 13FC  
                                              l2253 13DC                                                l2405 1292  
                                              l2247 10F4                                                l2239 1688  
                                              l2415 16CC                                                l1535 175A  
                                              l2271 1412                                                l2263 13FE  
                                              l2255 13DC                                                l2407 12A6  
                                              l2249 1126                                                l1481 1768  
                                              l2329 159E                                                l2337 14FC  
                                              l2345 1490                                                l2361 15F6  
                                              l2353 15D4                                                l2417 16D0  
                                              l2281 141A                                                l2273 1414  
                                              l2265 1402                                                l2257 13F0  
                                              l2409 12BA                                                l2441 120C  
                                              l2195 1662                                                l1483 176A  
                                              l2339 151A                                                l2347 14AE  
                                              l2371 1458                                                l1811 1764  
                                              l2363 15F8                                                l2355 15DA  
                                              l1635 179E                                                l2419 16D4  
                                              l2291 1440                                                l2283 142E  
                                              l2275 1418                                                l2267 140A  
                                              l2259 13F4                                                l2451 1236  
                                              l2443 1210                                                l2197 1672  
                                              l2381 1162                                                l1477 17A2  
                                              l2349 14C2                                                l2373 147C  
                                              l2365 1608                                                l2357 15E6  
                                              l1821 1648                                                l1813 163C  
                                              l2293 1448                                                l2285 1432  
                                              l2269 140C                                                l2453 124A  
                                              l2445 1212                                                l2199 1680  
                                              l2391 1182                                                l2383 116A  
                                              l2367 161C                                                l2359 15E8  
                                              l1831 165E                                                l1823 164A  
                                              l1815 1640                                                l2295 144A  
                                              l2287 143A                                                l2279 141A  
                                              l2447 1220                                                l2393 118A  
                                              l2385 116E                                                l2377 1142  
                                              l1809 1760                                                l2369 1628  
                                              l1761 16F2                                                l1825 1650  
                                              l1817 1644                                                l2297 1450  
                                              l2289 143C                                                l2449 1232  
                                              l2395 1192                                                l2387 1176  
                                              l2379 1158                                                l1763 16FA  
                                              l1827 165A                                                l1819 1646  
                                              l2299 1452                                                l2397 1196  
                                              l2389 117E                                                l1765 1700  
                                              l1829 165C                                                l1767 1702  
                                              l1791 1708                                                l2399 1268  
                                              l1769 1704                                                l1793 170C  
                                              l1795 170E                                                STR_1 1027  
                                 _I2C1_Deinitialize 0000                                                _IOCB 0F7D  
                                              _LATA 0F89                                                _LATB 0F8A  
                                              _LATC 0F8B                                                _LATD 0F8C  
                                              _LATE 0F8D                                                _WPUB 0F7C  
                                  ??_I2C1_ReadStart 0045                             __end_of_NVM_StatusClear 17A2  
                                 I2C1_Write@address 0045                                     __end_of_NVM_ISR 17AA  
                                              _main 120C                                                fsr0h 0FEA  
                                              indf0 0FEF                                                fsr2h 0FDA  
                                              fsr0l 0FE9                                                indf2 0FDF  
                                              fsr1l 0FE1                                                fsr2l 0FD9  
                                              btemp 0001                                        _unlockKeyLow 002B  
                         ?_INT2_SetInterruptHandler 0045                                                prodh 0FF4  
                                              prodl 0FF3                                                start 00D4  
                _EUSART_DefaultOverrunErrorCallback 0000                                        ___param_bank 0000  
                                   _I2C1_EVENT_IDLE 1798                                     _I2C1_EVENT_NACK 1744  
                                        _i2c1Status 0002                                     _I2C1_EVENT_STOP 1792  
              __end_of_RealTimeClock_DS1307_GET_DAY 15D4                        _RealTimeClock_DS1307_GET_DAY 159E  
                                     ?_EUSART_Write 0037                                   __end_of_I2C1_Read 1458  
                                 __end_of_I2C1_Host 1015                                               ?_main 0037  
                                             _EEADR 0FA9                                               i2l230 178A  
                                             i2l233 1790                                               i2l242 16F0  
                                             i2l251 10CE                                               i2l260 1756  
                                             i2l245 1048                                               i2l270 130E  
                                             i2l254 1354                                               i2l263 177E  
                                             i2l247 1070                                               i2l257 179C  
                                             i2l273 1206                                               i2l281 174C  
                                             i2l290 1738                                               i2l442 0064  
                                             i2l275 11F8                                               i2l284 1742  
                                             i2l444 0088                                               i2l278 120A  
                                             i2l287 1796                                               i2l384 17A8  
                                             i2l449 00A8                                               _RCREG 0FAE  
                                             _RCSTA 0FAB                                               _SPBRG 0FAF  
                                             _TRISA 0F92                                               _TRISB 0F93  
                                             _TRISC 0F94                                               _TRISD 0F95  
                                             _TRISE 0F96                                               _TXREG 0FAD  
                                             _TXSTA 0FAC                            ?_I2C1_EVENT_SEND_RD_ADDR 0037  
                                 ??_I2C1_Initialize 0045                            ?_I2C1_EVENT_SEND_WR_ADDR 0037  
                                             btemp0 0001                                               btemp1 0002  
                          _INT1_SetInterruptHandler 171C                                       _unlockKeyHigh 002A  
                                             pclath 0FFA                                    ??_I2C1_WriteRead 004D  
                                             pclatu 0FFB                                               tablat 0FF5  
                                             plusw0 0FEB                                               plusw2 0FDB  
                                             status 0FD8                                        ??_I2C1_Close 0037  
                             _Real_Time_Clock_Frame 0060                                        ??_I2C1_Write 004A  
                                   __initialization 139A                            ??_I2C1_ErrorEventHandler 0038  
                                      __end_of_main 1266                                    _I2C1_EVENT_ERROR 173A  
                                    ??_EUSART_Write 0045                   TEMP_SENSOR_TC74_READ_DATA@address 004B  
                                  _I2C1_EVENT_RESET 1730                         ?_INTERRUPT_InterruptManager 0037  
       __end_of_EUSART_LoggingDebugData_Send_String 1142               ??_EUSART_LoggingDebugData_Send_String 004A  
              ?_EUSART_LoggingDebugData_Send_String 0046                 _EUSART_LoggingDebugData_Send_String 10D0  
                     ?_RealTimeClock_DS1307_GET_DAY 0037                                              ??_main 0053  
                 TEMP_SENSOR_TC74_READ_DATA@command 004A                                       __activetblptr 0003  
                  __end_of_PRINT_RealTimeClock_DATA 11A8                  __end_of_TEMP_SENSOR_TC74_READ_DATA 12BE  
                        _TEMP_SENSOR_TC74_READ_DATA 1266  EUSART_OverrunErrorCallbackRegister@callbackHandler 0045  
EUSART_FramingErrorCallbackRegister@callbackHandler 0045                                  __end_of_I2C1_Close 16F2  
                                         ??_NVM_ISR 0037                          _EUSART_OverrunErrorHandler 001A  
                                            _EEDATA 0FA8                                              _EECON2 0FA7  
                                __end_of_I2C1_Write 141A                                              _ANSELH 0F7F  
                                            i2l1601 11BA                                              i2l2081 005C  
                                            i2l1611 11F0                                              i2l1603 11CC  
                                            i2l2083 0072                                              i2l2075 0032  
                                            i2l1613 11FE                                              i2l1605 11D6  
                                            i2l1621 1744                                              i2l1541 16E2  
                                            i2l2085 0080                                              i2l2077 0040  
                                            i2l1615 1208                                              i2l1607 11D8  
                                            i2l1623 174A                                              i2l1631 1740  
                                            i2l1551 16EC                                              i2l1543 16E4  
                                            i2l2087 0096                                              i2l2079 004E  
                                            i2l1561 174E                                              i2l1609 11DE  
                                            i2l1553 16EE                                              i2l1545 16E6  
                                            i2l1537 16DA                                              i2l2089 00A4  
                                            i2l1555 1798                                              i2l1563 1754  
                                            i2l1619 1744                                              i2l1627 173A  
                                            i2l1491 1730                                              i2l1547 16E8  
                                            i2l1539 16DC                                              i2l1581 12E0  
                                            i2l1573 12BE                                              i2l1557 179A  
                                            i2l1629 173A                                              i2l1485 1792  
                                            i2l1493 1736                                              i2l1549 16EA  
                                            i2l1591 1306                                              i2l1583 12E2  
                                            i2l1575 12BE                                              i2l1567 1778  
                                            i2l1487 1794                                              i2l1593 130C  
                                            i2l1577 12D0                                              i2l1585 12EA  
                                            i2l1569 177C                                              i2l1587 12FA  
                                            i2l1579 12D6                                              i2l1771 1030  
                                            i2l1589 12FE                                              i2l1597 11A8  
                                            i2l1781 108C                                              i2l1773 1040  
                                            i2l1599 11AC                                              i2l1775 1056  
                                            i2l1783 1094                                              i2l1785 1310  
                                            i2l1777 1064                                              i2l1881 1786  
                                            i2l1787 1318                                              i2l1883 178C  
                                            i2l1779 107E                                              i2l1789 131A  
                                            i2l1885 17A6                                              _TABLAT 0FF5  
                                            _OSCCON 0FD3                                              _SPBRGH 0FB0  
                                            i2u4_40 12D0                                              i2u4_41 12CC  
                                            i2u5_40 12FA                                              i2u5_41 12F6  
                                            i2u6_40 11BA                                              i2u6_41 11B6  
                                            i2u7_40 11CC                                              i2u7_41 11C8  
                                            _SSPADD 0FC8                                              i2u8_40 11F0  
                                  ?_NVM_StatusClear 0037                                              i2u8_41 11EC  
                                            _SSPBUF 0FC9                             __end_of_I2C1_EVENT_IDLE 179E  
                           __end_of_I2C1_EVENT_NACK 174E                             __end_of_I2C1_EVENT_STOP 1798  
                  ??_RealTimeClock_DS1307_GET_HOURS 004D                     ?_RealTimeClock_DS1307_GET_HOURS 0037  
                  ??_RealTimeClock_DS1307_GET_MONTH 004D                     ?_RealTimeClock_DS1307_GET_MONTH 0037  
                                         ?_I2C1_ISR 0037                                              clear_0 13C0  
                                            clear_1 13CC                     __end_of_I2C1_EVENT_SEND_RD_ADDR 1758  
                                            isa$std 0001                                   ?_EUSART_IsTxReady 0037  
                                 ?_CLOCK_Initialize 0037                                  ??_EUSART_IsTxReady 0045  
                      _INT2_DefaultInterruptHandler 0000                                        __pdataCOMRAM 0053  
                                ??_CLOCK_Initialize 0045                     __end_of_I2C1_EVENT_SEND_WR_ADDR 1780  
                                 ??_I2C1_WriteStart 0045                                        __mediumconst 1000  
                                            tblptrh 0FF7                                              tblptrl 0FF6  
                                            tblptru 0FF8            INT2_SetInterruptHandler@InterruptHandler 0045  
          INT1_SetInterruptHandler@InterruptHandler 0045            INT0_SetInterruptHandler@InterruptHandler 0045  
                                  ??_NVM_Initialize 0045                                   _SYSTEM_Initialize 16C0  
                                        __accesstop 0060                             __end_of__initialization 13D2  
                                     ??_I2C1_IsBusy 0045                                  ?_SYSTEM_Initialize 0037  
                                     ___rparam_used 0001                                      __pcstackCOMRAM 0037  
                               ??_SYSTEM_Initialize 0047                                          ??_I2C1_ISR 003B  
                  __end_of_INT2_SetInterruptHandler 171C                               __end_of_I2C1_EVENT_RX 120C  
                             __end_of_I2C1_EVENT_TX 1310                      ??_RealTimeClock_DS1307_GET_DAY 004D  
                    ?_RealTimeClock_DS1307_GET_YEAR 0037                                   _I2C1_EventHandler 1030  
                         __end_of_SYSTEM_Initialize 16DA                            _PRINT_RealTimeClock_DATA 1142  
                                        __pbssBANK0 0060                                __end_of_EUSART_Write 1778  
                                ?_I2C1_EventHandler 0037                               _INT0_InterruptHandler 0024  
                                  ?_I2C1_EVENT_IDLE 0037                                    ?_I2C1_EVENT_NACK 0037  
                                  ?_I2C1_EVENT_STOP 0037                                 ??_I2C1_EventHandler 0038  
                               __end_of_I2C1_IsBusy 17A6                                     _I2C1_Initialize 16F2  
                                           _BAUDCON 0FB8                          ??_INT1_SetInterruptHandler 0047  
                             I2C1_WriteRead@address 0045                                           _I2C1_Read 141A  
                                         _I2C1_Host 1001                           __end_of_I2C1_EventHandler 10D0  
                                           _TBLPTRH 0FF7                                             _TBLPTRL 0FF6  
                                           _TBLPTRU 0FF8                                             i2u22_40 1040  
                                           i2u22_41 103C                                             i2u23_40 1056  
                                           i2u23_41 1052                                             i2u24_40 1064  
                                           i2u24_41 1060                                             i2u25_40 107E  
                                           i2u25_41 107A                                             i2u26_40 108C  
                                           i2u50_40 0072                                             i2u26_41 1088  
                                           i2u50_41 006E                                             i2u51_40 0080  
                                           i2u51_41 007C                                             i2u27_48 10BA  
                                           i2u52_40 0096                                             i2u27_49 10CC  
                                           i2u52_41 0092                                             i2u28_48 1340  
                                           i2u53_40 00A4                                             i2u28_49 1352  
                                           i2u53_41 00A0                              _I2C1_ErrorEventHandler 1310  
                                           _OSCTUNE 0F9B                                             i2u47_40 0040  
                                           i2u47_41 003C                                             i2u48_40 004E  
                                           i2u48_41 004A                                             i2u49_40 005C  
                                           i2u49_41 0058                                             _NVM_ISR 17A6  
                                           _SSPCON1 0FC6                                             _SSPCON2 0FC5  
                                           _SSPSTAT 0FC7                            __end_of_I2C1_EVENT_ERROR 1744  
                          __end_of_I2C1_EVENT_RESET 173A                           ?_INT0_SetInterruptHandler 0045  
                                           __Hparam 0000                                             __Lparam 0000  
                                      __psmallconst 1000                                             __pcinit 139A  
                                           __ramtop 1000                TEMP_SENSOR_TC74_READ_DATA@TEMP_value 004C  
                                           __ptext0 120C                                             __ptext1 1266  
                                           __ptext2 13DC                                             __ptext3 141A  
                                           __ptext4 1758                                             __ptext5 16C0  
                                           __ptext6 163C                                             __ptext7 1708  
                                           __ptext8 179E                                             __ptext9 15D4  
                              I2C1_Write@dataLength 0048                            ??_PIN_MANAGER_Initialize 0045  
                                        ?_I2C1_Read 0045                                             _ret_day 0033  
                       ?_TEMP_SENSOR_TC74_READ_DATA 004A                                     _i2c1_eventTable 1015  
                              end_of_initialization 13D2                            _INT2_SetInterruptHandler 1712  
                                       _I2C1_IsBusy 17A2                                   _EUSART_Initialize 1608  
                                  I2C1_Read@address 0045                             __end_of_I2C1_Initialize 1708  
                                ?_EUSART_Initialize 0037                                           _RCSTAbits 0FAB  
                                           postdec1 0FE5                                             postinc0 0FEE  
                                   _I2C1_WriteStart 1768                                 ??_EUSART_Initialize 0047  
                             _INT1_InterruptHandler 0022              __end_of_RealTimeClock_DS1307_GET_HOURS 159E  
                    _RealTimeClock_DS1307_GET_HOURS 1568              __end_of_RealTimeClock_DS1307_GET_MONTH 1532  
                    _RealTimeClock_DS1307_GET_MONTH 14FC                           __end_of_EUSART_Initialize 163C  
                                         _TXSTAbits 0FAC                             _temp_sensor_data_buffer 002C  
                      __end_of_INTERRUPT_Initialize 1608                                      _I2C1_ERROR_ISR 178C  
                      _INT0_DefaultInterruptHandler 0000                                         _BAUDCONbits 0FB8  
                                     __pidataCOMRAM 1780                                        _EUSART_Write 1770  
                           __end_of_i2c1_eventTable 1027       _RealTimeClock_DS1307@RealTimeClock_DS1307$F83 0014  
                        ??_PRINT_RealTimeClock_DATA 004E                                 start_initialization 139A  
                                       ??_I2C1_Read 004A                             I2C1_WriteRead@writeData 0047  
          __end_of_RealTimeClock_DS1307_GET_MINUTES 1568                  ??_RealTimeClock_DS1307_GET_MINUTES 004D  
                 ?_RealTimeClock_DS1307_GET_MINUTES 0037                    _RealTimeClock_DS1307_GET_MINUTES 1532  
          __end_of_RealTimeClock_DS1307_GET_SECONDS 14FC                  ??_RealTimeClock_DS1307_GET_SECONDS 004D  
                 ?_RealTimeClock_DS1307_GET_SECONDS 0037                    _RealTimeClock_DS1307_GET_SECONDS 14C6  
                           _I2C1_EVENT_SEND_RD_ADDR 174E                             __end_of_I2C1_WriteStart 1770  
                                  ?_I2C1_Initialize 0037                             _I2C1_EVENT_SEND_WR_ADDR 1778  
                            __end_of_I2C1_ERROR_ISR 1792                     ??_RealTimeClock_DS1307_GET_YEAR 004D  
                        _EUSART_FramingErrorHandler 001C                             ?_I2C1_ErrorEventHandler 0037  
                                       __pbssCOMRAM 0002                    __end_of_INT0_SetInterruptHandler 1730  
                                       _data_buffer 002E                                            ?_NVM_ISR 0037  
                                 ?_I2C1_EVENT_ERROR 0037                                   ?_I2C1_EVENT_RESET 0037  
                              _RealTimeClock_DS1307 000E                               _INT2_InterruptHandler 0020  
                                ??_I2C1_EVENT_ERROR 0037                                  ??_I2C1_EVENT_RESET 0037  
                            _PIN_MANAGER_Initialize 163C                                     ?_I2C1_ERROR_ISR 0037  
                                         __pintcode 0008                                      _I2C1_ReadStart 1758  
                                          _I2C1_ISR 1786                        ??_INTERRUPT_InterruptManager 003B  
                    __end_of_I2C1_ErrorEventHandler 1356                                   ??_NVM_StatusClear 0045  
                                       __smallconst 1000                          ??_INT2_SetInterruptHandler 0047  
                               I2C1_Read@dataLength 0048                       I2C1_EVENT_ERROR@retEventState 0037  
                         ??_I2C1_EVENT_SEND_RD_ADDR 0037                                _INTERRUPT_Initialize 15D4  
                                  _EUSART_IsTxReady 1662                                    _CLOCK_Initialize 1760  
                         ??_I2C1_EVENT_SEND_WR_ADDR 0037                                        ?_I2C1_IsBusy 0037  
                             _I2C1_CallbackRegister 0000                           ?_INT1_SetInterruptHandler 0045  
                                          _PIE1bits 0F9D                                            _PIE2bits 0FA0  
                                  ?_I2C1_WriteStart 0037                                   _eusartRxLastError 001E  
                                        _I2C1_Close 16DA                              __end_of_I2C1_ReadStart 1760  
                                         _ret_hours 0034                                           _ret_month 0032  
                                          _PIR1bits 0F9E                                            _PIR2bits 0FA1  
                                        _I2C1_Write 13DC                                      _I2C1_WriteRead 1356  
                                          _RCONbits 0FD0               __end_of_RealTimeClock_DS1307_GET_YEAR 14C6  
                     _RealTimeClock_DS1307_GET_YEAR 1490                              I2C1_WriteRead@readData 004A  
                                        _DS1307_Reg 0053       EUSART_LoggingDebugData_Send_String@String_len 0048  
                      I2C1_EVENT_NACK@retEventState 0037                                       _I2C1_EVENT_RX 11A8  
                                     _I2C1_EVENT_TX 12BE                                         _INTCON2bits 0FF1  
                                       _INTCON3bits 0FF0                                           copy_data0 13AE  
                             ?_INTERRUPT_Initialize 0037                            _INT0_SetInterruptHandler 1726  
                                        _EECON1bits 0FA6                              __end_of_I2C1_WriteRead 139A  
                                          __Hrparam 0000                                     ?_I2C1_ReadStart 0037  
                                          __Lrparam 0000                               _EUSART_IsTxReady$1628 0045  
                                     _I2C1_Callback 0028           EUSART_LoggingDebugData_Send_String@String 0046  
                                 ??_I2C1_EVENT_IDLE 0037                                   ??_I2C1_EVENT_NACK 0037  
                                 ??_I2C1_EVENT_STOP 0037                                      ?_I2C1_EVENT_RX 0037  
                                    ?_I2C1_EVENT_TX 0037                                       _I2C1_ErrorGet 0000  
                                          __ptext10 1712                                            __ptext11 171C  
                                          __ptext20 14C6                                            __ptext12 1726  
                                          __ptext21 14FC                                            __ptext13 16F2  
                                          __ptext30 1770                                            __ptext22 1532  
                                          __ptext14 1608                                            __ptext31 1662  
                                          __ptext23 1568                                            __ptext15 1688  
                                          __ptext40 1792                                            __ptext24 159E  
                                          __ptext16 16A4                                            __ptext41 173A  
                                          __ptext33 17A6                                            __ptext25 1356  
                                          __ptext17 1760                                            __ptext42 1744  
                                          __ptext34 1786                                            __ptext26 1768  
                                          __ptext18 1458                                            __ptext43 11A8  
                                          __ptext35 1030                                            __ptext27 17A2  
                                          __ptext19 1490                                            __ptext44 1778  
                                          __ptext36 16DA                                            __ptext28 1142  
                                          __ptext45 174E                                            __ptext37 178C  
                                          __ptext29 10D0                                            __ptext46 1798  
                                          __ptext38 1310                                            __ptext47 12BE  
                                          __ptext39 1730                                         ?_I2C1_Close 0037  
                                   ?_I2C1_WriteRead 0045                                   _TEMPERATURE_VALUE 0030  
                                          _ret_year 0031                                         ?_I2C1_Write 0045  
                                    _NVM_Initialize 1708                                            isa$xinst 0000  
                                          int$flags 0001                  __end_of_INTERRUPT_InterruptManager 00D4  
                        _INTERRUPT_InterruptManager 0008                           I2C1_WriteRead@writeLength 0048  
       __end_of_EUSART_FramingErrorCallbackRegister 16C0               ??_EUSART_FramingErrorCallbackRegister 0047  
              ?_EUSART_FramingErrorCallbackRegister 0045                 _EUSART_FramingErrorCallbackRegister 16A4  
                      _INT1_DefaultInterruptHandler 0000                                          _INTCONbits 0FF2  
                            ??_INTERRUPT_Initialize 0047                          I2C1_EVENT_RX@retEventState 0037  
                                          intlevel2 0000                                    ??_I2C1_ERROR_ISR 003B  
                           ?_PIN_MANAGER_Initialize 0037                  _EUSART_DefaultFramingErrorCallback 0000  
                         ?_PRINT_RealTimeClock_DATA 0037                                         _ret_minutes 0035  
                                       _ret_seconds 0036                              __end_of_NVM_Initialize 1712  
                                     I2C1_Read@data 0047                                     _NVM_StatusClear 179E  
                                      _NVM_Callback 0026                            __end_of_EUSART_IsTxReady 1688  
                          __end_of_CLOCK_Initialize 1768                                     ??_I2C1_EVENT_RX 0037  
                                   ??_I2C1_EVENT_TX 0037                    __end_of_INT1_SetInterruptHandler 1726  
                                       _SSPCON1bits 0FC6                                         _SSPCON2bits 0FC5  
                      ??_TEMP_SENSOR_TC74_READ_DATA 004B                                  EUSART_Write@txData 0045  
                    __end_of_PIN_MANAGER_Initialize 1662                          I2C1_EVENT_TX@retEventState 0037  
                                   ?_NVM_Initialize 0037  
