

Microchip MPLAB XC8 Assembler V3.10 build 20250813170317 
                                                                                               Tue Sep 29 21:32:29 2026

Microchip MPLAB XC8 C Compiler v3.10 (Free license) build 20250813170317 Og1 
     1                           	processor	18F46K20
     2                           	fnconf	rparam,??,?,0
     3                           	pagewidth 120
     4                           	opt	flic
     5                           	psect	smallconst,global,reloc=2,class=SMALLCONST,space=0,delta=1,noexec
     6                           	psect	nvCOMRAM,global,class=COMRAM,space=1,delta=1,lowdata,noexec
     7                           	psect	cinit,global,reloc=2,class=CODE,space=0,delta=1
     8                           	psect	bssCOMRAM,global,class=COMRAM,space=1,delta=1,lowdata,noexec
     9                           	psect	cstackCOMRAM,global,class=COMRAM,space=1,delta=1,lowdata,noexec
    10                           	psect	text0,global,reloc=2,class=CODE,space=0,delta=1
    11                           	psect	text1,global,reloc=2,class=CODE,space=0,delta=1
    12                           	psect	text2,global,reloc=2,class=CODE,space=0,delta=1
    13                           	psect	text3,global,reloc=2,class=CODE,space=0,delta=1
    14                           	psect	text4,global,reloc=2,class=CODE,space=0,delta=1
    15                           	psect	text5,global,reloc=2,class=CODE,space=0,delta=1
    16                           	psect	text6,global,reloc=2,class=CODE,space=0,delta=1
    17                           	psect	text7,global,reloc=2,class=CODE,space=0,delta=1
    18                           	psect	text8,global,reloc=2,class=CODE,space=0,delta=1
    19                           	psect	text9,global,reloc=2,class=CODE,space=0,delta=1
    20                           	psect	intcode,global,reloc=2,class=CODE,space=0,delta=1
    21                           	psect	text11,global,reloc=2,class=CODE,space=0,delta=1
    22                           	psect	text12,global,reloc=2,class=CODE,space=0,delta=1
    23                           	psect	text13,global,reloc=2,class=CODE,space=0,delta=1
    24                           	psect	text14,global,reloc=2,class=CODE,space=0,delta=1
    25                           	psect	text15,global,reloc=2,class=CODE,space=0,delta=1
    26                           	psect	text16,global,reloc=2,class=CODE,space=0,delta=1
    27                           	psect	intsave_regs,global,class=BIGRAM,space=1,delta=1,noexec
    28                           	psect	rparam,global,class=COMRAM,space=1,delta=1,noexec
    29                           	psect	config,global,abs,ovrld,class=CONFIG,space=4,delta=1,noexec
    30                           	dabs	1,0x1,1
    31   000000                     
    32                           ; Generated 02/09/2026 GMT
    33                           ; 
    34                           ; Copyright (c) 2026 Microchip Technology Inc. and its subsidiaries.
    35                           ; 
    36                           ; Licensed under the Apache License, Version 2.0 (the "License");
    37                           ; you may not use this file except in compliance with the License.
    38                           ; You may obtain a copy of the License at
    39                           ; 
    40                           ;   http://www.apache.org/licenses/LICENSE-2.0
    41                           ; 
    42                           ; Unless required by applicable law or agreed to in writing, software
    43                           ; distributed under the License is distributed on an "AS IS" BASIS,
    44                           ; WITHOUT WARRANTIES OR CONDITIONS OF ANY KIND, either express or implied.
    45                           ; See the License for the specific language governing permissions and
    46                           ; limitations under the License.
    47                           ; 
    48                           ; 
    49                           ; Code-generator required, PIC18F46K20 Definitions
    50                           ; 
    51                           ; SFR Addresses
    52   000FE0                     bsr             equ	4064
    53   000FE9                     fsr0            equ	4073
    54   000FEA                     fsr0h           equ	4074
    55   000FE9                     fsr0l           equ	4073
    56   000FE1                     fsr1            equ	4065
    57   000FE2                     fsr1h           equ	4066
    58   000FE1                     fsr1l           equ	4065
    59   000FD9                     fsr2            equ	4057
    60   000FDA                     fsr2h           equ	4058
    61   000FD9                     fsr2l           equ	4057
    62   000FEF                     indf0           equ	4079
    63   000FE7                     indf1           equ	4071
    64   000FDF                     indf2           equ	4063
    65   000FF2                     intcon          equ	4082
    66   000000                     nvmcon          equ	0
    67   000FF9                     pcl             equ	4089
    68   000FFA                     pclath          equ	4090
    69   000FFB                     pclatu          equ	4091
    70   000FEB                     plusw0          equ	4075
    71   000FE3                     plusw1          equ	4067
    72   000FDB                     plusw2          equ	4059
    73   000FED                     postdec0        equ	4077
    74   000FE5                     postdec1        equ	4069
    75   000FDD                     postdec2        equ	4061
    76   000FEE                     postinc0        equ	4078
    77   000FE6                     postinc1        equ	4070
    78   000FDE                     postinc2        equ	4062
    79   000FEC                     preinc0         equ	4076
    80   000FE4                     preinc1         equ	4068
    81   000FDC                     preinc2         equ	4060
    82   000FF3                     prod            equ	4083
    83   000FF4                     prodh           equ	4084
    84   000FF3                     prodl           equ	4083
    85   000FD8                     status          equ	4056
    86   000FF5                     tablat          equ	4085
    87   000FF6                     tblptr          equ	4086
    88   000FF7                     tblptrh         equ	4087
    89   000FF6                     tblptrl         equ	4086
    90   000FF8                     tblptru         equ	4088
    91   000FFD                     tosl            equ	4093
    92   000FE8                     wreg            equ	4072
    93   000F77                     SSPMSK          equ	3959	;# 
    94   000F78                     SLRCON          equ	3960	;# 
    95   000F79                     CM2CON1         equ	3961	;# 
    96   000F7A                     CM2CON0         equ	3962	;# 
    97   000F7B                     CM1CON0         equ	3963	;# 
    98   000F7C                     WPUB            equ	3964	;# 
    99   000F7D                     IOCB            equ	3965	;# 
   100   000F7E                     ANSEL           equ	3966	;# 
   101   000F7F                     ANSELH          equ	3967	;# 
   102   000F80                     PORTA           equ	3968	;# 
   103   000F81                     PORTB           equ	3969	;# 
   104   000F82                     PORTC           equ	3970	;# 
   105   000F83                     PORTD           equ	3971	;# 
   106   000F84                     PORTE           equ	3972	;# 
   107   000F89                     LATA            equ	3977	;# 
   108   000F8A                     LATB            equ	3978	;# 
   109   000F8B                     LATC            equ	3979	;# 
   110   000F8C                     LATD            equ	3980	;# 
   111   000F8D                     LATE            equ	3981	;# 
   112   000F92                     TRISA           equ	3986	;# 
   113   000F92                     DDRA            equ	3986	;# 
   114   000F93                     TRISB           equ	3987	;# 
   115   000F93                     DDRB            equ	3987	;# 
   116   000F94                     TRISC           equ	3988	;# 
   117   000F94                     DDRC            equ	3988	;# 
   118   000F95                     TRISD           equ	3989	;# 
   119   000F95                     DDRD            equ	3989	;# 
   120   000F96                     TRISE           equ	3990	;# 
   121   000F96                     DDRE            equ	3990	;# 
   122   000F9B                     OSCTUNE         equ	3995	;# 
   123   000F9D                     PIE1            equ	3997	;# 
   124   000F9E                     PIR1            equ	3998	;# 
   125   000F9F                     IPR1            equ	3999	;# 
   126   000FA0                     PIE2            equ	4000	;# 
   127   000FA1                     PIR2            equ	4001	;# 
   128   000FA2                     IPR2            equ	4002	;# 
   129   000FA6                     EECON1          equ	4006	;# 
   130   000FA7                     EECON2          equ	4007	;# 
   131   000FA8                     EEDATA          equ	4008	;# 
   132   000FA9                     EEADR           equ	4009	;# 
   133   000FAA                     EEADRH          equ	4010	;# 
   134   000FAB                     RCSTA           equ	4011	;# 
   135   000FAB                     RCSTA1          equ	4011	;# 
   136   000FAC                     TXSTA           equ	4012	;# 
   137   000FAC                     TXSTA1          equ	4012	;# 
   138   000FAD                     TXREG           equ	4013	;# 
   139   000FAD                     TXREG1          equ	4013	;# 
   140   000FAE                     RCREG           equ	4014	;# 
   141   000FAE                     RCREG1          equ	4014	;# 
   142   000FAF                     SPBRG           equ	4015	;# 
   143   000FAF                     SPBRG1          equ	4015	;# 
   144   000FB0                     SPBRGH          equ	4016	;# 
   145   000FB1                     T3CON           equ	4017	;# 
   146   000FB2                     TMR3            equ	4018	;# 
   147   000FB2                     TMR3L           equ	4018	;# 
   148   000FB3                     TMR3H           equ	4019	;# 
   149   000FB4                     CVRCON2         equ	4020	;# 
   150   000FB5                     CVRCON          equ	4021	;# 
   151   000FB6                     ECCP1AS         equ	4022	;# 
   152   000FB7                     PWM1CON         equ	4023	;# 
   153   000FB8                     BAUDCON         equ	4024	;# 
   154   000FB8                     BAUDCTL         equ	4024	;# 
   155   000FB9                     PSTRCON         equ	4025	;# 
   156   000FBA                     CCP2CON         equ	4026	;# 
   157   000FBB                     CCPR2           equ	4027	;# 
   158   000FBB                     CCPR2L          equ	4027	;# 
   159   000FBC                     CCPR2H          equ	4028	;# 
   160   000FBD                     CCP1CON         equ	4029	;# 
   161   000FBE                     CCPR1           equ	4030	;# 
   162   000FBE                     CCPR1L          equ	4030	;# 
   163   000FBF                     CCPR1H          equ	4031	;# 
   164   000FC0                     ADCON2          equ	4032	;# 
   165   000FC1                     ADCON1          equ	4033	;# 
   166   000FC2                     ADCON0          equ	4034	;# 
   167   000FC3                     ADRES           equ	4035	;# 
   168   000FC3                     ADRESL          equ	4035	;# 
   169   000FC4                     ADRESH          equ	4036	;# 
   170   000FC5                     SSPCON2         equ	4037	;# 
   171   000FC6                     SSPCON1         equ	4038	;# 
   172   000FC7                     SSPSTAT         equ	4039	;# 
   173   000FC8                     SSPADD          equ	4040	;# 
   174   000FC9                     SSPBUF          equ	4041	;# 
   175   000FCA                     T2CON           equ	4042	;# 
   176   000FCB                     PR2             equ	4043	;# 
   177   000FCB                     MEMCON          equ	4043	;# 
   178   000FCC                     TMR2            equ	4044	;# 
   179   000FCD                     T1CON           equ	4045	;# 
   180   000FCE                     TMR1            equ	4046	;# 
   181   000FCE                     TMR1L           equ	4046	;# 
   182   000FCF                     TMR1H           equ	4047	;# 
   183   000FD0                     RCON            equ	4048	;# 
   184   000FD1                     WDTCON          equ	4049	;# 
   185   000FD2                     HLVDCON         equ	4050	;# 
   186   000FD2                     LVDCON          equ	4050	;# 
   187   000FD3                     OSCCON          equ	4051	;# 
   188   000FD5                     T0CON           equ	4053	;# 
   189   000FD6                     TMR0            equ	4054	;# 
   190   000FD6                     TMR0L           equ	4054	;# 
   191   000FD7                     TMR0H           equ	4055	;# 
   192   000FD8                     STATUS          equ	4056	;# 
   193   000FD9                     FSR2            equ	4057	;# 
   194   000FD9                     FSR2L           equ	4057	;# 
   195   000FDA                     FSR2H           equ	4058	;# 
   196   000FDB                     PLUSW2          equ	4059	;# 
   197   000FDC                     PREINC2         equ	4060	;# 
   198   000FDD                     POSTDEC2        equ	4061	;# 
   199   000FDE                     POSTINC2        equ	4062	;# 
   200   000FDF                     INDF2           equ	4063	;# 
   201   000FE0                     BSR             equ	4064	;# 
   202   000FE1                     FSR1            equ	4065	;# 
   203   000FE1                     FSR1L           equ	4065	;# 
   204   000FE2                     FSR1H           equ	4066	;# 
   205   000FE3                     PLUSW1          equ	4067	;# 
   206   000FE4                     PREINC1         equ	4068	;# 
   207   000FE5                     POSTDEC1        equ	4069	;# 
   208   000FE6                     POSTINC1        equ	4070	;# 
   209   000FE7                     INDF1           equ	4071	;# 
   210   000FE8                     WREG            equ	4072	;# 
   211   000FE9                     FSR0            equ	4073	;# 
   212   000FE9                     FSR0L           equ	4073	;# 
   213   000FEA                     FSR0H           equ	4074	;# 
   214   000FEB                     PLUSW0          equ	4075	;# 
   215   000FEC                     PREINC0         equ	4076	;# 
   216   000FED                     POSTDEC0        equ	4077	;# 
   217   000FEE                     POSTINC0        equ	4078	;# 
   218   000FEF                     INDF0           equ	4079	;# 
   219   000FF0                     INTCON3         equ	4080	;# 
   220   000FF1                     INTCON2         equ	4081	;# 
   221   000FF2                     INTCON          equ	4082	;# 
   222   000FF3                     PROD            equ	4083	;# 
   223   000FF3                     PRODL           equ	4083	;# 
   224   000FF4                     PRODH           equ	4084	;# 
   225   000FF5                     TABLAT          equ	4085	;# 
   226   000FF6                     TBLPTR          equ	4086	;# 
   227   000FF6                     TBLPTRL         equ	4086	;# 
   228   000FF7                     TBLPTRH         equ	4087	;# 
   229   000FF8                     TBLPTRU         equ	4088	;# 
   230   000FF9                     PCLAT           equ	4089	;# 
   231   000FF9                     PC              equ	4089	;# 
   232   000FF9                     PCL             equ	4089	;# 
   233   000FFA                     PCLATH          equ	4090	;# 
   234   000FFB                     PCLATU          equ	4091	;# 
   235   000FFC                     STKPTR          equ	4092	;# 
   236   000FFD                     TOS             equ	4093	;# 
   237   000FFD                     TOSL            equ	4093	;# 
   238   000FFE                     TOSH            equ	4094	;# 
   239   000FFF                     TOSU            equ	4095	;# 
   240   000F77                     SSPMSK          equ	3959	;# 
   241   000F78                     SLRCON          equ	3960	;# 
   242   000F79                     CM2CON1         equ	3961	;# 
   243   000F7A                     CM2CON0         equ	3962	;# 
   244   000F7B                     CM1CON0         equ	3963	;# 
   245   000F7C                     WPUB            equ	3964	;# 
   246   000F7D                     IOCB            equ	3965	;# 
   247   000F7E                     ANSEL           equ	3966	;# 
   248   000F7F                     ANSELH          equ	3967	;# 
   249   000F80                     PORTA           equ	3968	;# 
   250   000F81                     PORTB           equ	3969	;# 
   251   000F82                     PORTC           equ	3970	;# 
   252   000F83                     PORTD           equ	3971	;# 
   253   000F84                     PORTE           equ	3972	;# 
   254   000F89                     LATA            equ	3977	;# 
   255   000F8A                     LATB            equ	3978	;# 
   256   000F8B                     LATC            equ	3979	;# 
   257   000F8C                     LATD            equ	3980	;# 
   258   000F8D                     LATE            equ	3981	;# 
   259   000F92                     TRISA           equ	3986	;# 
   260   000F92                     DDRA            equ	3986	;# 
   261   000F93                     TRISB           equ	3987	;# 
   262   000F93                     DDRB            equ	3987	;# 
   263   000F94                     TRISC           equ	3988	;# 
   264   000F94                     DDRC            equ	3988	;# 
   265   000F95                     TRISD           equ	3989	;# 
   266   000F95                     DDRD            equ	3989	;# 
   267   000F96                     TRISE           equ	3990	;# 
   268   000F96                     DDRE            equ	3990	;# 
   269   000F9B                     OSCTUNE         equ	3995	;# 
   270   000F9D                     PIE1            equ	3997	;# 
   271   000F9E                     PIR1            equ	3998	;# 
   272   000F9F                     IPR1            equ	3999	;# 
   273   000FA0                     PIE2            equ	4000	;# 
   274   000FA1                     PIR2            equ	4001	;# 
   275   000FA2                     IPR2            equ	4002	;# 
   276   000FA6                     EECON1          equ	4006	;# 
   277   000FA7                     EECON2          equ	4007	;# 
   278   000FA8                     EEDATA          equ	4008	;# 
   279   000FA9                     EEADR           equ	4009	;# 
   280   000FAA                     EEADRH          equ	4010	;# 
   281   000FAB                     RCSTA           equ	4011	;# 
   282   000FAB                     RCSTA1          equ	4011	;# 
   283   000FAC                     TXSTA           equ	4012	;# 
   284   000FAC                     TXSTA1          equ	4012	;# 
   285   000FAD                     TXREG           equ	4013	;# 
   286   000FAD                     TXREG1          equ	4013	;# 
   287   000FAE                     RCREG           equ	4014	;# 
   288   000FAE                     RCREG1          equ	4014	;# 
   289   000FAF                     SPBRG           equ	4015	;# 
   290   000FAF                     SPBRG1          equ	4015	;# 
   291   000FB0                     SPBRGH          equ	4016	;# 
   292   000FB1                     T3CON           equ	4017	;# 
   293   000FB2                     TMR3            equ	4018	;# 
   294   000FB2                     TMR3L           equ	4018	;# 
   295   000FB3                     TMR3H           equ	4019	;# 
   296   000FB4                     CVRCON2         equ	4020	;# 
   297   000FB5                     CVRCON          equ	4021	;# 
   298   000FB6                     ECCP1AS         equ	4022	;# 
   299   000FB7                     PWM1CON         equ	4023	;# 
   300   000FB8                     BAUDCON         equ	4024	;# 
   301   000FB8                     BAUDCTL         equ	4024	;# 
   302   000FB9                     PSTRCON         equ	4025	;# 
   303   000FBA                     CCP2CON         equ	4026	;# 
   304   000FBB                     CCPR2           equ	4027	;# 
   305   000FBB                     CCPR2L          equ	4027	;# 
   306   000FBC                     CCPR2H          equ	4028	;# 
   307   000FBD                     CCP1CON         equ	4029	;# 
   308   000FBE                     CCPR1           equ	4030	;# 
   309   000FBE                     CCPR1L          equ	4030	;# 
   310   000FBF                     CCPR1H          equ	4031	;# 
   311   000FC0                     ADCON2          equ	4032	;# 
   312   000FC1                     ADCON1          equ	4033	;# 
   313   000FC2                     ADCON0          equ	4034	;# 
   314   000FC3                     ADRES           equ	4035	;# 
   315   000FC3                     ADRESL          equ	4035	;# 
   316   000FC4                     ADRESH          equ	4036	;# 
   317   000FC5                     SSPCON2         equ	4037	;# 
   318   000FC6                     SSPCON1         equ	4038	;# 
   319   000FC7                     SSPSTAT         equ	4039	;# 
   320   000FC8                     SSPADD          equ	4040	;# 
   321   000FC9                     SSPBUF          equ	4041	;# 
   322   000FCA                     T2CON           equ	4042	;# 
   323   000FCB                     PR2             equ	4043	;# 
   324   000FCB                     MEMCON          equ	4043	;# 
   325   000FCC                     TMR2            equ	4044	;# 
   326   000FCD                     T1CON           equ	4045	;# 
   327   000FCE                     TMR1            equ	4046	;# 
   328   000FCE                     TMR1L           equ	4046	;# 
   329   000FCF                     TMR1H           equ	4047	;# 
   330   000FD0                     RCON            equ	4048	;# 
   331   000FD1                     WDTCON          equ	4049	;# 
   332   000FD2                     HLVDCON         equ	4050	;# 
   333   000FD2                     LVDCON          equ	4050	;# 
   334   000FD3                     OSCCON          equ	4051	;# 
   335   000FD5                     T0CON           equ	4053	;# 
   336   000FD6                     TMR0            equ	4054	;# 
   337   000FD6                     TMR0L           equ	4054	;# 
   338   000FD7                     TMR0H           equ	4055	;# 
   339   000FD8                     STATUS          equ	4056	;# 
   340   000FD9                     FSR2            equ	4057	;# 
   341   000FD9                     FSR2L           equ	4057	;# 
   342   000FDA                     FSR2H           equ	4058	;# 
   343   000FDB                     PLUSW2          equ	4059	;# 
   344   000FDC                     PREINC2         equ	4060	;# 
   345   000FDD                     POSTDEC2        equ	4061	;# 
   346   000FDE                     POSTINC2        equ	4062	;# 
   347   000FDF                     INDF2           equ	4063	;# 
   348   000FE0                     BSR             equ	4064	;# 
   349   000FE1                     FSR1            equ	4065	;# 
   350   000FE1                     FSR1L           equ	4065	;# 
   351   000FE2                     FSR1H           equ	4066	;# 
   352   000FE3                     PLUSW1          equ	4067	;# 
   353   000FE4                     PREINC1         equ	4068	;# 
   354   000FE5                     POSTDEC1        equ	4069	;# 
   355   000FE6                     POSTINC1        equ	4070	;# 
   356   000FE7                     INDF1           equ	4071	;# 
   357   000FE8                     WREG            equ	4072	;# 
   358   000FE9                     FSR0            equ	4073	;# 
   359   000FE9                     FSR0L           equ	4073	;# 
   360   000FEA                     FSR0H           equ	4074	;# 
   361   000FEB                     PLUSW0          equ	4075	;# 
   362   000FEC                     PREINC0         equ	4076	;# 
   363   000FED                     POSTDEC0        equ	4077	;# 
   364   000FEE                     POSTINC0        equ	4078	;# 
   365   000FEF                     INDF0           equ	4079	;# 
   366   000FF0                     INTCON3         equ	4080	;# 
   367   000FF1                     INTCON2         equ	4081	;# 
   368   000FF2                     INTCON          equ	4082	;# 
   369   000FF3                     PROD            equ	4083	;# 
   370   000FF3                     PRODL           equ	4083	;# 
   371   000FF4                     PRODH           equ	4084	;# 
   372   000FF5                     TABLAT          equ	4085	;# 
   373   000FF6                     TBLPTR          equ	4086	;# 
   374   000FF6                     TBLPTRL         equ	4086	;# 
   375   000FF7                     TBLPTRH         equ	4087	;# 
   376   000FF8                     TBLPTRU         equ	4088	;# 
   377   000FF9                     PCLAT           equ	4089	;# 
   378   000FF9                     PC              equ	4089	;# 
   379   000FF9                     PCL             equ	4089	;# 
   380   000FFA                     PCLATH          equ	4090	;# 
   381   000FFB                     PCLATU          equ	4091	;# 
   382   000FFC                     STKPTR          equ	4092	;# 
   383   000FFD                     TOS             equ	4093	;# 
   384   000FFD                     TOSL            equ	4093	;# 
   385   000FFE                     TOSH            equ	4094	;# 
   386   000FFF                     TOSU            equ	4095	;# 
   387   000F77                     SSPMSK          equ	3959	;# 
   388   000F78                     SLRCON          equ	3960	;# 
   389   000F79                     CM2CON1         equ	3961	;# 
   390   000F7A                     CM2CON0         equ	3962	;# 
   391   000F7B                     CM1CON0         equ	3963	;# 
   392   000F7C                     WPUB            equ	3964	;# 
   393   000F7D                     IOCB            equ	3965	;# 
   394   000F7E                     ANSEL           equ	3966	;# 
   395   000F7F                     ANSELH          equ	3967	;# 
   396   000F80                     PORTA           equ	3968	;# 
   397   000F81                     PORTB           equ	3969	;# 
   398   000F82                     PORTC           equ	3970	;# 
   399   000F83                     PORTD           equ	3971	;# 
   400   000F84                     PORTE           equ	3972	;# 
   401   000F89                     LATA            equ	3977	;# 
   402   000F8A                     LATB            equ	3978	;# 
   403   000F8B                     LATC            equ	3979	;# 
   404   000F8C                     LATD            equ	3980	;# 
   405   000F8D                     LATE            equ	3981	;# 
   406   000F92                     TRISA           equ	3986	;# 
   407   000F92                     DDRA            equ	3986	;# 
   408   000F93                     TRISB           equ	3987	;# 
   409   000F93                     DDRB            equ	3987	;# 
   410   000F94                     TRISC           equ	3988	;# 
   411   000F94                     DDRC            equ	3988	;# 
   412   000F95                     TRISD           equ	3989	;# 
   413   000F95                     DDRD            equ	3989	;# 
   414   000F96                     TRISE           equ	3990	;# 
   415   000F96                     DDRE            equ	3990	;# 
   416   000F9B                     OSCTUNE         equ	3995	;# 
   417   000F9D                     PIE1            equ	3997	;# 
   418   000F9E                     PIR1            equ	3998	;# 
   419   000F9F                     IPR1            equ	3999	;# 
   420   000FA0                     PIE2            equ	4000	;# 
   421   000FA1                     PIR2            equ	4001	;# 
   422   000FA2                     IPR2            equ	4002	;# 
   423   000FA6                     EECON1          equ	4006	;# 
   424   000FA7                     EECON2          equ	4007	;# 
   425   000FA8                     EEDATA          equ	4008	;# 
   426   000FA9                     EEADR           equ	4009	;# 
   427   000FAA                     EEADRH          equ	4010	;# 
   428   000FAB                     RCSTA           equ	4011	;# 
   429   000FAB                     RCSTA1          equ	4011	;# 
   430   000FAC                     TXSTA           equ	4012	;# 
   431   000FAC                     TXSTA1          equ	4012	;# 
   432   000FAD                     TXREG           equ	4013	;# 
   433   000FAD                     TXREG1          equ	4013	;# 
   434   000FAE                     RCREG           equ	4014	;# 
   435   000FAE                     RCREG1          equ	4014	;# 
   436   000FAF                     SPBRG           equ	4015	;# 
   437   000FAF                     SPBRG1          equ	4015	;# 
   438   000FB0                     SPBRGH          equ	4016	;# 
   439   000FB1                     T3CON           equ	4017	;# 
   440   000FB2                     TMR3            equ	4018	;# 
   441   000FB2                     TMR3L           equ	4018	;# 
   442   000FB3                     TMR3H           equ	4019	;# 
   443   000FB4                     CVRCON2         equ	4020	;# 
   444   000FB5                     CVRCON          equ	4021	;# 
   445   000FB6                     ECCP1AS         equ	4022	;# 
   446   000FB7                     PWM1CON         equ	4023	;# 
   447   000FB8                     BAUDCON         equ	4024	;# 
   448   000FB8                     BAUDCTL         equ	4024	;# 
   449   000FB9                     PSTRCON         equ	4025	;# 
   450   000FBA                     CCP2CON         equ	4026	;# 
   451   000FBB                     CCPR2           equ	4027	;# 
   452   000FBB                     CCPR2L          equ	4027	;# 
   453   000FBC                     CCPR2H          equ	4028	;# 
   454   000FBD                     CCP1CON         equ	4029	;# 
   455   000FBE                     CCPR1           equ	4030	;# 
   456   000FBE                     CCPR1L          equ	4030	;# 
   457   000FBF                     CCPR1H          equ	4031	;# 
   458   000FC0                     ADCON2          equ	4032	;# 
   459   000FC1                     ADCON1          equ	4033	;# 
   460   000FC2                     ADCON0          equ	4034	;# 
   461   000FC3                     ADRES           equ	4035	;# 
   462   000FC3                     ADRESL          equ	4035	;# 
   463   000FC4                     ADRESH          equ	4036	;# 
   464   000FC5                     SSPCON2         equ	4037	;# 
   465   000FC6                     SSPCON1         equ	4038	;# 
   466   000FC7                     SSPSTAT         equ	4039	;# 
   467   000FC8                     SSPADD          equ	4040	;# 
   468   000FC9                     SSPBUF          equ	4041	;# 
   469   000FCA                     T2CON           equ	4042	;# 
   470   000FCB                     PR2             equ	4043	;# 
   471   000FCB                     MEMCON          equ	4043	;# 
   472   000FCC                     TMR2            equ	4044	;# 
   473   000FCD                     T1CON           equ	4045	;# 
   474   000FCE                     TMR1            equ	4046	;# 
   475   000FCE                     TMR1L           equ	4046	;# 
   476   000FCF                     TMR1H           equ	4047	;# 
   477   000FD0                     RCON            equ	4048	;# 
   478   000FD1                     WDTCON          equ	4049	;# 
   479   000FD2                     HLVDCON         equ	4050	;# 
   480   000FD2                     LVDCON          equ	4050	;# 
   481   000FD3                     OSCCON          equ	4051	;# 
   482   000FD5                     T0CON           equ	4053	;# 
   483   000FD6                     TMR0            equ	4054	;# 
   484   000FD6                     TMR0L           equ	4054	;# 
   485   000FD7                     TMR0H           equ	4055	;# 
   486   000FD8                     STATUS          equ	4056	;# 
   487   000FD9                     FSR2            equ	4057	;# 
   488   000FD9                     FSR2L           equ	4057	;# 
   489   000FDA                     FSR2H           equ	4058	;# 
   490   000FDB                     PLUSW2          equ	4059	;# 
   491   000FDC                     PREINC2         equ	4060	;# 
   492   000FDD                     POSTDEC2        equ	4061	;# 
   493   000FDE                     POSTINC2        equ	4062	;# 
   494   000FDF                     INDF2           equ	4063	;# 
   495   000FE0                     BSR             equ	4064	;# 
   496   000FE1                     FSR1            equ	4065	;# 
   497   000FE1                     FSR1L           equ	4065	;# 
   498   000FE2                     FSR1H           equ	4066	;# 
   499   000FE3                     PLUSW1          equ	4067	;# 
   500   000FE4                     PREINC1         equ	4068	;# 
   501   000FE5                     POSTDEC1        equ	4069	;# 
   502   000FE6                     POSTINC1        equ	4070	;# 
   503   000FE7                     INDF1           equ	4071	;# 
   504   000FE8                     WREG            equ	4072	;# 
   505   000FE9                     FSR0            equ	4073	;# 
   506   000FE9                     FSR0L           equ	4073	;# 
   507   000FEA                     FSR0H           equ	4074	;# 
   508   000FEB                     PLUSW0          equ	4075	;# 
   509   000FEC                     PREINC0         equ	4076	;# 
   510   000FED                     POSTDEC0        equ	4077	;# 
   511   000FEE                     POSTINC0        equ	4078	;# 
   512   000FEF                     INDF0           equ	4079	;# 
   513   000FF0                     INTCON3         equ	4080	;# 
   514   000FF1                     INTCON2         equ	4081	;# 
   515   000FF2                     INTCON          equ	4082	;# 
   516   000FF3                     PROD            equ	4083	;# 
   517   000FF3                     PRODL           equ	4083	;# 
   518   000FF4                     PRODH           equ	4084	;# 
   519   000FF5                     TABLAT          equ	4085	;# 
   520   000FF6                     TBLPTR          equ	4086	;# 
   521   000FF6                     TBLPTRL         equ	4086	;# 
   522   000FF7                     TBLPTRH         equ	4087	;# 
   523   000FF8                     TBLPTRU         equ	4088	;# 
   524   000FF9                     PCLAT           equ	4089	;# 
   525   000FF9                     PC              equ	4089	;# 
   526   000FF9                     PCL             equ	4089	;# 
   527   000FFA                     PCLATH          equ	4090	;# 
   528   000FFB                     PCLATU          equ	4091	;# 
   529   000FFC                     STKPTR          equ	4092	;# 
   530   000FFD                     TOS             equ	4093	;# 
   531   000FFD                     TOSL            equ	4093	;# 
   532   000FFE                     TOSH            equ	4094	;# 
   533   000FFF                     TOSU            equ	4095	;# 
   534   000F77                     SSPMSK          equ	3959	;# 
   535   000F78                     SLRCON          equ	3960	;# 
   536   000F79                     CM2CON1         equ	3961	;# 
   537   000F7A                     CM2CON0         equ	3962	;# 
   538   000F7B                     CM1CON0         equ	3963	;# 
   539   000F7C                     WPUB            equ	3964	;# 
   540   000F7D                     IOCB            equ	3965	;# 
   541   000F7E                     ANSEL           equ	3966	;# 
   542   000F7F                     ANSELH          equ	3967	;# 
   543   000F80                     PORTA           equ	3968	;# 
   544   000F81                     PORTB           equ	3969	;# 
   545   000F82                     PORTC           equ	3970	;# 
   546   000F83                     PORTD           equ	3971	;# 
   547   000F84                     PORTE           equ	3972	;# 
   548   000F89                     LATA            equ	3977	;# 
   549   000F8A                     LATB            equ	3978	;# 
   550   000F8B                     LATC            equ	3979	;# 
   551   000F8C                     LATD            equ	3980	;# 
   552   000F8D                     LATE            equ	3981	;# 
   553   000F92                     TRISA           equ	3986	;# 
   554   000F92                     DDRA            equ	3986	;# 
   555   000F93                     TRISB           equ	3987	;# 
   556   000F93                     DDRB            equ	3987	;# 
   557   000F94                     TRISC           equ	3988	;# 
   558   000F94                     DDRC            equ	3988	;# 
   559   000F95                     TRISD           equ	3989	;# 
   560   000F95                     DDRD            equ	3989	;# 
   561   000F96                     TRISE           equ	3990	;# 
   562   000F96                     DDRE            equ	3990	;# 
   563   000F9B                     OSCTUNE         equ	3995	;# 
   564   000F9D                     PIE1            equ	3997	;# 
   565   000F9E                     PIR1            equ	3998	;# 
   566   000F9F                     IPR1            equ	3999	;# 
   567   000FA0                     PIE2            equ	4000	;# 
   568   000FA1                     PIR2            equ	4001	;# 
   569   000FA2                     IPR2            equ	4002	;# 
   570   000FA6                     EECON1          equ	4006	;# 
   571   000FA7                     EECON2          equ	4007	;# 
   572   000FA8                     EEDATA          equ	4008	;# 
   573   000FA9                     EEADR           equ	4009	;# 
   574   000FAA                     EEADRH          equ	4010	;# 
   575   000FAB                     RCSTA           equ	4011	;# 
   576   000FAB                     RCSTA1          equ	4011	;# 
   577   000FAC                     TXSTA           equ	4012	;# 
   578   000FAC                     TXSTA1          equ	4012	;# 
   579   000FAD                     TXREG           equ	4013	;# 
   580   000FAD                     TXREG1          equ	4013	;# 
   581   000FAE                     RCREG           equ	4014	;# 
   582   000FAE                     RCREG1          equ	4014	;# 
   583   000FAF                     SPBRG           equ	4015	;# 
   584   000FAF                     SPBRG1          equ	4015	;# 
   585   000FB0                     SPBRGH          equ	4016	;# 
   586   000FB1                     T3CON           equ	4017	;# 
   587   000FB2                     TMR3            equ	4018	;# 
   588   000FB2                     TMR3L           equ	4018	;# 
   589   000FB3                     TMR3H           equ	4019	;# 
   590   000FB4                     CVRCON2         equ	4020	;# 
   591   000FB5                     CVRCON          equ	4021	;# 
   592   000FB6                     ECCP1AS         equ	4022	;# 
   593   000FB7                     PWM1CON         equ	4023	;# 
   594   000FB8                     BAUDCON         equ	4024	;# 
   595   000FB8                     BAUDCTL         equ	4024	;# 
   596   000FB9                     PSTRCON         equ	4025	;# 
   597   000FBA                     CCP2CON         equ	4026	;# 
   598   000FBB                     CCPR2           equ	4027	;# 
   599   000FBB                     CCPR2L          equ	4027	;# 
   600   000FBC                     CCPR2H          equ	4028	;# 
   601   000FBD                     CCP1CON         equ	4029	;# 
   602   000FBE                     CCPR1           equ	4030	;# 
   603   000FBE                     CCPR1L          equ	4030	;# 
   604   000FBF                     CCPR1H          equ	4031	;# 
   605   000FC0                     ADCON2          equ	4032	;# 
   606   000FC1                     ADCON1          equ	4033	;# 
   607   000FC2                     ADCON0          equ	4034	;# 
   608   000FC3                     ADRES           equ	4035	;# 
   609   000FC3                     ADRESL          equ	4035	;# 
   610   000FC4                     ADRESH          equ	4036	;# 
   611   000FC5                     SSPCON2         equ	4037	;# 
   612   000FC6                     SSPCON1         equ	4038	;# 
   613   000FC7                     SSPSTAT         equ	4039	;# 
   614   000FC8                     SSPADD          equ	4040	;# 
   615   000FC9                     SSPBUF          equ	4041	;# 
   616   000FCA                     T2CON           equ	4042	;# 
   617   000FCB                     PR2             equ	4043	;# 
   618   000FCB                     MEMCON          equ	4043	;# 
   619   000FCC                     TMR2            equ	4044	;# 
   620   000FCD                     T1CON           equ	4045	;# 
   621   000FCE                     TMR1            equ	4046	;# 
   622   000FCE                     TMR1L           equ	4046	;# 
   623   000FCF                     TMR1H           equ	4047	;# 
   624   000FD0                     RCON            equ	4048	;# 
   625   000FD1                     WDTCON          equ	4049	;# 
   626   000FD2                     HLVDCON         equ	4050	;# 
   627   000FD2                     LVDCON          equ	4050	;# 
   628   000FD3                     OSCCON          equ	4051	;# 
   629   000FD5                     T0CON           equ	4053	;# 
   630   000FD6                     TMR0            equ	4054	;# 
   631   000FD6                     TMR0L           equ	4054	;# 
   632   000FD7                     TMR0H           equ	4055	;# 
   633   000FD8                     STATUS          equ	4056	;# 
   634   000FD9                     FSR2            equ	4057	;# 
   635   000FD9                     FSR2L           equ	4057	;# 
   636   000FDA                     FSR2H           equ	4058	;# 
   637   000FDB                     PLUSW2          equ	4059	;# 
   638   000FDC                     PREINC2         equ	4060	;# 
   639   000FDD                     POSTDEC2        equ	4061	;# 
   640   000FDE                     POSTINC2        equ	4062	;# 
   641   000FDF                     INDF2           equ	4063	;# 
   642   000FE0                     BSR             equ	4064	;# 
   643   000FE1                     FSR1            equ	4065	;# 
   644   000FE1                     FSR1L           equ	4065	;# 
   645   000FE2                     FSR1H           equ	4066	;# 
   646   000FE3                     PLUSW1          equ	4067	;# 
   647   000FE4                     PREINC1         equ	4068	;# 
   648   000FE5                     POSTDEC1        equ	4069	;# 
   649   000FE6                     POSTINC1        equ	4070	;# 
   650   000FE7                     INDF1           equ	4071	;# 
   651   000FE8                     WREG            equ	4072	;# 
   652   000FE9                     FSR0            equ	4073	;# 
   653   000FE9                     FSR0L           equ	4073	;# 
   654   000FEA                     FSR0H           equ	4074	;# 
   655   000FEB                     PLUSW0          equ	4075	;# 
   656   000FEC                     PREINC0         equ	4076	;# 
   657   000FED                     POSTDEC0        equ	4077	;# 
   658   000FEE                     POSTINC0        equ	4078	;# 
   659   000FEF                     INDF0           equ	4079	;# 
   660   000FF0                     INTCON3         equ	4080	;# 
   661   000FF1                     INTCON2         equ	4081	;# 
   662   000FF2                     INTCON          equ	4082	;# 
   663   000FF3                     PROD            equ	4083	;# 
   664   000FF3                     PRODL           equ	4083	;# 
   665   000FF4                     PRODH           equ	4084	;# 
   666   000FF5                     TABLAT          equ	4085	;# 
   667   000FF6                     TBLPTR          equ	4086	;# 
   668   000FF6                     TBLPTRL         equ	4086	;# 
   669   000FF7                     TBLPTRH         equ	4087	;# 
   670   000FF8                     TBLPTRU         equ	4088	;# 
   671   000FF9                     PCLAT           equ	4089	;# 
   672   000FF9                     PC              equ	4089	;# 
   673   000FF9                     PCL             equ	4089	;# 
   674   000FFA                     PCLATH          equ	4090	;# 
   675   000FFB                     PCLATU          equ	4091	;# 
   676   000FFC                     STKPTR          equ	4092	;# 
   677   000FFD                     TOS             equ	4093	;# 
   678   000FFD                     TOSL            equ	4093	;# 
   679   000FFE                     TOSH            equ	4094	;# 
   680   000FFF                     TOSU            equ	4095	;# 
   681   000F77                     SSPMSK          equ	3959	;# 
   682   000F78                     SLRCON          equ	3960	;# 
   683   000F79                     CM2CON1         equ	3961	;# 
   684   000F7A                     CM2CON0         equ	3962	;# 
   685   000F7B                     CM1CON0         equ	3963	;# 
   686   000F7C                     WPUB            equ	3964	;# 
   687   000F7D                     IOCB            equ	3965	;# 
   688   000F7E                     ANSEL           equ	3966	;# 
   689   000F7F                     ANSELH          equ	3967	;# 
   690   000F80                     PORTA           equ	3968	;# 
   691   000F81                     PORTB           equ	3969	;# 
   692   000F82                     PORTC           equ	3970	;# 
   693   000F83                     PORTD           equ	3971	;# 
   694   000F84                     PORTE           equ	3972	;# 
   695   000F89                     LATA            equ	3977	;# 
   696   000F8A                     LATB            equ	3978	;# 
   697   000F8B                     LATC            equ	3979	;# 
   698   000F8C                     LATD            equ	3980	;# 
   699   000F8D                     LATE            equ	3981	;# 
   700   000F92                     TRISA           equ	3986	;# 
   701   000F92                     DDRA            equ	3986	;# 
   702   000F93                     TRISB           equ	3987	;# 
   703   000F93                     DDRB            equ	3987	;# 
   704   000F94                     TRISC           equ	3988	;# 
   705   000F94                     DDRC            equ	3988	;# 
   706   000F95                     TRISD           equ	3989	;# 
   707   000F95                     DDRD            equ	3989	;# 
   708   000F96                     TRISE           equ	3990	;# 
   709   000F96                     DDRE            equ	3990	;# 
   710   000F9B                     OSCTUNE         equ	3995	;# 
   711   000F9D                     PIE1            equ	3997	;# 
   712   000F9E                     PIR1            equ	3998	;# 
   713   000F9F                     IPR1            equ	3999	;# 
   714   000FA0                     PIE2            equ	4000	;# 
   715   000FA1                     PIR2            equ	4001	;# 
   716   000FA2                     IPR2            equ	4002	;# 
   717   000FA6                     EECON1          equ	4006	;# 
   718   000FA7                     EECON2          equ	4007	;# 
   719   000FA8                     EEDATA          equ	4008	;# 
   720   000FA9                     EEADR           equ	4009	;# 
   721   000FAA                     EEADRH          equ	4010	;# 
   722   000FAB                     RCSTA           equ	4011	;# 
   723   000FAB                     RCSTA1          equ	4011	;# 
   724   000FAC                     TXSTA           equ	4012	;# 
   725   000FAC                     TXSTA1          equ	4012	;# 
   726   000FAD                     TXREG           equ	4013	;# 
   727   000FAD                     TXREG1          equ	4013	;# 
   728   000FAE                     RCREG           equ	4014	;# 
   729   000FAE                     RCREG1          equ	4014	;# 
   730   000FAF                     SPBRG           equ	4015	;# 
   731   000FAF                     SPBRG1          equ	4015	;# 
   732   000FB0                     SPBRGH          equ	4016	;# 
   733   000FB1                     T3CON           equ	4017	;# 
   734   000FB2                     TMR3            equ	4018	;# 
   735   000FB2                     TMR3L           equ	4018	;# 
   736   000FB3                     TMR3H           equ	4019	;# 
   737   000FB4                     CVRCON2         equ	4020	;# 
   738   000FB5                     CVRCON          equ	4021	;# 
   739   000FB6                     ECCP1AS         equ	4022	;# 
   740   000FB7                     PWM1CON         equ	4023	;# 
   741   000FB8                     BAUDCON         equ	4024	;# 
   742   000FB8                     BAUDCTL         equ	4024	;# 
   743   000FB9                     PSTRCON         equ	4025	;# 
   744   000FBA                     CCP2CON         equ	4026	;# 
   745   000FBB                     CCPR2           equ	4027	;# 
   746   000FBB                     CCPR2L          equ	4027	;# 
   747   000FBC                     CCPR2H          equ	4028	;# 
   748   000FBD                     CCP1CON         equ	4029	;# 
   749   000FBE                     CCPR1           equ	4030	;# 
   750   000FBE                     CCPR1L          equ	4030	;# 
   751   000FBF                     CCPR1H          equ	4031	;# 
   752   000FC0                     ADCON2          equ	4032	;# 
   753   000FC1                     ADCON1          equ	4033	;# 
   754   000FC2                     ADCON0          equ	4034	;# 
   755   000FC3                     ADRES           equ	4035	;# 
   756   000FC3                     ADRESL          equ	4035	;# 
   757   000FC4                     ADRESH          equ	4036	;# 
   758   000FC5                     SSPCON2         equ	4037	;# 
   759   000FC6                     SSPCON1         equ	4038	;# 
   760   000FC7                     SSPSTAT         equ	4039	;# 
   761   000FC8                     SSPADD          equ	4040	;# 
   762   000FC9                     SSPBUF          equ	4041	;# 
   763   000FCA                     T2CON           equ	4042	;# 
   764   000FCB                     PR2             equ	4043	;# 
   765   000FCB                     MEMCON          equ	4043	;# 
   766   000FCC                     TMR2            equ	4044	;# 
   767   000FCD                     T1CON           equ	4045	;# 
   768   000FCE                     TMR1            equ	4046	;# 
   769   000FCE                     TMR1L           equ	4046	;# 
   770   000FCF                     TMR1H           equ	4047	;# 
   771   000FD0                     RCON            equ	4048	;# 
   772   000FD1                     WDTCON          equ	4049	;# 
   773   000FD2                     HLVDCON         equ	4050	;# 
   774   000FD2                     LVDCON          equ	4050	;# 
   775   000FD3                     OSCCON          equ	4051	;# 
   776   000FD5                     T0CON           equ	4053	;# 
   777   000FD6                     TMR0            equ	4054	;# 
   778   000FD6                     TMR0L           equ	4054	;# 
   779   000FD7                     TMR0H           equ	4055	;# 
   780   000FD8                     STATUS          equ	4056	;# 
   781   000FD9                     FSR2            equ	4057	;# 
   782   000FD9                     FSR2L           equ	4057	;# 
   783   000FDA                     FSR2H           equ	4058	;# 
   784   000FDB                     PLUSW2          equ	4059	;# 
   785   000FDC                     PREINC2         equ	4060	;# 
   786   000FDD                     POSTDEC2        equ	4061	;# 
   787   000FDE                     POSTINC2        equ	4062	;# 
   788   000FDF                     INDF2           equ	4063	;# 
   789   000FE0                     BSR             equ	4064	;# 
   790   000FE1                     FSR1            equ	4065	;# 
   791   000FE1                     FSR1L           equ	4065	;# 
   792   000FE2                     FSR1H           equ	4066	;# 
   793   000FE3                     PLUSW1          equ	4067	;# 
   794   000FE4                     PREINC1         equ	4068	;# 
   795   000FE5                     POSTDEC1        equ	4069	;# 
   796   000FE6                     POSTINC1        equ	4070	;# 
   797   000FE7                     INDF1           equ	4071	;# 
   798   000FE8                     WREG            equ	4072	;# 
   799   000FE9                     FSR0            equ	4073	;# 
   800   000FE9                     FSR0L           equ	4073	;# 
   801   000FEA                     FSR0H           equ	4074	;# 
   802   000FEB                     PLUSW0          equ	4075	;# 
   803   000FEC                     PREINC0         equ	4076	;# 
   804   000FED                     POSTDEC0        equ	4077	;# 
   805   000FEE                     POSTINC0        equ	4078	;# 
   806   000FEF                     INDF0           equ	4079	;# 
   807   000FF0                     INTCON3         equ	4080	;# 
   808   000FF1                     INTCON2         equ	4081	;# 
   809   000FF2                     INTCON          equ	4082	;# 
   810   000FF3                     PROD            equ	4083	;# 
   811   000FF3                     PRODL           equ	4083	;# 
   812   000FF4                     PRODH           equ	4084	;# 
   813   000FF5                     TABLAT          equ	4085	;# 
   814   000FF6                     TBLPTR          equ	4086	;# 
   815   000FF6                     TBLPTRL         equ	4086	;# 
   816   000FF7                     TBLPTRH         equ	4087	;# 
   817   000FF8                     TBLPTRU         equ	4088	;# 
   818   000FF9                     PCLAT           equ	4089	;# 
   819   000FF9                     PC              equ	4089	;# 
   820   000FF9                     PCL             equ	4089	;# 
   821   000FFA                     PCLATH          equ	4090	;# 
   822   000FFB                     PCLATU          equ	4091	;# 
   823   000FFC                     STKPTR          equ	4092	;# 
   824   000FFD                     TOS             equ	4093	;# 
   825   000FFD                     TOSL            equ	4093	;# 
   826   000FFE                     TOSH            equ	4094	;# 
   827   000FFF                     TOSU            equ	4095	;# 
   828   000F77                     SSPMSK          equ	3959	;# 
   829   000F78                     SLRCON          equ	3960	;# 
   830   000F79                     CM2CON1         equ	3961	;# 
   831   000F7A                     CM2CON0         equ	3962	;# 
   832   000F7B                     CM1CON0         equ	3963	;# 
   833   000F7C                     WPUB            equ	3964	;# 
   834   000F7D                     IOCB            equ	3965	;# 
   835   000F7E                     ANSEL           equ	3966	;# 
   836   000F7F                     ANSELH          equ	3967	;# 
   837   000F80                     PORTA           equ	3968	;# 
   838   000F81                     PORTB           equ	3969	;# 
   839   000F82                     PORTC           equ	3970	;# 
   840   000F83                     PORTD           equ	3971	;# 
   841   000F84                     PORTE           equ	3972	;# 
   842   000F89                     LATA            equ	3977	;# 
   843   000F8A                     LATB            equ	3978	;# 
   844   000F8B                     LATC            equ	3979	;# 
   845   000F8C                     LATD            equ	3980	;# 
   846   000F8D                     LATE            equ	3981	;# 
   847   000F92                     TRISA           equ	3986	;# 
   848   000F92                     DDRA            equ	3986	;# 
   849   000F93                     TRISB           equ	3987	;# 
   850   000F93                     DDRB            equ	3987	;# 
   851   000F94                     TRISC           equ	3988	;# 
   852   000F94                     DDRC            equ	3988	;# 
   853   000F95                     TRISD           equ	3989	;# 
   854   000F95                     DDRD            equ	3989	;# 
   855   000F96                     TRISE           equ	3990	;# 
   856   000F96                     DDRE            equ	3990	;# 
   857   000F9B                     OSCTUNE         equ	3995	;# 
   858   000F9D                     PIE1            equ	3997	;# 
   859   000F9E                     PIR1            equ	3998	;# 
   860   000F9F                     IPR1            equ	3999	;# 
   861   000FA0                     PIE2            equ	4000	;# 
   862   000FA1                     PIR2            equ	4001	;# 
   863   000FA2                     IPR2            equ	4002	;# 
   864   000FA6                     EECON1          equ	4006	;# 
   865   000FA7                     EECON2          equ	4007	;# 
   866   000FA8                     EEDATA          equ	4008	;# 
   867   000FA9                     EEADR           equ	4009	;# 
   868   000FAA                     EEADRH          equ	4010	;# 
   869   000FAB                     RCSTA           equ	4011	;# 
   870   000FAB                     RCSTA1          equ	4011	;# 
   871   000FAC                     TXSTA           equ	4012	;# 
   872   000FAC                     TXSTA1          equ	4012	;# 
   873   000FAD                     TXREG           equ	4013	;# 
   874   000FAD                     TXREG1          equ	4013	;# 
   875   000FAE                     RCREG           equ	4014	;# 
   876   000FAE                     RCREG1          equ	4014	;# 
   877   000FAF                     SPBRG           equ	4015	;# 
   878   000FAF                     SPBRG1          equ	4015	;# 
   879   000FB0                     SPBRGH          equ	4016	;# 
   880   000FB1                     T3CON           equ	4017	;# 
   881   000FB2                     TMR3            equ	4018	;# 
   882   000FB2                     TMR3L           equ	4018	;# 
   883   000FB3                     TMR3H           equ	4019	;# 
   884   000FB4                     CVRCON2         equ	4020	;# 
   885   000FB5                     CVRCON          equ	4021	;# 
   886   000FB6                     ECCP1AS         equ	4022	;# 
   887   000FB7                     PWM1CON         equ	4023	;# 
   888   000FB8                     BAUDCON         equ	4024	;# 
   889   000FB8                     BAUDCTL         equ	4024	;# 
   890   000FB9                     PSTRCON         equ	4025	;# 
   891   000FBA                     CCP2CON         equ	4026	;# 
   892   000FBB                     CCPR2           equ	4027	;# 
   893   000FBB                     CCPR2L          equ	4027	;# 
   894   000FBC                     CCPR2H          equ	4028	;# 
   895   000FBD                     CCP1CON         equ	4029	;# 
   896   000FBE                     CCPR1           equ	4030	;# 
   897   000FBE                     CCPR1L          equ	4030	;# 
   898   000FBF                     CCPR1H          equ	4031	;# 
   899   000FC0                     ADCON2          equ	4032	;# 
   900   000FC1                     ADCON1          equ	4033	;# 
   901   000FC2                     ADCON0          equ	4034	;# 
   902   000FC3                     ADRES           equ	4035	;# 
   903   000FC3                     ADRESL          equ	4035	;# 
   904   000FC4                     ADRESH          equ	4036	;# 
   905   000FC5                     SSPCON2         equ	4037	;# 
   906   000FC6                     SSPCON1         equ	4038	;# 
   907   000FC7                     SSPSTAT         equ	4039	;# 
   908   000FC8                     SSPADD          equ	4040	;# 
   909   000FC9                     SSPBUF          equ	4041	;# 
   910   000FCA                     T2CON           equ	4042	;# 
   911   000FCB                     PR2             equ	4043	;# 
   912   000FCB                     MEMCON          equ	4043	;# 
   913   000FCC                     TMR2            equ	4044	;# 
   914   000FCD                     T1CON           equ	4045	;# 
   915   000FCE                     TMR1            equ	4046	;# 
   916   000FCE                     TMR1L           equ	4046	;# 
   917   000FCF                     TMR1H           equ	4047	;# 
   918   000FD0                     RCON            equ	4048	;# 
   919   000FD1                     WDTCON          equ	4049	;# 
   920   000FD2                     HLVDCON         equ	4050	;# 
   921   000FD2                     LVDCON          equ	4050	;# 
   922   000FD3                     OSCCON          equ	4051	;# 
   923   000FD5                     T0CON           equ	4053	;# 
   924   000FD6                     TMR0            equ	4054	;# 
   925   000FD6                     TMR0L           equ	4054	;# 
   926   000FD7                     TMR0H           equ	4055	;# 
   927   000FD8                     STATUS          equ	4056	;# 
   928   000FD9                     FSR2            equ	4057	;# 
   929   000FD9                     FSR2L           equ	4057	;# 
   930   000FDA                     FSR2H           equ	4058	;# 
   931   000FDB                     PLUSW2          equ	4059	;# 
   932   000FDC                     PREINC2         equ	4060	;# 
   933   000FDD                     POSTDEC2        equ	4061	;# 
   934   000FDE                     POSTINC2        equ	4062	;# 
   935   000FDF                     INDF2           equ	4063	;# 
   936   000FE0                     BSR             equ	4064	;# 
   937   000FE1                     FSR1            equ	4065	;# 
   938   000FE1                     FSR1L           equ	4065	;# 
   939   000FE2                     FSR1H           equ	4066	;# 
   940   000FE3                     PLUSW1          equ	4067	;# 
   941   000FE4                     PREINC1         equ	4068	;# 
   942   000FE5                     POSTDEC1        equ	4069	;# 
   943   000FE6                     POSTINC1        equ	4070	;# 
   944   000FE7                     INDF1           equ	4071	;# 
   945   000FE8                     WREG            equ	4072	;# 
   946   000FE9                     FSR0            equ	4073	;# 
   947   000FE9                     FSR0L           equ	4073	;# 
   948   000FEA                     FSR0H           equ	4074	;# 
   949   000FEB                     PLUSW0          equ	4075	;# 
   950   000FEC                     PREINC0         equ	4076	;# 
   951   000FED                     POSTDEC0        equ	4077	;# 
   952   000FEE                     POSTINC0        equ	4078	;# 
   953   000FEF                     INDF0           equ	4079	;# 
   954   000FF0                     INTCON3         equ	4080	;# 
   955   000FF1                     INTCON2         equ	4081	;# 
   956   000FF2                     INTCON          equ	4082	;# 
   957   000FF3                     PROD            equ	4083	;# 
   958   000FF3                     PRODL           equ	4083	;# 
   959   000FF4                     PRODH           equ	4084	;# 
   960   000FF5                     TABLAT          equ	4085	;# 
   961   000FF6                     TBLPTR          equ	4086	;# 
   962   000FF6                     TBLPTRL         equ	4086	;# 
   963   000FF7                     TBLPTRH         equ	4087	;# 
   964   000FF8                     TBLPTRU         equ	4088	;# 
   965   000FF9                     PCLAT           equ	4089	;# 
   966   000FF9                     PC              equ	4089	;# 
   967   000FF9                     PCL             equ	4089	;# 
   968   000FFA                     PCLATH          equ	4090	;# 
   969   000FFB                     PCLATU          equ	4091	;# 
   970   000FFC                     STKPTR          equ	4092	;# 
   971   000FFD                     TOS             equ	4093	;# 
   972   000FFD                     TOSL            equ	4093	;# 
   973   000FFE                     TOSH            equ	4094	;# 
   974   000FFF                     TOSU            equ	4095	;# 
   975                           
   976 ;; Function _I2C1_Deinitialize is unused but had its address taken
   977   000000                     _I2C1_Deinitialize equ	0
   978                           
   979 ;; Function _I2C1_WriteByte is unused but had its address taken
   980   000000                     _I2C1_WriteByte equ	0
   981                           
   982 ;; Function _I2C1_ErrorGet is unused but had its address taken
   983   000000                     _I2C1_ErrorGet  equ	0
   984                           
   985 ;; Function _I2C1_TransferDirGet is unused but had its address taken
   986   000000                     _I2C1_TransferDirGet equ	0
   987                           
   988 ;; Function _I2C1_LastByteAckStatusGet is unused but had its address taken
   989   000000                     _I2C1_LastByteAckStatusGet equ	0
   990                           
   991 ;; Function _INT0_DefaultInterruptHandler is unused but had its address taken
   992   000000                     _INT0_DefaultInterruptHandler equ	0
   993                           
   994 ;; Function _INT1_DefaultInterruptHandler is unused but had its address taken
   995   000000                     _INT1_DefaultInterruptHandler equ	0
   996                           
   997 ;; Function _INT2_DefaultInterruptHandler is unused but had its address taken
   998   000000                     _INT2_DefaultInterruptHandler equ	0
   999                           
  1000                           	psect	smallconst
  1001   001000                     __psmallconst:
  1002                           	callstack 0
  1003   001000  00                 	db	0
  1004   001001                     _I2C1_Client:
  1005                           	callstack 0
  1006   001001  A4                 	db	low _I2C1_Initialize
  1007   001002  12                 	db	high _I2C1_Initialize
  1008   001003  00                 	db	0
  1009   001004  00                 	db	0
  1010   001005  00                 	db	0
  1011   001006  00                 	db	0
  1012   001007  3E                 	db	low _I2C1_ReadByte
  1013   001008  13                 	db	high _I2C1_ReadByte
  1014   001009  00                 	db	0
  1015   00100A  00                 	db	0
  1016   00100B  00                 	db	0
  1017   00100C  00                 	db	0
  1018   00100D  00                 	db	0
  1019   00100E  00                 	db	0
  1020   00100F  C8                 	db	low _I2C1_CallbackRegister
  1021   001010  12                 	db	high _I2C1_CallbackRegister
  1022   001011  00                 	db	0
  1023   001012  00                 	db	0
  1024   001013                     __end_of_I2C1_Client:
  1025                           	callstack 0
  1026   001013  00                 	db	0	; dummy byte at the end
  1027   001000                     __smallconst    set	__psmallconst
  1028   001000                     __mediumconst   set	__psmallconst
  1029   000003                     __activetblptr  equ	3
  1030                           
  1031                           	psect	nvCOMRAM
  1032   000002                     __pnvCOMRAM:
  1033                           	callstack 0
  1034   000002                     _INT2_InterruptHandler:
  1035                           	callstack 0
  1036   000002                     	ds	2
  1037   000004                     _INT1_InterruptHandler:
  1038                           	callstack 0
  1039   000004                     	ds	2
  1040   000006                     _INT0_InterruptHandler:
  1041                           	callstack 0
  1042   000006                     	ds	2
  1043   000F8B                     _LATCbits       set	3979
  1044   000F7D                     _IOCB           set	3965
  1045   000F7C                     _WPUB           set	3964
  1046   000F7F                     _ANSELH         set	3967
  1047   000F96                     _TRISE          set	3990
  1048   000F95                     _TRISD          set	3989
  1049   000F94                     _TRISC          set	3988
  1050   000F93                     _TRISB          set	3987
  1051   000F92                     _TRISA          set	3986
  1052   000F8D                     _LATE           set	3981
  1053   000F8C                     _LATD           set	3980
  1054   000F8B                     _LATC           set	3979
  1055   000F8A                     _LATB           set	3978
  1056   000F89                     _LATA           set	3977
  1057   000F9B                     _OSCTUNE        set	3995
  1058   000FD3                     _OSCCON         set	4051
  1059   000FF0                     _INTCON3bits    set	4080
  1060   000FF1                     _INTCON2bits    set	4081
  1061   000FF2                     _INTCONbits     set	4082
  1062   000FD0                     _RCONbits       set	4048
  1063   000FA1                     _PIR2bits       set	4001
  1064   000F9E                     _PIR1bits       set	3998
  1065   000FC5                     _SSPCON2bits    set	4037
  1066   000FC7                     _SSPSTATbits    set	4039
  1067   000FC9                     _SSPBUF         set	4041
  1068   000FC6                     _SSPCON1bits    set	4038
  1069   000FA0                     _PIE2bits       set	4000
  1070   000F9D                     _PIE1bits       set	3997
  1071   000F77                     _SSPMSK         set	3959
  1072   000FC8                     _SSPADD         set	4040
  1073   000FC5                     _SSPCON2        set	4037
  1074   000FC6                     _SSPCON1        set	4038
  1075   000FC7                     _SSPSTAT        set	4039
  1076                           
  1077                           ; #config settings
  1078                           
  1079                           	psect	cinit
  1080   0012E4                     __pcinit:
  1081                           	callstack 0
  1082   0012E4                     start_initialization:
  1083                           	callstack 0
  1084   0012E4                     __initialization:
  1085                           	callstack 0
  1086                           
  1087                           ; Clear objects allocated to COMRAM (6 bytes)
  1088   0012E4  6A0D               	clrf	(__pbssCOMRAM+5)& (0+255),c
  1089   0012E6  6A0C               	clrf	(__pbssCOMRAM+4)& (0+255),c
  1090   0012E8  6A0B               	clrf	(__pbssCOMRAM+3)& (0+255),c
  1091   0012EA  6A0A               	clrf	(__pbssCOMRAM+2)& (0+255),c
  1092   0012EC  6A09               	clrf	(__pbssCOMRAM+1)& (0+255),c
  1093   0012EE  6A08               	clrf	__pbssCOMRAM& (0+255),c
  1094   0012F0                     end_of_initialization:
  1095                           	callstack 0
  1096   0012F0                     __end_of__initialization:
  1097                           	callstack 0
  1098   0012F0  9001               	bcf	int$flags,0,c	;clear compiler interrupt flag (level 1)
  1099   0012F2  9201               	bcf	int$flags,1,c	;clear compiler interrupt flag (level 2)
  1100   0012F4  0100               	movlb	0
  1101   0012F6  EFE5  F008         	goto	_main	;jump to C main() function
  1102                           
  1103                           	psect	bssCOMRAM
  1104   000008                     __pbssCOMRAM:
  1105                           	callstack 0
  1106   000008                     _I2C1_InterruptHandler:
  1107                           	callstack 0
  1108   000008                     	ds	2
  1109   00000A                     _i2c1Addr:
  1110                           	callstack 0
  1111   00000A                     	ds	2
  1112   00000C                     _Recieved_TEMP:
  1113                           	callstack 0
  1114   00000C                     	ds	1
  1115   00000D                     _i2c1ErrorState:
  1116                           	callstack 0
  1117   00000D                     	ds	1
  1118                           
  1119                           	psect	cstackCOMRAM
  1120   00000E                     __pcstackCOMRAM:
  1121                           	callstack 0
  1122   00000E                     Custom_I2c_Interrupt_Handler@event:
  1123                           	callstack 0
  1124   00000E                     
  1125                           ; 1 bytes @ 0x0
  1126   00000E                     	ds	1
  1127   00000F                     ??_I2C1_EventHandler:
  1128   00000F                     
  1129                           ; 1 bytes @ 0x1
  1130   00000F                     	ds	1
  1131   000010                     ??_INTERRUPT_InterruptManager:
  1132                           
  1133                           ; 1 bytes @ 0x2
  1134   000010                     	ds	2
  1135   000012                     I2C1_CallbackRegister@callback:
  1136                           	callstack 0
  1137   000012                     INT0_SetInterruptHandler@InterruptHandler:
  1138                           	callstack 0
  1139   000012                     INT1_SetInterruptHandler@InterruptHandler:
  1140                           	callstack 0
  1141   000012                     INT2_SetInterruptHandler@InterruptHandler:
  1142                           	callstack 0
  1143   000012                     
  1144                           ; 1 bytes @ 0x4
  1145   000012                     	ds	2
  1146   000014                     
  1147                           ; 1 bytes @ 0x6
  1148 ;;
  1149 ;;Main: autosize = 0, tempsize = 0, incstack = 0, save=0
  1150 ;;
  1151 ;; *************** function _main *****************
  1152 ;; Defined at:
  1153 ;;		line 58 in file "main.c"
  1154 ;; Parameters:    Size  Location     Type
  1155 ;;		None
  1156 ;; Auto vars:     Size  Location     Type
  1157 ;;		None
  1158 ;; Return value:  Size  Location     Type
  1159 ;;                  2  287[None  ] int 
  1160 ;; Registers used:
  1161 ;;		wreg, status,2, status,0, cstack
  1162 ;; Tracked objects:
  1163 ;;		On entry : 0/0
  1164 ;;		On exit  : 0/0
  1165 ;;		Unchanged: 0/0
  1166 ;; Data sizes:     COMRAM   BANK0   BANK1   BANK2   BANK3   BANK4   BANK5   BANK6   BANK7   BANK8   BANK9  BANK10  BANK1
      +1  BANK12  BANK13  BANK14  BANK15
  1167 ;;      Params:         0       0       0       0       0       0       0       0       0       0       0       0       
      +0       0       0       0       0
  1168 ;;      Locals:         0       0       0       0       0       0       0       0       0       0       0       0       
      +0       0       0       0       0
  1169 ;;      Temps:          0       0       0       0       0       0       0       0       0       0       0       0       
      +0       0       0       0       0
  1170 ;;      Totals:         0       0       0       0       0       0       0       0       0       0       0       0       
      +0       0       0       0       0
  1171 ;;Total ram usage:        0 bytes
  1172 ;; Hardware stack levels required when called: 8
  1173 ;; This function calls:
  1174 ;;		_I2C1_CallbackRegister
  1175 ;;		_SYSTEM_Initialize
  1176 ;; This function is called by:
  1177 ;;		Startup code after reset
  1178 ;; This function uses a non-reentrant model
  1179 ;;
  1180                           
  1181                           	psect	text0
  1182   0011CA                     __ptext0:
  1183                           	callstack 0
  1184   0011CA                     _main:
  1185                           	callstack 23
  1186   0011CA                     
  1187                           ;main.c: 61:     SYSTEM_Initialize();
  1188   0011CA  EC7D  F009         	call	_SYSTEM_Initialize	;wreg free
  1189                           
  1190                           ;main.c: 62:     I2C1_CallbackRegister(Custom_I2c_Interrupt_Handler);
  1191   0011CE  0E14               	movlw	low _Custom_I2c_Interrupt_Handler
  1192   0011D0  6E12               	movwf	I2C1_CallbackRegister@callback^0,c
  1193   0011D2  0E12               	movlw	high _Custom_I2c_Interrupt_Handler
  1194   0011D4  6E13               	movwf	(I2C1_CallbackRegister@callback+1)^0,c
  1195   0011D6  EC64  F009         	call	_I2C1_CallbackRegister	;wreg free
  1196   0011DA                     
  1197                           ;main.c: 63:     SSPCON1bits.CKP = 1;
  1198   0011DA  88C6               	bsf	198,4,c	;volatile
  1199   0011DC                     
  1200                           ;main.c: 69:     (INTCONbits.GIE = 1);
  1201   0011DC  8EF2               	bsf	242,7,c	;volatile
  1202   0011DE                     
  1203                           ;main.c: 75:     (INTCONbits.PEIE = 1);
  1204   0011DE  8CF2               	bsf	242,6,c	;volatile
  1205   0011E0                     l1417:
  1206                           
  1207                           ;main.c: 82:     {;main.c: 83:         if(Recieved_TEMP > 35){
  1208   0011E0  0E23               	movlw	35
  1209   0011E2  640C               	cpfsgt	_Recieved_TEMP^0,c	;volatile
  1210   0011E4  EFF6  F008         	goto	u611
  1211   0011E8  EFF8  F008         	goto	u610
  1212   0011EC                     u611:
  1213   0011EC  EFFC  F008         	goto	l1419
  1214   0011F0                     u610:
  1215   0011F0  808B               	bsf	139,0,c	;volatile
  1216   0011F2  928B               	bcf	139,1,c	;volatile
  1217   0011F4  EFF0  F008         	goto	l1417
  1218   0011F8                     l1419:
  1219   0011F8  0E23               	movlw	35
  1220   0011FA  600C               	cpfslt	_Recieved_TEMP^0,c	;volatile
  1221   0011FC  EF02  F009         	goto	u621
  1222   001200  EF04  F009         	goto	u620
  1223   001204                     u621:
  1224   001204  EFF0  F008         	goto	l1417
  1225   001208                     u620:
  1226   001208  908B               	bcf	139,0,c	;volatile
  1227   00120A  928B               	bcf	139,1,c	;volatile
  1228   00120C  EFF0  F008         	goto	l1417
  1229   001210  EF38  F000         	goto	start
  1230   001214                     __end_of_main:
  1231                           	callstack 0
  1232                           
  1233 ;; *************** function _SYSTEM_Initialize *****************
  1234 ;; Defined at:
  1235 ;;		line 39 in file "mcc_generated_files/system/src/system.c"
  1236 ;; Parameters:    Size  Location     Type
  1237 ;;		None
  1238 ;; Auto vars:     Size  Location     Type
  1239 ;;		None
  1240 ;; Return value:  Size  Location     Type
  1241 ;;                  1    wreg      void 
  1242 ;; Registers used:
  1243 ;;		wreg, status,2, status,0, cstack
  1244 ;; Tracked objects:
  1245 ;;		On entry : 0/0
  1246 ;;		On exit  : 0/0
  1247 ;;		Unchanged: 0/0
  1248 ;; Data sizes:     COMRAM   BANK0   BANK1   BANK2   BANK3   BANK4   BANK5   BANK6   BANK7   BANK8   BANK9  BANK10  BANK1
      +1  BANK12  BANK13  BANK14  BANK15
  1249 ;;      Params:         0       0       0       0       0       0       0       0       0       0       0       0       
      +0       0       0       0       0
  1250 ;;      Locals:         0       0       0       0       0       0       0       0       0       0       0       0       
      +0       0       0       0       0
  1251 ;;      Temps:          0       0       0       0       0       0       0       0       0       0       0       0       
      +0       0       0       0       0
  1252 ;;      Totals:         0       0       0       0       0       0       0       0       0       0       0       0       
      +0       0       0       0       0
  1253 ;;Total ram usage:        0 bytes
  1254 ;; Hardware stack levels used: 1
  1255 ;; Hardware stack levels required when called: 7
  1256 ;; This function calls:
  1257 ;;		_CLOCK_Initialize
  1258 ;;		_I2C1_Initialize
  1259 ;;		_INTERRUPT_Initialize
  1260 ;;		_PIN_MANAGER_Initialize
  1261 ;; This function is called by:
  1262 ;;		_main
  1263 ;; This function uses a non-reentrant model
  1264 ;;
  1265                           
  1266                           	psect	text1
  1267   0012FA                     __ptext1:
  1268                           	callstack 0
  1269   0012FA                     _SYSTEM_Initialize:
  1270                           	callstack 23
  1271   0012FA                     
  1272                           ;mcc_generated_files/system/src/system.c: 41:     CLOCK_Initialize();
  1273   0012FA  EC95  F009         	call	_CLOCK_Initialize	;wreg free
  1274                           
  1275                           ;mcc_generated_files/system/src/system.c: 42:     PIN_MANAGER_Initialize();
  1276   0012FE  EC3F  F009         	call	_PIN_MANAGER_Initialize	;wreg free
  1277   001302                     
  1278                           ;mcc_generated_files/system/src/system.c: 43:     I2C1_Initialize();
  1279   001302  EC52  F009         	call	_I2C1_Initialize	;wreg free
  1280   001306                     
  1281                           ;mcc_generated_files/system/src/system.c: 44:     INTERRUPT_Initialize();
  1282   001306  EC25  F009         	call	_INTERRUPT_Initialize	;wreg free
  1283   00130A  0012               	return		;funcret
  1284   00130C                     __end_of_SYSTEM_Initialize:
  1285                           	callstack 0
  1286                           
  1287 ;; *************** function _PIN_MANAGER_Initialize *****************
  1288 ;; Defined at:
  1289 ;;		line 38 in file "mcc_generated_files/system/src/pins.c"
  1290 ;; Parameters:    Size  Location     Type
  1291 ;;		None
  1292 ;; Auto vars:     Size  Location     Type
  1293 ;;		None
  1294 ;; Return value:  Size  Location     Type
  1295 ;;                  1    wreg      void 
  1296 ;; Registers used:
  1297 ;;		wreg, status,2
  1298 ;; Tracked objects:
  1299 ;;		On entry : 0/0
  1300 ;;		On exit  : 0/0
  1301 ;;		Unchanged: 0/0
  1302 ;; Data sizes:     COMRAM   BANK0   BANK1   BANK2   BANK3   BANK4   BANK5   BANK6   BANK7   BANK8   BANK9  BANK10  BANK1
      +1  BANK12  BANK13  BANK14  BANK15
  1303 ;;      Params:         0       0       0       0       0       0       0       0       0       0       0       0       
      +0       0       0       0       0
  1304 ;;      Locals:         0       0       0       0       0       0       0       0       0       0       0       0       
      +0       0       0       0       0
  1305 ;;      Temps:          0       0       0       0       0       0       0       0       0       0       0       0       
      +0       0       0       0       0
  1306 ;;      Totals:         0       0       0       0       0       0       0       0       0       0       0       0       
      +0       0       0       0       0
  1307 ;;Total ram usage:        0 bytes
  1308 ;; Hardware stack levels used: 1
  1309 ;; Hardware stack levels required when called: 5
  1310 ;; This function calls:
  1311 ;;		Nothing
  1312 ;; This function is called by:
  1313 ;;		_SYSTEM_Initialize
  1314 ;; This function uses a non-reentrant model
  1315 ;;
  1316                           
  1317                           	psect	text2
  1318   00127E                     __ptext2:
  1319                           	callstack 0
  1320   00127E                     _PIN_MANAGER_Initialize:
  1321                           	callstack 24
  1322   00127E                     
  1323                           ;mcc_generated_files/system/src/pins.c: 43:     LATA = 0x0;
  1324   00127E  6A89               	clrf	137,c	;volatile
  1325                           
  1326                           ;mcc_generated_files/system/src/pins.c: 44:     LATB = 0x0;
  1327   001280  6A8A               	clrf	138,c	;volatile
  1328   001282                     
  1329                           ;mcc_generated_files/system/src/pins.c: 45:     LATC = 0x18;
  1330   001282  0E18               	movlw	24
  1331   001284  6E8B               	movwf	139,c	;volatile
  1332   001286                     
  1333                           ;mcc_generated_files/system/src/pins.c: 46:     LATD = 0x0;
  1334   001286  6A8C               	clrf	140,c	;volatile
  1335   001288                     
  1336                           ;mcc_generated_files/system/src/pins.c: 47:     LATE = 0x0;
  1337   001288  6A8D               	clrf	141,c	;volatile
  1338   00128A                     
  1339                           ;mcc_generated_files/system/src/pins.c: 55:     TRISA = 0xFF;
  1340   00128A  6892               	setf	146,c	;volatile
  1341   00128C                     
  1342                           ;mcc_generated_files/system/src/pins.c: 56:     TRISB = 0xFF;
  1343   00128C  6893               	setf	147,c	;volatile
  1344                           
  1345                           ;mcc_generated_files/system/src/pins.c: 57:     TRISC = 0xFC;
  1346   00128E  0EFC               	movlw	252
  1347   001290  6E94               	movwf	148,c	;volatile
  1348   001292                     
  1349                           ;mcc_generated_files/system/src/pins.c: 58:     TRISD = 0xFF;
  1350   001292  6895               	setf	149,c	;volatile
  1351                           
  1352                           ;mcc_generated_files/system/src/pins.c: 59:     TRISE = 0x7;
  1353   001294  0E07               	movlw	7
  1354   001296  6E96               	movwf	150,c	;volatile
  1355                           
  1356                           ;mcc_generated_files/system/src/pins.c: 64:     ANSELH = 0x1F;
  1357   001298  0E1F               	movlw	31
  1358   00129A  6E7F               	movwf	127,c	;volatile
  1359   00129C                     
  1360                           ;mcc_generated_files/system/src/pins.c: 69:     WPUB = 0xFF;
  1361   00129C  687C               	setf	124,c	;volatile
  1362   00129E                     
  1363                           ;mcc_generated_files/system/src/pins.c: 90:     IOCB = 0x0;
  1364   00129E  6A7D               	clrf	125,c	;volatile
  1365   0012A0                     
  1366                           ;mcc_generated_files/system/src/pins.c: 94:     INTCONbits.RBIE = 1;
  1367   0012A0  86F2               	bsf	242,3,c	;volatile
  1368   0012A2  0012               	return		;funcret
  1369   0012A4                     __end_of_PIN_MANAGER_Initialize:
  1370                           	callstack 0
  1371                           
  1372 ;; *************** function _INTERRUPT_Initialize *****************
  1373 ;; Defined at:
  1374 ;;		line 42 in file "mcc_generated_files/system/src/interrupt.c"
  1375 ;; Parameters:    Size  Location     Type
  1376 ;;		None
  1377 ;; Auto vars:     Size  Location     Type
  1378 ;;		None
  1379 ;; Return value:  Size  Location     Type
  1380 ;;                  1    wreg      void 
  1381 ;; Registers used:
  1382 ;;		wreg, status,2, status,0, cstack
  1383 ;; Tracked objects:
  1384 ;;		On entry : 0/0
  1385 ;;		On exit  : 0/0
  1386 ;;		Unchanged: 0/0
  1387 ;; Data sizes:     COMRAM   BANK0   BANK1   BANK2   BANK3   BANK4   BANK5   BANK6   BANK7   BANK8   BANK9  BANK10  BANK1
      +1  BANK12  BANK13  BANK14  BANK15
  1388 ;;      Params:         0       0       0       0       0       0       0       0       0       0       0       0       
      +0       0       0       0       0
  1389 ;;      Locals:         0       0       0       0       0       0       0       0       0       0       0       0       
      +0       0       0       0       0
  1390 ;;      Temps:          0       0       0       0       0       0       0       0       0       0       0       0       
      +0       0       0       0       0
  1391 ;;      Totals:         0       0       0       0       0       0       0       0       0       0       0       0       
      +0       0       0       0       0
  1392 ;;Total ram usage:        0 bytes
  1393 ;; Hardware stack levels used: 1
  1394 ;; Hardware stack levels required when called: 6
  1395 ;; This function calls:
  1396 ;;		_INT0_SetInterruptHandler
  1397 ;;		_INT1_SetInterruptHandler
  1398 ;;		_INT2_SetInterruptHandler
  1399 ;; This function is called by:
  1400 ;;		_SYSTEM_Initialize
  1401 ;; This function uses a non-reentrant model
  1402 ;;
  1403                           
  1404                           	psect	text3
  1405   00124A                     __ptext3:
  1406                           	callstack 0
  1407   00124A                     _INTERRUPT_Initialize:
  1408                           	callstack 23
  1409   00124A                     
  1410                           ;mcc_generated_files/system/src/interrupt.c: 45:     RCONbits.IPEN = 0;
  1411   00124A  9ED0               	bcf	208,7,c	;volatile
  1412                           
  1413                           ;mcc_generated_files/system/src/interrupt.c: 49:     (INTCONbits.INT0IF = 0);
  1414   00124C  92F2               	bcf	242,1,c	;volatile
  1415                           
  1416                           ;mcc_generated_files/system/src/interrupt.c: 50:     (INTCON2bits.INTEDG0 = 1);
  1417   00124E  8CF1               	bsf	241,6,c	;volatile
  1418   001250                     
  1419                           ;mcc_generated_files/system/src/interrupt.c: 52:     INT0_SetInterruptHandler(INT0_Defau
      +                          ltInterruptHandler);
  1420   001250  0E00               	movlw	0
  1421   001252  6E12               	movwf	INT0_SetInterruptHandler@InterruptHandler^0,c
  1422   001254  0E00               	movlw	0
  1423   001256  6E13               	movwf	(INT0_SetInterruptHandler@InterruptHandler+1)^0,c
  1424   001258  EC90  F009         	call	_INT0_SetInterruptHandler	;wreg free
  1425   00125C                     
  1426                           ;mcc_generated_files/system/src/interrupt.c: 57:     (INTCON3bits.INT1IF = 0);
  1427   00125C  90F0               	bcf	240,0,c	;volatile
  1428   00125E                     
  1429                           ;mcc_generated_files/system/src/interrupt.c: 58:     (INTCON2bits.INTEDG1 = 1);
  1430   00125E  8AF1               	bsf	241,5,c	;volatile
  1431                           
  1432                           ;mcc_generated_files/system/src/interrupt.c: 60:     INT1_SetInterruptHandler(INT1_Defau
      +                          ltInterruptHandler);
  1433   001260  0E00               	movlw	0
  1434   001262  6E12               	movwf	INT1_SetInterruptHandler@InterruptHandler^0,c
  1435   001264  0E00               	movlw	0
  1436   001266  6E13               	movwf	(INT1_SetInterruptHandler@InterruptHandler+1)^0,c
  1437   001268  EC8B  F009         	call	_INT1_SetInterruptHandler	;wreg free
  1438   00126C                     
  1439                           ;mcc_generated_files/system/src/interrupt.c: 65:     (INTCON3bits.INT2IF = 0);
  1440   00126C  92F0               	bcf	240,1,c	;volatile
  1441   00126E                     
  1442                           ;mcc_generated_files/system/src/interrupt.c: 66:     (INTCON2bits.INTEDG2 = 1);
  1443   00126E  88F1               	bsf	241,4,c	;volatile
  1444                           
  1445                           ;mcc_generated_files/system/src/interrupt.c: 68:     INT2_SetInterruptHandler(INT2_Defau
      +                          ltInterruptHandler);
  1446   001270  0E00               	movlw	0
  1447   001272  6E12               	movwf	INT2_SetInterruptHandler@InterruptHandler^0,c
  1448   001274  0E00               	movlw	0
  1449   001276  6E13               	movwf	(INT2_SetInterruptHandler@InterruptHandler+1)^0,c
  1450   001278  EC86  F009         	call	_INT2_SetInterruptHandler	;wreg free
  1451   00127C  0012               	return		;funcret
  1452   00127E                     __end_of_INTERRUPT_Initialize:
  1453                           	callstack 0
  1454                           
  1455 ;; *************** function _INT2_SetInterruptHandler *****************
  1456 ;; Defined at:
  1457 ;;		line 174 in file "mcc_generated_files/system/src/interrupt.c"
  1458 ;; Parameters:    Size  Location     Type
  1459 ;;  InterruptHan    2    4[COMRAM] PTR FTN()void 
  1460 ;;		 -> INT2_DefaultInterruptHandler(1), 
  1461 ;; Auto vars:     Size  Location     Type
  1462 ;;		None
  1463 ;; Return value:  Size  Location     Type
  1464 ;;                  1    wreg      void 
  1465 ;; Registers used:
  1466 ;;		wreg, status,2, status,0
  1467 ;; Tracked objects:
  1468 ;;		On entry : 0/0
  1469 ;;		On exit  : 0/0
  1470 ;;		Unchanged: 0/0
  1471 ;; Data sizes:     COMRAM   BANK0   BANK1   BANK2   BANK3   BANK4   BANK5   BANK6   BANK7   BANK8   BANK9  BANK10  BANK1
      +1  BANK12  BANK13  BANK14  BANK15
  1472 ;;      Params:         2       0       0       0       0       0       0       0       0       0       0       0       
      +0       0       0       0       0
  1473 ;;      Locals:         0       0       0       0       0       0       0       0       0       0       0       0       
      +0       0       0       0       0
  1474 ;;      Temps:          0       0       0       0       0       0       0       0       0       0       0       0       
      +0       0       0       0       0
  1475 ;;      Totals:         2       0       0       0       0       0       0       0       0       0       0       0       
      +0       0       0       0       0
  1476 ;;Total ram usage:        2 bytes
  1477 ;; Hardware stack levels used: 1
  1478 ;; Hardware stack levels required when called: 5
  1479 ;; This function calls:
  1480 ;;		Nothing
  1481 ;; This function is called by:
  1482 ;;		_INTERRUPT_Initialize
  1483 ;; This function uses a non-reentrant model
  1484 ;;
  1485                           
  1486                           	psect	text4
  1487   00130C                     __ptext4:
  1488                           	callstack 0
  1489   00130C                     _INT2_SetInterruptHandler:
  1490                           	callstack 23
  1491   00130C                     
  1492                           ;mcc_generated_files/system/src/interrupt.c: 175:     INT2_InterruptHandler = InterruptH
      +                          andler;
  1493   00130C  C012  F002         	movff	INT2_SetInterruptHandler@InterruptHandler,_INT2_InterruptHandler
  1494   001310  C013  F003         	movff	INT2_SetInterruptHandler@InterruptHandler+1,_INT2_InterruptHandler+1
  1495   001314  0012               	return		;funcret
  1496   001316                     __end_of_INT2_SetInterruptHandler:
  1497                           	callstack 0
  1498                           
  1499 ;; *************** function _INT1_SetInterruptHandler *****************
  1500 ;; Defined at:
  1501 ;;		line 148 in file "mcc_generated_files/system/src/interrupt.c"
  1502 ;; Parameters:    Size  Location     Type
  1503 ;;  InterruptHan    2    4[COMRAM] PTR FTN()void 
  1504 ;;		 -> INT1_DefaultInterruptHandler(1), 
  1505 ;; Auto vars:     Size  Location     Type
  1506 ;;		None
  1507 ;; Return value:  Size  Location     Type
  1508 ;;                  1    wreg      void 
  1509 ;; Registers used:
  1510 ;;		wreg, status,2, status,0
  1511 ;; Tracked objects:
  1512 ;;		On entry : 0/0
  1513 ;;		On exit  : 0/0
  1514 ;;		Unchanged: 0/0
  1515 ;; Data sizes:     COMRAM   BANK0   BANK1   BANK2   BANK3   BANK4   BANK5   BANK6   BANK7   BANK8   BANK9  BANK10  BANK1
      +1  BANK12  BANK13  BANK14  BANK15
  1516 ;;      Params:         2       0       0       0       0       0       0       0       0       0       0       0       
      +0       0       0       0       0
  1517 ;;      Locals:         0       0       0       0       0       0       0       0       0       0       0       0       
      +0       0       0       0       0
  1518 ;;      Temps:          0       0       0       0       0       0       0       0       0       0       0       0       
      +0       0       0       0       0
  1519 ;;      Totals:         2       0       0       0       0       0       0       0       0       0       0       0       
      +0       0       0       0       0
  1520 ;;Total ram usage:        2 bytes
  1521 ;; Hardware stack levels used: 1
  1522 ;; Hardware stack levels required when called: 5
  1523 ;; This function calls:
  1524 ;;		Nothing
  1525 ;; This function is called by:
  1526 ;;		_INTERRUPT_Initialize
  1527 ;; This function uses a non-reentrant model
  1528 ;;
  1529                           
  1530                           	psect	text5
  1531   001316                     __ptext5:
  1532                           	callstack 0
  1533   001316                     _INT1_SetInterruptHandler:
  1534                           	callstack 23
  1535   001316                     
  1536                           ;mcc_generated_files/system/src/interrupt.c: 149:     INT1_InterruptHandler = InterruptH
      +                          andler;
  1537   001316  C012  F004         	movff	INT1_SetInterruptHandler@InterruptHandler,_INT1_InterruptHandler
  1538   00131A  C013  F005         	movff	INT1_SetInterruptHandler@InterruptHandler+1,_INT1_InterruptHandler+1
  1539   00131E  0012               	return		;funcret
  1540   001320                     __end_of_INT1_SetInterruptHandler:
  1541                           	callstack 0
  1542                           
  1543 ;; *************** function _INT0_SetInterruptHandler *****************
  1544 ;; Defined at:
  1545 ;;		line 122 in file "mcc_generated_files/system/src/interrupt.c"
  1546 ;; Parameters:    Size  Location     Type
  1547 ;;  InterruptHan    2    4[COMRAM] PTR FTN()void 
  1548 ;;		 -> INT0_DefaultInterruptHandler(1), 
  1549 ;; Auto vars:     Size  Location     Type
  1550 ;;		None
  1551 ;; Return value:  Size  Location     Type
  1552 ;;                  1    wreg      void 
  1553 ;; Registers used:
  1554 ;;		wreg, status,2, status,0
  1555 ;; Tracked objects:
  1556 ;;		On entry : 0/0
  1557 ;;		On exit  : 0/0
  1558 ;;		Unchanged: 0/0
  1559 ;; Data sizes:     COMRAM   BANK0   BANK1   BANK2   BANK3   BANK4   BANK5   BANK6   BANK7   BANK8   BANK9  BANK10  BANK1
      +1  BANK12  BANK13  BANK14  BANK15
  1560 ;;      Params:         2       0       0       0       0       0       0       0       0       0       0       0       
      +0       0       0       0       0
  1561 ;;      Locals:         0       0       0       0       0       0       0       0       0       0       0       0       
      +0       0       0       0       0
  1562 ;;      Temps:          0       0       0       0       0       0       0       0       0       0       0       0       
      +0       0       0       0       0
  1563 ;;      Totals:         2       0       0       0       0       0       0       0       0       0       0       0       
      +0       0       0       0       0
  1564 ;;Total ram usage:        2 bytes
  1565 ;; Hardware stack levels used: 1
  1566 ;; Hardware stack levels required when called: 5
  1567 ;; This function calls:
  1568 ;;		Nothing
  1569 ;; This function is called by:
  1570 ;;		_INTERRUPT_Initialize
  1571 ;; This function uses a non-reentrant model
  1572 ;;
  1573                           
  1574                           	psect	text6
  1575   001320                     __ptext6:
  1576                           	callstack 0
  1577   001320                     _INT0_SetInterruptHandler:
  1578                           	callstack 23
  1579   001320                     
  1580                           ;mcc_generated_files/system/src/interrupt.c: 123:     INT0_InterruptHandler = InterruptH
      +                          andler;
  1581   001320  C012  F006         	movff	INT0_SetInterruptHandler@InterruptHandler,_INT0_InterruptHandler
  1582   001324  C013  F007         	movff	INT0_SetInterruptHandler@InterruptHandler+1,_INT0_InterruptHandler+1
  1583   001328  0012               	return		;funcret
  1584   00132A                     __end_of_INT0_SetInterruptHandler:
  1585                           	callstack 0
  1586                           
  1587 ;; *************** function _I2C1_Initialize *****************
  1588 ;; Defined at:
  1589 ;;		line 62 in file "mcc_generated_files/i2c_client/src/mssp.c"
  1590 ;; Parameters:    Size  Location     Type
  1591 ;;		None
  1592 ;; Auto vars:     Size  Location     Type
  1593 ;;		None
  1594 ;; Return value:  Size  Location     Type
  1595 ;;                  1    wreg      void 
  1596 ;; Registers used:
  1597 ;;		wreg, status,2, status,0
  1598 ;; Tracked objects:
  1599 ;;		On entry : 0/0
  1600 ;;		On exit  : 0/0
  1601 ;;		Unchanged: 0/0
  1602 ;; Data sizes:     COMRAM   BANK0   BANK1   BANK2   BANK3   BANK4   BANK5   BANK6   BANK7   BANK8   BANK9  BANK10  BANK1
      +1  BANK12  BANK13  BANK14  BANK15
  1603 ;;      Params:         0       0       0       0       0       0       0       0       0       0       0       0       
      +0       0       0       0       0
  1604 ;;      Locals:         0       0       0       0       0       0       0       0       0       0       0       0       
      +0       0       0       0       0
  1605 ;;      Temps:          0       0       0       0       0       0       0       0       0       0       0       0       
      +0       0       0       0       0
  1606 ;;      Totals:         0       0       0       0       0       0       0       0       0       0       0       0       
      +0       0       0       0       0
  1607 ;;Total ram usage:        0 bytes
  1608 ;; Hardware stack levels used: 1
  1609 ;; Hardware stack levels required when called: 5
  1610 ;; This function calls:
  1611 ;;		Nothing
  1612 ;; This function is called by:
  1613 ;;		_SYSTEM_Initialize
  1614 ;; This function uses a non-reentrant model
  1615 ;;
  1616                           
  1617                           	psect	text7
  1618   0012A4                     __ptext7:
  1619                           	callstack 0
  1620   0012A4                     _I2C1_Initialize:
  1621                           	callstack 24
  1622   0012A4                     
  1623                           ;mcc_generated_files/i2c_client/src/mssp.c: 65:     SSPSTAT = 0x80;
  1624   0012A4  0E80               	movlw	128
  1625   0012A6  6EC7               	movwf	199,c	;volatile
  1626   0012A8                     
  1627                           ;mcc_generated_files/i2c_client/src/mssp.c: 67:     SSPCON1 |= 0x6;
  1628   0012A8  0E06               	movlw	6
  1629   0012AA  12C6               	iorwf	198,f,c	;volatile
  1630   0012AC                     
  1631                           ;mcc_generated_files/i2c_client/src/mssp.c: 69:     SSPCON2 = 0x1;
  1632   0012AC  0E01               	movlw	1
  1633   0012AE  6EC5               	movwf	197,c	;volatile
  1634   0012B0                     
  1635                           ;mcc_generated_files/i2c_client/src/mssp.c: 71:     SSPADD = 0x50;
  1636   0012B0  0E50               	movlw	80
  1637   0012B2  6EC8               	movwf	200,c	;volatile
  1638   0012B4                     
  1639                           ;mcc_generated_files/i2c_client/src/mssp.c: 73:     SSPMSK = 0xFE;
  1640   0012B4  0EFE               	movlw	254
  1641   0012B6  6E77               	movwf	119,c	;volatile
  1642   0012B8                     
  1643                           ;mcc_generated_files/i2c_client/src/mssp.c: 75:     PIE1bits.SSPIE = 1;
  1644   0012B8  869D               	bsf	157,3,c	;volatile
  1645   0012BA                     
  1646                           ;mcc_generated_files/i2c_client/src/mssp.c: 76:     PIE2bits.BCLIE = 1;
  1647   0012BA  86A0               	bsf	160,3,c	;volatile
  1648                           
  1649                           ;mcc_generated_files/i2c_client/src/mssp.c: 77:     I2C1_InterruptHandler = ((void*)0);
  1650   0012BC  0E00               	movlw	0
  1651   0012BE  6E08               	movwf	_I2C1_InterruptHandler^0,c
  1652   0012C0  0E00               	movlw	0
  1653   0012C2  6E09               	movwf	(_I2C1_InterruptHandler+1)^0,c
  1654   0012C4                     
  1655                           ;mcc_generated_files/i2c_client/src/mssp.c: 78:     SSPCON1bits.SSPEN = 1;
  1656   0012C4  8AC6               	bsf	198,5,c	;volatile
  1657   0012C6  0012               	return		;funcret
  1658   0012C8                     __end_of_I2C1_Initialize:
  1659                           	callstack 0
  1660                           
  1661 ;; *************** function _CLOCK_Initialize *****************
  1662 ;; Defined at:
  1663 ;;		line 40 in file "mcc_generated_files/system/src/clock.c"
  1664 ;; Parameters:    Size  Location     Type
  1665 ;;		None
  1666 ;; Auto vars:     Size  Location     Type
  1667 ;;		None
  1668 ;; Return value:  Size  Location     Type
  1669 ;;                  1    wreg      void 
  1670 ;; Registers used:
  1671 ;;		wreg, status,2
  1672 ;; Tracked objects:
  1673 ;;		On entry : 0/0
  1674 ;;		On exit  : 0/0
  1675 ;;		Unchanged: 0/0
  1676 ;; Data sizes:     COMRAM   BANK0   BANK1   BANK2   BANK3   BANK4   BANK5   BANK6   BANK7   BANK8   BANK9  BANK10  BANK1
      +1  BANK12  BANK13  BANK14  BANK15
  1677 ;;      Params:         0       0       0       0       0       0       0       0       0       0       0       0       
      +0       0       0       0       0
  1678 ;;      Locals:         0       0       0       0       0       0       0       0       0       0       0       0       
      +0       0       0       0       0
  1679 ;;      Temps:          0       0       0       0       0       0       0       0       0       0       0       0       
      +0       0       0       0       0
  1680 ;;      Totals:         0       0       0       0       0       0       0       0       0       0       0       0       
      +0       0       0       0       0
  1681 ;;Total ram usage:        0 bytes
  1682 ;; Hardware stack levels used: 1
  1683 ;; Hardware stack levels required when called: 5
  1684 ;; This function calls:
  1685 ;;		Nothing
  1686 ;; This function is called by:
  1687 ;;		_SYSTEM_Initialize
  1688 ;; This function uses a non-reentrant model
  1689 ;;
  1690                           
  1691                           	psect	text8
  1692   00132A                     __ptext8:
  1693                           	callstack 0
  1694   00132A                     _CLOCK_Initialize:
  1695                           	callstack 24
  1696   00132A                     
  1697                           ;mcc_generated_files/system/src/clock.c: 42:     OSCCON = (0 << 0x0)
  1698   00132A  0E60               	movlw	96
  1699   00132C  6ED3               	movwf	211,c	;volatile
  1700   00132E                     
  1701                           ;mcc_generated_files/system/src/clock.c: 46:     OSCTUNE = (0 << 0x0)
  1702   00132E  6A9B               	clrf	155,c	;volatile
  1703   001330  0012               	return		;funcret
  1704   001332                     __end_of_CLOCK_Initialize:
  1705                           	callstack 0
  1706                           
  1707 ;; *************** function _I2C1_CallbackRegister *****************
  1708 ;; Defined at:
  1709 ;;		line 127 in file "mcc_generated_files/i2c_client/src/mssp.c"
  1710 ;; Parameters:    Size  Location     Type
  1711 ;;  callback        2    4[COMRAM] PTR FTN(enum E2862,)_Boo
  1712 ;;		 -> Custom_I2c_Interrupt_Handler(1), 
  1713 ;; Auto vars:     Size  Location     Type
  1714 ;;		None
  1715 ;; Return value:  Size  Location     Type
  1716 ;;                  1    wreg      void 
  1717 ;; Registers used:
  1718 ;;		wreg, status,2, status,0
  1719 ;; Tracked objects:
  1720 ;;		On entry : 0/0
  1721 ;;		On exit  : 0/0
  1722 ;;		Unchanged: 0/0
  1723 ;; Data sizes:     COMRAM   BANK0   BANK1   BANK2   BANK3   BANK4   BANK5   BANK6   BANK7   BANK8   BANK9  BANK10  BANK1
      +1  BANK12  BANK13  BANK14  BANK15
  1724 ;;      Params:         2       0       0       0       0       0       0       0       0       0       0       0       
      +0       0       0       0       0
  1725 ;;      Locals:         0       0       0       0       0       0       0       0       0       0       0       0       
      +0       0       0       0       0
  1726 ;;      Temps:          0       0       0       0       0       0       0       0       0       0       0       0       
      +0       0       0       0       0
  1727 ;;      Totals:         2       0       0       0       0       0       0       0       0       0       0       0       
      +0       0       0       0       0
  1728 ;;Total ram usage:        2 bytes
  1729 ;; Hardware stack levels used: 1
  1730 ;; Hardware stack levels required when called: 5
  1731 ;; This function calls:
  1732 ;;		Nothing
  1733 ;; This function is called by:
  1734 ;;		_main
  1735 ;; This function uses a non-reentrant model
  1736 ;;
  1737                           
  1738                           	psect	text9
  1739   0012C8                     __ptext9:
  1740                           	callstack 0
  1741   0012C8                     _I2C1_CallbackRegister:
  1742                           	callstack 25
  1743   0012C8                     
  1744                           ;mcc_generated_files/i2c_client/src/mssp.c: 127: void I2C1_CallbackRegister(_Bool(*callb
      +                          ack)(i2c_client_transfer_event_t clientEvent));mcc_generated_files/i2c_client/src/mssp.c
      +                          : 128: {;mcc_generated_files/i2c_client/src/mssp.c: 129:     if (callback != ((void*)0))
  1745   0012C8  5012               	movf	I2C1_CallbackRegister@callback^0,w,c
  1746   0012CA  1013               	iorwf	(I2C1_CallbackRegister@callback+1)^0,w,c
  1747   0012CC  B4D8               	btfsc	status,2,c
  1748   0012CE  EF6B  F009         	goto	u551
  1749   0012D2  EF6D  F009         	goto	u550
  1750   0012D6                     u551:
  1751   0012D6  EF71  F009         	goto	l82
  1752   0012DA                     u550:
  1753   0012DA                     
  1754                           ;mcc_generated_files/i2c_client/src/mssp.c: 130:     {;mcc_generated_files/i2c_client/sr
      +                          c/mssp.c: 131:         I2C1_InterruptHandler = callback;
  1755   0012DA  C012  F008         	movff	I2C1_CallbackRegister@callback,_I2C1_InterruptHandler
  1756   0012DE  C013  F009         	movff	I2C1_CallbackRegister@callback+1,_I2C1_InterruptHandler+1
  1757   0012E2                     l82:
  1758   0012E2  0012               	return		;funcret
  1759   0012E4                     __end_of_I2C1_CallbackRegister:
  1760                           	callstack 0
  1761                           
  1762 ;; *************** function _INTERRUPT_InterruptManager *****************
  1763 ;; Defined at:
  1764 ;;		line 80 in file "mcc_generated_files/system/src/interrupt.c"
  1765 ;; Parameters:    Size  Location     Type
  1766 ;;		None
  1767 ;; Auto vars:     Size  Location     Type
  1768 ;;		None
  1769 ;; Return value:  Size  Location     Type
  1770 ;;                  1    wreg      void 
  1771 ;; Registers used:
  1772 ;;		wreg, status,2, status,0, pcl, pclath, pclatu, tosl, cstack
  1773 ;; Tracked objects:
  1774 ;;		On entry : 0/0
  1775 ;;		On exit  : 0/0
  1776 ;;		Unchanged: 0/0
  1777 ;; Data sizes:     COMRAM   BANK0   BANK1   BANK2   BANK3   BANK4   BANK5   BANK6   BANK7   BANK8   BANK9  BANK10  BANK1
      +1  BANK12  BANK13  BANK14  BANK15
  1778 ;;      Params:         0       0       0       0       0       0       0       0       0       0       0       0       
      +0       0       0       0       0
  1779 ;;      Locals:         0       0       0       0       0       0       0       0       0       0       0       0       
      +0       0       0       0       0
  1780 ;;      Temps:          2       0       0       0       0       0       0       0       0       0       0       0       
      +0       0       0       0       0
  1781 ;;      Totals:         2       0       0       0       0       0       0       0       0       0       0       0       
      +0       0       0       0       0
  1782 ;;Total ram usage:        2 bytes
  1783 ;; Hardware stack levels used: 1
  1784 ;; Hardware stack levels required when called: 4
  1785 ;; This function calls:
  1786 ;;		_I2C1_ERROR_ISR
  1787 ;;		_I2C1_ISR
  1788 ;; This function is called by:
  1789 ;;		Interrupt level 2
  1790 ;; This function uses a non-reentrant model
  1791 ;;
  1792                           
  1793                           	psect	intcode
  1794   000008                     __pintcode:
  1795                           	callstack 0
  1796   000008                     _INTERRUPT_InterruptManager:
  1797                           	callstack 23
  1798                           
  1799                           ;incstack = 0
  1800   000008  8201               	bsf	int$flags,1,c	;set compiler interrupt flag (level 2)
  1801   00000A  CFFA F010          	movff	pclath,??_INTERRUPT_InterruptManager
  1802   00000E  CFFB F011          	movff	pclatu,??_INTERRUPT_InterruptManager+1
  1803   000012                     
  1804                           ;mcc_generated_files/system/src/interrupt.c: 83:     if(INTCONbits.PEIE == 1)
  1805   000012  ACF2               	btfss	242,6,c	;volatile
  1806   000014  EF0E  F000         	goto	i2u56_41
  1807   000018  EF10  F000         	goto	i2u56_40
  1808   00001C                     i2u56_41:
  1809   00001C  EF32  F000         	goto	i2l171
  1810   000020                     i2u56_40:
  1811   000020                     
  1812                           ;mcc_generated_files/system/src/interrupt.c: 84:     {;mcc_generated_files/system/src/in
      +                          terrupt.c: 85:         if(PIE2bits.BCLIE == 1 && PIR2bits.BCLIF == 1)
  1813   000020  A6A0               	btfss	160,3,c	;volatile
  1814   000022  EF15  F000         	goto	i2u57_41
  1815   000026  EF17  F000         	goto	i2u57_40
  1816   00002A                     i2u57_41:
  1817   00002A  EF22  F000         	goto	i2l166
  1818   00002E                     i2u57_40:
  1819   00002E  A6A1               	btfss	161,3,c	;volatile
  1820   000030  EF1C  F000         	goto	i2u58_41
  1821   000034  EF1E  F000         	goto	i2u58_40
  1822   000038                     i2u58_41:
  1823   000038  EF22  F000         	goto	i2l166
  1824   00003C                     i2u58_40:
  1825   00003C                     
  1826                           ;mcc_generated_files/system/src/interrupt.c: 86:         {;mcc_generated_files/system/sr
      +                          c/interrupt.c: 87:             I2C1_ERROR_ISR();
  1827   00003C  EC9C  F009         	call	_I2C1_ERROR_ISR	;wreg free
  1828                           
  1829                           ;mcc_generated_files/system/src/interrupt.c: 88:         }
  1830   000040  EF32  F000         	goto	i2l171
  1831   000044                     i2l166:
  1832   000044  A69D               	btfss	157,3,c	;volatile
  1833   000046  EF27  F000         	goto	i2u59_41
  1834   00004A  EF29  F000         	goto	i2u59_40
  1835   00004E                     i2u59_41:
  1836   00004E  EF32  F000         	goto	i2l171
  1837   000052                     i2u59_40:
  1838   000052  A69E               	btfss	158,3,c	;volatile
  1839   000054  EF2E  F000         	goto	i2u60_41
  1840   000058  EF30  F000         	goto	i2u60_40
  1841   00005C                     i2u60_41:
  1842   00005C  EF32  F000         	goto	i2l171
  1843   000060                     i2u60_40:
  1844   000060                     
  1845                           ;mcc_generated_files/system/src/interrupt.c: 90:         {;mcc_generated_files/system/sr
      +                          c/interrupt.c: 91:             I2C1_ISR();
  1846   000060  EC99  F009         	call	_I2C1_ISR	;wreg free
  1847   000064                     i2l171:
  1848   000064  C011  FFFB         	movff	??_INTERRUPT_InterruptManager+1,pclatu
  1849   000068  C010  FFFA         	movff	??_INTERRUPT_InterruptManager,pclath
  1850   00006C  9201               	bcf	int$flags,1,c	;clear compiler interrupt flag (level 2)
  1851   00006E  0011               	retfie		f
  1852   000070                     __end_of_INTERRUPT_InterruptManager:
  1853                           	callstack 0
  1854                           
  1855 ;; *************** function _I2C1_ISR *****************
  1856 ;; Defined at:
  1857 ;;		line 135 in file "mcc_generated_files/i2c_client/src/mssp.c"
  1858 ;; Parameters:    Size  Location     Type
  1859 ;;		None
  1860 ;; Auto vars:     Size  Location     Type
  1861 ;;		None
  1862 ;; Return value:  Size  Location     Type
  1863 ;;                  1    wreg      void 
  1864 ;; Registers used:
  1865 ;;		wreg, status,2, status,0, pcl, pclath, pclatu, tosl, cstack
  1866 ;; Tracked objects:
  1867 ;;		On entry : 0/0
  1868 ;;		On exit  : 0/0
  1869 ;;		Unchanged: 0/0
  1870 ;; Data sizes:     COMRAM   BANK0   BANK1   BANK2   BANK3   BANK4   BANK5   BANK6   BANK7   BANK8   BANK9  BANK10  BANK1
      +1  BANK12  BANK13  BANK14  BANK15
  1871 ;;      Params:         0       0       0       0       0       0       0       0       0       0       0       0       
      +0       0       0       0       0
  1872 ;;      Locals:         0       0       0       0       0       0       0       0       0       0       0       0       
      +0       0       0       0       0
  1873 ;;      Temps:          0       0       0       0       0       0       0       0       0       0       0       0       
      +0       0       0       0       0
  1874 ;;      Totals:         0       0       0       0       0       0       0       0       0       0       0       0       
      +0       0       0       0       0
  1875 ;;Total ram usage:        0 bytes
  1876 ;; Hardware stack levels used: 1
  1877 ;; Hardware stack levels required when called: 2
  1878 ;; This function calls:
  1879 ;;		_I2C1_EventHandler
  1880 ;; This function is called by:
  1881 ;;		_INTERRUPT_InterruptManager
  1882 ;; This function uses a non-reentrant model
  1883 ;;
  1884                           
  1885                           	psect	text11
  1886   001332                     __ptext11:
  1887                           	callstack 0
  1888   001332                     _I2C1_ISR:
  1889                           	callstack 24
  1890   001332                     
  1891                           ;mcc_generated_files/i2c_client/src/mssp.c: 137:     I2C1_EventHandler();
  1892   001332  EC0A  F008         	call	_I2C1_EventHandler	;wreg free
  1893   001336  0012               	return		;funcret
  1894   001338                     __end_of_I2C1_ISR:
  1895                           	callstack 0
  1896                           
  1897 ;; *************** function _I2C1_EventHandler *****************
  1898 ;; Defined at:
  1899 ;;		line 148 in file "mcc_generated_files/i2c_client/src/mssp.c"
  1900 ;; Parameters:    Size  Location     Type
  1901 ;;		None
  1902 ;; Auto vars:     Size  Location     Type
  1903 ;;		None
  1904 ;; Return value:  Size  Location     Type
  1905 ;;                  1    wreg      void 
  1906 ;; Registers used:
  1907 ;;		wreg, status,2, status,0, pcl, pclath, pclatu, tosl, cstack
  1908 ;; Tracked objects:
  1909 ;;		On entry : 0/0
  1910 ;;		On exit  : 0/0
  1911 ;;		Unchanged: 0/0
  1912 ;; Data sizes:     COMRAM   BANK0   BANK1   BANK2   BANK3   BANK4   BANK5   BANK6   BANK7   BANK8   BANK9  BANK10  BANK1
      +1  BANK12  BANK13  BANK14  BANK15
  1913 ;;      Params:         0       0       0       0       0       0       0       0       0       0       0       0       
      +0       0       0       0       0
  1914 ;;      Locals:         0       0       0       0       0       0       0       0       0       0       0       0       
      +0       0       0       0       0
  1915 ;;      Temps:          1       0       0       0       0       0       0       0       0       0       0       0       
      +0       0       0       0       0
  1916 ;;      Totals:         1       0       0       0       0       0       0       0       0       0       0       0       
      +0       0       0       0       0
  1917 ;;Total ram usage:        1 bytes
  1918 ;; Hardware stack levels used: 1
  1919 ;; Hardware stack levels required when called: 1
  1920 ;; This function calls:
  1921 ;;		NULL
  1922 ;;		_Custom_I2c_Interrupt_Handler
  1923 ;;		_I2C1_ReadByte
  1924 ;; This function is called by:
  1925 ;;		_I2C1_ISR
  1926 ;; This function uses a non-reentrant model
  1927 ;;
  1928                           
  1929                           	psect	text12
  1930   001014                     __ptext12:
  1931                           	callstack 0
  1932   001014                     _I2C1_EventHandler:
  1933                           	callstack 24
  1934   001014                     
  1935                           ;mcc_generated_files/i2c_client/src/mssp.c: 150:     PIR1bits.SSPIF = 0;
  1936   001014  969E               	bcf	158,3,c	;volatile
  1937                           
  1938                           ;mcc_generated_files/i2c_client/src/mssp.c: 151:     if (0U != SSPSTATbits.P)
  1939   001016  A8C7               	btfss	199,4,c	;volatile
  1940   001018  EF10  F008         	goto	i2u37_41
  1941   00101C  EF12  F008         	goto	i2u37_40
  1942   001020                     i2u37_41:
  1943   001020  EF22  F008         	goto	i2l91
  1944   001024                     i2u37_40:
  1945   001024                     
  1946                           ;mcc_generated_files/i2c_client/src/mssp.c: 152:     {;mcc_generated_files/i2c_client/sr
      +                          c/mssp.c: 154:         I2C1_InterruptHandler(I2C_CLIENT_TRANSFER_EVENT_STOP_BIT_RECEIVED
      +                          );
  1947   001024  0E04               	movlw	4
  1948   001026  6E0E               	movwf	Custom_I2c_Interrupt_Handler@event^0,c
  1949   001028  D802               	call	i2u38_48
  1950   00102A  EF20  F008         	goto	i2u38_49
  1951   00102E                     i2u38_48:
  1952   00102E  0005               	push	
  1953   001030  6EFA               	movwf	pclath,c
  1954   001032  5008               	movf	_I2C1_InterruptHandler^0,w,c
  1955   001034  6EFD               	movwf	tosl,c
  1956   001036  5009               	movf	(_I2C1_InterruptHandler+1)^0,w,c
  1957   001038  6EFE               	movwf	tosh,c
  1958   00103A  6AFF               	clrf	tosu,c
  1959   00103C  50FA               	movf	pclath,w,c
  1960   00103E  0012               	return		;indir
  1961   001040                     i2u38_49:
  1962                           
  1963                           ;mcc_generated_files/i2c_client/src/mssp.c: 155:     }
  1964   001040  EFA4  F008         	goto	i2l92
  1965   001044                     i2l91:
  1966   001044  BAC7               	btfsc	199,5,c	;volatile
  1967   001046  EF27  F008         	goto	i2u39_41
  1968   00104A  EF29  F008         	goto	i2u39_40
  1969   00104E                     i2u39_41:
  1970   00104E  EF4E  F008         	goto	i2l93
  1971   001052                     i2u39_40:
  1972   001052                     
  1973                           ;mcc_generated_files/i2c_client/src/mssp.c: 157:     {;mcc_generated_files/i2c_client/sr
      +                          c/mssp.c: 159:         i2c1Addr = I2C1_ReadByte();
  1974   001052  EC9F  F009         	call	_I2C1_ReadByte	;wreg free
  1975   001056  6E0F               	movwf	??_I2C1_EventHandler^0,c
  1976   001058  500F               	movf	??_I2C1_EventHandler^0,w,c
  1977   00105A  6E0A               	movwf	_i2c1Addr^0,c	;volatile
  1978   00105C  6A0B               	clrf	(_i2c1Addr+1)^0,c	;volatile
  1979   00105E                     
  1980                           ;mcc_generated_files/i2c_client/src/mssp.c: 161:         i2c1ErrorState = I2C_CLIENT_ERR
      +                          OR_NONE;
  1981   00105E  6A0D               	clrf	_i2c1ErrorState^0,c	;volatile
  1982   001060                     
  1983                           ;mcc_generated_files/i2c_client/src/mssp.c: 163:         if (I2C1_InterruptHandler(I2C_C
      +                          LIENT_TRANSFER_EVENT_ADDR_MATCH) == 1)
  1984   001060  0E01               	movlw	1
  1985   001062  6E0E               	movwf	Custom_I2c_Interrupt_Handler@event^0,c
  1986   001064  D802               	call	i2u40_48
  1987   001066  EF3E  F008         	goto	i2u40_49
  1988   00106A                     i2u40_48:
  1989   00106A  0005               	push	
  1990   00106C  6EFA               	movwf	pclath,c
  1991   00106E  5008               	movf	_I2C1_InterruptHandler^0,w,c
  1992   001070  6EFD               	movwf	tosl,c
  1993   001072  5009               	movf	(_I2C1_InterruptHandler+1)^0,w,c
  1994   001074  6EFE               	movwf	tosh,c
  1995   001076  6AFF               	clrf	tosu,c
  1996   001078  50FA               	movf	pclath,w,c
  1997   00107A  0012               	return		;indir
  1998   00107C                     i2u40_49:
  1999   00107C  06E8               	decf	wreg,f,c
  2000   00107E  A4D8               	btfss	status,2,c
  2001   001080  EF44  F008         	goto	i2u41_41
  2002   001084  EF46  F008         	goto	i2u41_40
  2003   001088                     i2u41_41:
  2004   001088  EF4A  F008         	goto	i2l94
  2005   00108C                     i2u41_40:
  2006   00108C                     
  2007                           ;mcc_generated_files/i2c_client/src/mssp.c: 164:         {;mcc_generated_files/i2c_clien
      +                          t/src/mssp.c: 166:             SSPCON2bits.ACKDT = 0;
  2008   00108C  9AC5               	bcf	197,5,c	;volatile
  2009                           
  2010                           ;mcc_generated_files/i2c_client/src/mssp.c: 167:             SSPCON2bits.ACKEN = 1;
  2011   00108E  88C5               	bsf	197,4,c	;volatile
  2012                           
  2013                           ;mcc_generated_files/i2c_client/src/mssp.c: 168:         }
  2014   001090  EFA4  F008         	goto	i2l92
  2015   001094                     i2l94:
  2016                           
  2017                           ;mcc_generated_files/i2c_client/src/mssp.c: 170:         {;mcc_generated_files/i2c_clien
      +                          t/src/mssp.c: 172:             SSPCON2bits.ACKDT = 1;
  2018   001094  8AC5               	bsf	197,5,c	;volatile
  2019                           
  2020                           ;mcc_generated_files/i2c_client/src/mssp.c: 173:             SSPCON2bits.ACKEN = 1;
  2021   001096  88C5               	bsf	197,4,c	;volatile
  2022   001098  EFA4  F008         	goto	i2l92
  2023   00109C                     i2l93:
  2024                           
  2025                           ;mcc_generated_files/i2c_client/src/mssp.c: 177:     {;mcc_generated_files/i2c_client/sr
      +                          c/mssp.c: 179:         if (0U != SSPSTATbits.R_nW)
  2026   00109C  A4C7               	btfss	199,2,c	;volatile
  2027   00109E  EF53  F008         	goto	i2u42_41
  2028   0010A2  EF55  F008         	goto	i2u42_40
  2029   0010A6                     i2u42_41:
  2030   0010A6  EF81  F008         	goto	i2l97
  2031   0010AA                     i2u42_40:
  2032   0010AA                     
  2033                           ;mcc_generated_files/i2c_client/src/mssp.c: 180:         {;mcc_generated_files/i2c_clien
      +                          t/src/mssp.c: 181:             if ((!SSPSTATbits.BF) && (!SSPCON2bits.ACKSTAT))
  2034   0010AA  B0C7               	btfsc	199,0,c	;volatile
  2035   0010AC  EF5A  F008         	goto	i2u43_41
  2036   0010B0  EF5C  F008         	goto	i2u43_40
  2037   0010B4                     i2u43_41:
  2038   0010B4  EFA4  F008         	goto	i2l92
  2039   0010B8                     i2u43_40:
  2040   0010B8  BCC5               	btfsc	197,6,c	;volatile
  2041   0010BA  EF61  F008         	goto	i2u44_41
  2042   0010BE  EF63  F008         	goto	i2u44_40
  2043   0010C2                     i2u44_41:
  2044   0010C2  EFA4  F008         	goto	i2l92
  2045   0010C6                     i2u44_40:
  2046   0010C6                     
  2047                           ;mcc_generated_files/i2c_client/src/mssp.c: 182:             {;mcc_generated_files/i2c_c
      +                          lient/src/mssp.c: 184:                 if (I2C1_InterruptHandler(I2C_CLIENT_TRANSFER_EVE
      +                          NT_TX_READY) == 0)
  2048   0010C6  0E03               	movlw	3
  2049   0010C8  6E0E               	movwf	Custom_I2c_Interrupt_Handler@event^0,c
  2050   0010CA  D802               	call	i2u45_48
  2051   0010CC  EF71  F008         	goto	i2u45_49
  2052   0010D0                     i2u45_48:
  2053   0010D0  0005               	push	
  2054   0010D2  6EFA               	movwf	pclath,c
  2055   0010D4  5008               	movf	_I2C1_InterruptHandler^0,w,c
  2056   0010D6  6EFD               	movwf	tosl,c
  2057   0010D8  5009               	movf	(_I2C1_InterruptHandler+1)^0,w,c
  2058   0010DA  6EFE               	movwf	tosh,c
  2059   0010DC  6AFF               	clrf	tosu,c
  2060   0010DE  50FA               	movf	pclath,w,c
  2061   0010E0  0012               	return		;indir
  2062   0010E2                     i2u45_49:
  2063   0010E2  0900               	iorlw	0
  2064   0010E4  A4D8               	btfss	status,2,c
  2065   0010E6  EF77  F008         	goto	i2u46_41
  2066   0010EA  EF79  F008         	goto	i2u46_40
  2067   0010EE                     i2u46_41:
  2068   0010EE  EF7D  F008         	goto	i2l99
  2069   0010F2                     i2u46_40:
  2070   0010F2                     
  2071                           ;mcc_generated_files/i2c_client/src/mssp.c: 185:                 {;mcc_generated_files/i
      +                          2c_client/src/mssp.c: 187:                     SSPCON2bits.ACKDT = 1;
  2072   0010F2  8AC5               	bsf	197,5,c	;volatile
  2073                           
  2074                           ;mcc_generated_files/i2c_client/src/mssp.c: 188:                     SSPCON2bits.ACKEN =
      +                           1;
  2075   0010F4  88C5               	bsf	197,4,c	;volatile
  2076                           
  2077                           ;mcc_generated_files/i2c_client/src/mssp.c: 189:                 }
  2078   0010F6  EFA4  F008         	goto	i2l92
  2079   0010FA                     i2l99:
  2080                           
  2081                           ;mcc_generated_files/i2c_client/src/mssp.c: 191:                 {;mcc_generated_files/i
      +                          2c_client/src/mssp.c: 193:                     SSPCON2bits.ACKDT = 0;
  2082   0010FA  9AC5               	bcf	197,5,c	;volatile
  2083                           
  2084                           ;mcc_generated_files/i2c_client/src/mssp.c: 194:                     SSPCON2bits.ACKEN =
      +                           1;
  2085   0010FC  88C5               	bsf	197,4,c	;volatile
  2086   0010FE  EFA4  F008         	goto	i2l92
  2087   001102                     i2l97:
  2088                           
  2089                           ;mcc_generated_files/i2c_client/src/mssp.c: 199:         {;mcc_generated_files/i2c_clien
      +                          t/src/mssp.c: 200:             if (0U != SSPSTATbits.BF)
  2090   001102  A0C7               	btfss	199,0,c	;volatile
  2091   001104  EF86  F008         	goto	i2u47_41
  2092   001108  EF88  F008         	goto	i2u47_40
  2093   00110C                     i2u47_41:
  2094   00110C  EFA4  F008         	goto	i2l92
  2095   001110                     i2u47_40:
  2096   001110                     
  2097                           ;mcc_generated_files/i2c_client/src/mssp.c: 201:             {;mcc_generated_files/i2c_c
      +                          lient/src/mssp.c: 203:                 if (I2C1_InterruptHandler(I2C_CLIENT_TRANSFER_EVE
      +                          NT_RX_READY) == 1)
  2098   001110  0E02               	movlw	2
  2099   001112  6E0E               	movwf	Custom_I2c_Interrupt_Handler@event^0,c
  2100   001114  D802               	call	i2u48_48
  2101   001116  EF96  F008         	goto	i2u48_49
  2102   00111A                     i2u48_48:
  2103   00111A  0005               	push	
  2104   00111C  6EFA               	movwf	pclath,c
  2105   00111E  5008               	movf	_I2C1_InterruptHandler^0,w,c
  2106   001120  6EFD               	movwf	tosl,c
  2107   001122  5009               	movf	(_I2C1_InterruptHandler+1)^0,w,c
  2108   001124  6EFE               	movwf	tosh,c
  2109   001126  6AFF               	clrf	tosu,c
  2110   001128  50FA               	movf	pclath,w,c
  2111   00112A  0012               	return		;indir
  2112   00112C                     i2u48_49:
  2113   00112C  06E8               	decf	wreg,f,c
  2114   00112E  A4D8               	btfss	status,2,c
  2115   001130  EF9C  F008         	goto	i2u49_41
  2116   001134  EF9E  F008         	goto	i2u49_40
  2117   001138                     i2u49_41:
  2118   001138  EFA2  F008         	goto	i2l103
  2119   00113C                     i2u49_40:
  2120   00113C                     
  2121                           ;mcc_generated_files/i2c_client/src/mssp.c: 204:                 {;mcc_generated_files/i
      +                          2c_client/src/mssp.c: 206:                     SSPCON2bits.ACKDT = 0;
  2122   00113C  9AC5               	bcf	197,5,c	;volatile
  2123                           
  2124                           ;mcc_generated_files/i2c_client/src/mssp.c: 207:                     SSPCON2bits.ACKEN =
      +                           1;
  2125   00113E  88C5               	bsf	197,4,c	;volatile
  2126                           
  2127                           ;mcc_generated_files/i2c_client/src/mssp.c: 208:                 }
  2128   001140  EFA4  F008         	goto	i2l92
  2129   001144                     i2l103:
  2130                           
  2131                           ;mcc_generated_files/i2c_client/src/mssp.c: 210:                 {;mcc_generated_files/i
      +                          2c_client/src/mssp.c: 212:                     SSPCON2bits.ACKDT = 1;
  2132   001144  8AC5               	bsf	197,5,c	;volatile
  2133                           
  2134                           ;mcc_generated_files/i2c_client/src/mssp.c: 213:                     SSPCON2bits.ACKEN =
      +                           1;
  2135   001146  88C5               	bsf	197,4,c	;volatile
  2136   001148                     i2l92:
  2137                           
  2138                           ;mcc_generated_files/i2c_client/src/mssp.c: 220:     SSPCON1bits.CKP = 1;
  2139   001148  88C6               	bsf	198,4,c	;volatile
  2140   00114A  0012               	return		;funcret
  2141   00114C                     __end_of_I2C1_EventHandler:
  2142                           	callstack 0
  2143                           
  2144 ;; *************** function _I2C1_ERROR_ISR *****************
  2145 ;; Defined at:
  2146 ;;		line 140 in file "mcc_generated_files/i2c_client/src/mssp.c"
  2147 ;; Parameters:    Size  Location     Type
  2148 ;;		None
  2149 ;; Auto vars:     Size  Location     Type
  2150 ;;		None
  2151 ;; Return value:  Size  Location     Type
  2152 ;;                  1    wreg      void 
  2153 ;; Registers used:
  2154 ;;		wreg, status,2, status,0, pcl, pclath, pclatu, tosl, cstack
  2155 ;; Tracked objects:
  2156 ;;		On entry : 0/0
  2157 ;;		On exit  : 0/0
  2158 ;;		Unchanged: 0/0
  2159 ;; Data sizes:     COMRAM   BANK0   BANK1   BANK2   BANK3   BANK4   BANK5   BANK6   BANK7   BANK8   BANK9  BANK10  BANK1
      +1  BANK12  BANK13  BANK14  BANK15
  2160 ;;      Params:         0       0       0       0       0       0       0       0       0       0       0       0       
      +0       0       0       0       0
  2161 ;;      Locals:         0       0       0       0       0       0       0       0       0       0       0       0       
      +0       0       0       0       0
  2162 ;;      Temps:          0       0       0       0       0       0       0       0       0       0       0       0       
      +0       0       0       0       0
  2163 ;;      Totals:         0       0       0       0       0       0       0       0       0       0       0       0       
      +0       0       0       0       0
  2164 ;;Total ram usage:        0 bytes
  2165 ;; Hardware stack levels used: 1
  2166 ;; Hardware stack levels required when called: 3
  2167 ;; This function calls:
  2168 ;;		_I2C1_ErrorEventHandler
  2169 ;; This function is called by:
  2170 ;;		_INTERRUPT_InterruptManager
  2171 ;; This function uses a non-reentrant model
  2172 ;;
  2173                           
  2174                           	psect	text13
  2175   001338                     __ptext13:
  2176                           	callstack 0
  2177   001338                     _I2C1_ERROR_ISR:
  2178                           	callstack 23
  2179   001338                     
  2180                           ;mcc_generated_files/i2c_client/src/mssp.c: 142:     I2C1_ErrorEventHandler();
  2181   001338  ECA6  F008         	call	_I2C1_ErrorEventHandler	;wreg free
  2182   00133C  0012               	return		;funcret
  2183   00133E                     __end_of_I2C1_ERROR_ISR:
  2184                           	callstack 0
  2185                           
  2186 ;; *************** function _I2C1_ErrorEventHandler *****************
  2187 ;; Defined at:
  2188 ;;		line 223 in file "mcc_generated_files/i2c_client/src/mssp.c"
  2189 ;; Parameters:    Size  Location     Type
  2190 ;;		None
  2191 ;; Auto vars:     Size  Location     Type
  2192 ;;		None
  2193 ;; Return value:  Size  Location     Type
  2194 ;;                  1    wreg      void 
  2195 ;; Registers used:
  2196 ;;		wreg, status,2, status,0, pcl, pclath, pclatu, tosl, cstack
  2197 ;; Tracked objects:
  2198 ;;		On entry : 0/0
  2199 ;;		On exit  : 0/0
  2200 ;;		Unchanged: 0/0
  2201 ;; Data sizes:     COMRAM   BANK0   BANK1   BANK2   BANK3   BANK4   BANK5   BANK6   BANK7   BANK8   BANK9  BANK10  BANK1
      +1  BANK12  BANK13  BANK14  BANK15
  2202 ;;      Params:         0       0       0       0       0       0       0       0       0       0       0       0       
      +0       0       0       0       0
  2203 ;;      Locals:         0       0       0       0       0       0       0       0       0       0       0       0       
      +0       0       0       0       0
  2204 ;;      Temps:          0       0       0       0       0       0       0       0       0       0       0       0       
      +0       0       0       0       0
  2205 ;;      Totals:         0       0       0       0       0       0       0       0       0       0       0       0       
      +0       0       0       0       0
  2206 ;;Total ram usage:        0 bytes
  2207 ;; Hardware stack levels used: 1
  2208 ;; Hardware stack levels required when called: 2
  2209 ;; This function calls:
  2210 ;;		NULL
  2211 ;;		_Custom_I2c_Interrupt_Handler
  2212 ;; This function is called by:
  2213 ;;		_I2C1_ERROR_ISR
  2214 ;; This function uses a non-reentrant model
  2215 ;;
  2216                           
  2217                           	psect	text14
  2218   00114C                     __ptext14:
  2219                           	callstack 0
  2220   00114C                     _I2C1_ErrorEventHandler:
  2221                           	callstack 23
  2222   00114C                     
  2223                           ;mcc_generated_files/i2c_client/src/mssp.c: 225:     if (0U != PIR2bits.BCLIF)
  2224   00114C  A6A1               	btfss	161,3,c	;volatile
  2225   00114E  EFAB  F008         	goto	i2u50_41
  2226   001152  EFAD  F008         	goto	i2u50_40
  2227   001156                     i2u50_41:
  2228   001156  EFC0  F008         	goto	i2l108
  2229   00115A                     i2u50_40:
  2230   00115A                     
  2231                           ;mcc_generated_files/i2c_client/src/mssp.c: 226:     {;mcc_generated_files/i2c_client/sr
      +                          c/mssp.c: 227:         i2c1ErrorState = I2C_CLIENT_ERROR_BUS_COLLISION;
  2232   00115A  0E01               	movlw	1
  2233   00115C  6E0D               	movwf	_i2c1ErrorState^0,c	;volatile
  2234   00115E                     
  2235                           ;mcc_generated_files/i2c_client/src/mssp.c: 228:         I2C1_InterruptHandler(I2C_CLIEN
      +                          T_TRANSFER_EVENT_ERROR);
  2236   00115E  0E05               	movlw	5
  2237   001160  6E0E               	movwf	Custom_I2c_Interrupt_Handler@event^0,c
  2238   001162  D802               	call	i2u51_48
  2239   001164  EFBD  F008         	goto	i2u51_49
  2240   001168                     i2u51_48:
  2241   001168  0005               	push	
  2242   00116A  6EFA               	movwf	pclath,c
  2243   00116C  5008               	movf	_I2C1_InterruptHandler^0,w,c
  2244   00116E  6EFD               	movwf	tosl,c
  2245   001170  5009               	movf	(_I2C1_InterruptHandler+1)^0,w,c
  2246   001172  6EFE               	movwf	tosh,c
  2247   001174  6AFF               	clrf	tosu,c
  2248   001176  50FA               	movf	pclath,w,c
  2249   001178  0012               	return		;indir
  2250   00117A                     i2u51_49:
  2251   00117A                     
  2252                           ;mcc_generated_files/i2c_client/src/mssp.c: 229:         PIR2bits.BCLIF = 0;
  2253   00117A  96A1               	bcf	161,3,c	;volatile
  2254                           
  2255                           ;mcc_generated_files/i2c_client/src/mssp.c: 230:     }
  2256   00117C  EFDB  F008         	goto	i2l109
  2257   001180                     i2l108:
  2258   001180  AEC6               	btfss	198,7,c	;volatile
  2259   001182  EFC5  F008         	goto	i2u52_41
  2260   001186  EFC7  F008         	goto	i2u52_40
  2261   00118A                     i2u52_41:
  2262   00118A  EFDA  F008         	goto	i2l110
  2263   00118E                     i2u52_40:
  2264   00118E                     
  2265                           ;mcc_generated_files/i2c_client/src/mssp.c: 232:     {;mcc_generated_files/i2c_client/sr
      +                          c/mssp.c: 233:         i2c1ErrorState = I2C_CLIENT_ERROR_WRITE_COLLISION;
  2266   00118E  0E02               	movlw	2
  2267   001190  6E0D               	movwf	_i2c1ErrorState^0,c	;volatile
  2268   001192                     
  2269                           ;mcc_generated_files/i2c_client/src/mssp.c: 234:         I2C1_InterruptHandler(I2C_CLIEN
      +                          T_TRANSFER_EVENT_ERROR);
  2270   001192  0E05               	movlw	5
  2271   001194  6E0E               	movwf	Custom_I2c_Interrupt_Handler@event^0,c
  2272   001196  D802               	call	i2u53_48
  2273   001198  EFD7  F008         	goto	i2u53_49
  2274   00119C                     i2u53_48:
  2275   00119C  0005               	push	
  2276   00119E  6EFA               	movwf	pclath,c
  2277   0011A0  5008               	movf	_I2C1_InterruptHandler^0,w,c
  2278   0011A2  6EFD               	movwf	tosl,c
  2279   0011A4  5009               	movf	(_I2C1_InterruptHandler+1)^0,w,c
  2280   0011A6  6EFE               	movwf	tosh,c
  2281   0011A8  6AFF               	clrf	tosu,c
  2282   0011AA  50FA               	movf	pclath,w,c
  2283   0011AC  0012               	return		;indir
  2284   0011AE                     i2u53_49:
  2285   0011AE                     
  2286                           ;mcc_generated_files/i2c_client/src/mssp.c: 235:         SSPCON1bits.WCOL = 0;
  2287   0011AE  9EC6               	bcf	198,7,c	;volatile
  2288                           
  2289                           ;mcc_generated_files/i2c_client/src/mssp.c: 236:     }
  2290   0011B0  EFDB  F008         	goto	i2l109
  2291   0011B4                     i2l110:
  2292                           
  2293                           ;mcc_generated_files/i2c_client/src/mssp.c: 238:     {;mcc_generated_files/i2c_client/sr
      +                          c/mssp.c: 239:         i2c1ErrorState = I2C_CLIENT_ERROR_NONE;
  2294   0011B4  6A0D               	clrf	_i2c1ErrorState^0,c	;volatile
  2295   0011B6                     i2l109:
  2296                           
  2297                           ;mcc_generated_files/i2c_client/src/mssp.c: 243:     if (0U != SSPCON1bits.SSPOV)
  2298   0011B6  ACC6               	btfss	198,6,c	;volatile
  2299   0011B8  EFE0  F008         	goto	i2u54_41
  2300   0011BC  EFE2  F008         	goto	i2u54_40
  2301   0011C0                     i2u54_41:
  2302   0011C0  EFE3  F008         	goto	i2l112
  2303   0011C4                     i2u54_40:
  2304   0011C4                     
  2305                           ;mcc_generated_files/i2c_client/src/mssp.c: 244:     {;mcc_generated_files/i2c_client/sr
      +                          c/mssp.c: 245:         SSPCON1bits.SSPOV = 0;
  2306   0011C4  9CC6               	bcf	198,6,c	;volatile
  2307   0011C6                     i2l112:
  2308                           
  2309                           ;mcc_generated_files/i2c_client/src/mssp.c: 248:     SSPCON1bits.CKP = 1;
  2310   0011C6  88C6               	bsf	198,4,c	;volatile
  2311   0011C8  0012               	return		;funcret
  2312   0011CA                     __end_of_I2C1_ErrorEventHandler:
  2313                           	callstack 0
  2314                           
  2315 ;; *************** function _Custom_I2c_Interrupt_Handler *****************
  2316 ;; Defined at:
  2317 ;;		line 44 in file "main.c"
  2318 ;; Parameters:    Size  Location     Type
  2319 ;;  event           1    0[COMRAM] enum E2893
  2320 ;; Auto vars:     Size  Location     Type
  2321 ;;		None
  2322 ;; Return value:  Size  Location     Type
  2323 ;;                  1    wreg      _Bool 
  2324 ;; Registers used:
  2325 ;;		wreg, status,2, status,0, cstack
  2326 ;; Tracked objects:
  2327 ;;		On entry : 0/0
  2328 ;;		On exit  : 0/0
  2329 ;;		Unchanged: 0/0
  2330 ;; Data sizes:     COMRAM   BANK0   BANK1   BANK2   BANK3   BANK4   BANK5   BANK6   BANK7   BANK8   BANK9  BANK10  BANK1
      +1  BANK12  BANK13  BANK14  BANK15
  2331 ;;      Params:         1       0       0       0       0       0       0       0       0       0       0       0       
      +0       0       0       0       0
  2332 ;;      Locals:         0       0       0       0       0       0       0       0       0       0       0       0       
      +0       0       0       0       0
  2333 ;;      Temps:          0       0       0       0       0       0       0       0       0       0       0       0       
      +0       0       0       0       0
  2334 ;;      Totals:         1       0       0       0       0       0       0       0       0       0       0       0       
      +0       0       0       0       0
  2335 ;;Total ram usage:        1 bytes
  2336 ;; Hardware stack levels used: 1
  2337 ;; This function calls:
  2338 ;;		_I2C1_ReadByte
  2339 ;; This function is called by:
  2340 ;;		_main
  2341 ;;		_I2C1_EventHandler
  2342 ;;		_I2C1_ErrorEventHandler
  2343 ;; This function uses a non-reentrant model
  2344 ;;
  2345                           
  2346                           	psect	text15
  2347   001214                     __ptext15:
  2348                           	callstack 0
  2349   001214                     _Custom_I2c_Interrupt_Handler:
  2350                           	callstack 24
  2351   001214                     
  2352                           ;main.c: 45:     if(event == I2C_CLIENT_TRANSFER_EVENT_RX_READY){
  2353   001214  0E02               	movlw	2
  2354   001216  180E               	xorwf	Custom_I2c_Interrupt_Handler@event^0,w,c
  2355   001218  A4D8               	btfss	status,2,c
  2356   00121A  EF11  F009         	goto	i2u35_41
  2357   00121E  EF13  F009         	goto	i2u35_40
  2358   001222                     i2u35_41:
  2359   001222  EF19  F009         	goto	i2l1319
  2360   001226                     i2u35_40:
  2361   001226                     
  2362                           ;main.c: 46:         Recieved_TEMP = I2C1_ReadByte();
  2363   001226  EC9F  F009         	call	_I2C1_ReadByte	;wreg free
  2364   00122A  6E0C               	movwf	_Recieved_TEMP^0,c	;volatile
  2365   00122C                     i2l1313:
  2366                           
  2367                           ;main.c: 47:         return 1;
  2368   00122C  0E01               	movlw	1
  2369   00122E  EF24  F009         	goto	i2l280
  2370   001232                     i2l1319:
  2371   001232  040E               	decf	Custom_I2c_Interrupt_Handler@event^0,w,c
  2372   001234  A4D8               	btfss	status,2,c
  2373   001236  EF1F  F009         	goto	i2u36_41
  2374   00123A  EF21  F009         	goto	i2u36_40
  2375   00123E                     i2u36_41:
  2376   00123E  EF23  F009         	goto	i2l1327
  2377   001242                     i2u36_40:
  2378   001242  EF16  F009         	goto	i2l1313
  2379   001246                     i2l1327:
  2380                           
  2381                           ;main.c: 53:         return 0;
  2382   001246  0E00               	movlw	0
  2383   001248                     i2l280:
  2384   001248  0012               	return		;funcret
  2385   00124A                     __end_of_Custom_I2c_Interrupt_Handler:
  2386                           	callstack 0
  2387                           
  2388 ;; *************** function _I2C1_ReadByte *****************
  2389 ;; Defined at:
  2390 ;;		line 99 in file "mcc_generated_files/i2c_client/src/mssp.c"
  2391 ;; Parameters:    Size  Location     Type
  2392 ;;		None
  2393 ;; Auto vars:     Size  Location     Type
  2394 ;;		None
  2395 ;; Return value:  Size  Location     Type
  2396 ;;                  1    wreg      unsigned char 
  2397 ;; Registers used:
  2398 ;;		wreg, status,2
  2399 ;; Tracked objects:
  2400 ;;		On entry : 0/0
  2401 ;;		On exit  : 0/0
  2402 ;;		Unchanged: 0/0
  2403 ;; Data sizes:     COMRAM   BANK0   BANK1   BANK2   BANK3   BANK4   BANK5   BANK6   BANK7   BANK8   BANK9  BANK10  BANK1
      +1  BANK12  BANK13  BANK14  BANK15
  2404 ;;      Params:         0       0       0       0       0       0       0       0       0       0       0       0       
      +0       0       0       0       0
  2405 ;;      Locals:         0       0       0       0       0       0       0       0       0       0       0       0       
      +0       0       0       0       0
  2406 ;;      Temps:          0       0       0       0       0       0       0       0       0       0       0       0       
      +0       0       0       0       0
  2407 ;;      Totals:         0       0       0       0       0       0       0       0       0       0       0       0       
      +0       0       0       0       0
  2408 ;;Total ram usage:        0 bytes
  2409 ;; Hardware stack levels used: 1
  2410 ;; This function calls:
  2411 ;;		Nothing
  2412 ;; This function is called by:
  2413 ;;		_I2C1_EventHandler
  2414 ;;		_Custom_I2c_Interrupt_Handler
  2415 ;; This function uses a non-reentrant model
  2416 ;;
  2417                           
  2418                           	psect	text16
  2419   00133E                     __ptext16:
  2420                           	callstack 0
  2421   00133E                     _I2C1_ReadByte:
  2422                           	callstack 23
  2423   00133E                     
  2424                           ;mcc_generated_files/i2c_client/src/mssp.c: 101:     return SSPBUF;
  2425   00133E  50C9               	movf	201,w,c	;volatile
  2426   001340  0012               	return		;funcret
  2427   001342                     __end_of_I2C1_ReadByte:
  2428                           	callstack 0
  2429                           
  2430                           	psect	rparam
  2431   000001                     ___rparam_used  equ	1
  2432   000000                     ___param_bank   equ	0
  2433   000000                     __Lparam        equ	__Lrparam
  2434   000000                     __Hparam        equ	__Hrparam
  2435   000001                     btemp           set	1	;btemp
  2436   000001                     int$flags       set	1
  2437   000001                     btemp0          set	1
  2438   000002                     btemp1          set	2
  2439                           
  2440                           	psect	config
  2441                           
  2442                           ; Padding undefined space
  2443   300000                     	org	3145728
  2444   300000  FF                 	db	255
  2445                           
  2446                           ;Config register CONFIG1H @ 0x300001
  2447                           ;	Oscillator Selection bits
  2448                           ;	FOSC = INTIO67, Internal oscillator block, port function on RA6 and RA7
  2449                           ;	Fail-Safe Clock Monitor Enable bit
  2450                           ;	FCMEN = OFF, Fail-Safe Clock Monitor disabled
  2451                           ;	Internal/External Oscillator Switchover bit
  2452                           ;	IESO = OFF, Oscillator Switchover mode disabled
  2453   300001                     	org	3145729
  2454   300001  08                 	db	8
  2455                           
  2456                           ;Config register CONFIG2L @ 0x300002
  2457                           ;	Power-up Timer Enable bit
  2458                           ;	PWRTEN = OFF, PWRT disabled
  2459                           ;	Brown-out Reset Enable bits
  2460                           ;	BOREN = SBORDIS, Brown-out Reset enabled in hardware only (SBOREN is disabled)
  2461                           ;	Brown Out Reset Voltage bits
  2462                           ;	BORV = 18, VBOR set to 1.8 V nominal
  2463   300002                     	org	3145730
  2464   300002  1F                 	db	31
  2465                           
  2466                           ;Config register CONFIG2H @ 0x300003
  2467                           ;	Watchdog Timer Enable bit
  2468                           ;	WDTEN = OFF, WDT is controlled by SWDTEN bit of the WDTCON register
  2469                           ;	Watchdog Timer Postscale Select bits
  2470                           ;	WDTPS = 32768, 1:32768
  2471   300003                     	org	3145731
  2472   300003  1E                 	db	30
  2473                           
  2474                           ; Padding undefined space
  2475   300004                     	org	3145732
  2476   300004  FF                 	db	255
  2477                           
  2478                           ;Config register CONFIG3H @ 0x300005
  2479                           ;	CCP2 MUX bit
  2480                           ;	CCP2MX = PORTC, CCP2 input/output is multiplexed with RC1
  2481                           ;	PORTB A/D Enable bit
  2482                           ;	PBADEN = ON, PORTB<4:0> pins are configured as analog input channels on Reset
  2483                           ;	Low-Power Timer1 Oscillator Enable bit
  2484                           ;	LPT1OSC = OFF, Timer1 configured for higher power operation
  2485                           ;	HFINTOSC Fast Start-up
  2486                           ;	HFOFST = ON, HFINTOSC starts clocking the CPU without waiting for the oscillator to st
      +                          ablize.
  2487                           ;	MCLR Pin Enable bit
  2488                           ;	MCLRE = ON, MCLR pin enabled; RE3 input pin disabled
  2489   300005                     	org	3145733
  2490   300005  8B                 	db	139
  2491                           
  2492                           ;Config register CONFIG4L @ 0x300006
  2493                           ;	Stack Full/Underflow Reset Enable bit
  2494                           ;	STVREN = ON, Stack full/underflow will cause Reset
  2495                           ;	Single-Supply ICSP Enable bit
  2496                           ;	LVP = ON, Single-Supply ICSP enabled
  2497                           ;	Extended Instruction Set Enable bit
  2498                           ;	XINST = OFF, Instruction set extension and Indexed Addressing mode disabled (Legacy mo
      +                          de)
  2499                           ;	Background Debugger Enable bit
  2500                           ;	DEBUG = 0x1, unprogrammed default
  2501   300006                     	org	3145734
  2502   300006  85                 	db	133
  2503                           
  2504                           ; Padding undefined space
  2505   300007                     	org	3145735
  2506   300007  FF                 	db	255
  2507                           
  2508                           ;Config register CONFIG5L @ 0x300008
  2509                           ;	Code Protection Block 0
  2510                           ;	CP0 = OFF, Block 0 (000800-003FFFh) not code-protected
  2511                           ;	Code Protection Block 1
  2512                           ;	CP1 = OFF, Block 1 (004000-007FFFh) not code-protected
  2513                           ;	Code Protection Block 2
  2514                           ;	CP2 = OFF, Block 2 (008000-00BFFFh) not code-protected
  2515                           ;	Code Protection Block 3
  2516                           ;	CP3 = OFF, Block 3 (00C000-00FFFFh) not code-protected
  2517   300008                     	org	3145736
  2518   300008  0F                 	db	15
  2519                           
  2520                           ;Config register CONFIG5H @ 0x300009
  2521                           ;	Boot Block Code Protection bit
  2522                           ;	CPB = OFF, Boot block (000000-0007FFh) not code-protected
  2523                           ;	Data EEPROM Code Protection bit
  2524                           ;	CPD = OFF, Data EEPROM not code-protected
  2525   300009                     	org	3145737
  2526   300009  C0                 	db	192
  2527                           
  2528                           ;Config register CONFIG6L @ 0x30000A
  2529                           ;	Write Protection Block 0
  2530                           ;	WRT0 = OFF, Block 0 (000800-003FFFh) not write-protected
  2531                           ;	Write Protection Block 1
  2532                           ;	WRT1 = OFF, Block 1 (004000-007FFFh) not write-protected
  2533                           ;	Write Protection Block 2
  2534                           ;	WRT2 = OFF, Block 2 (008000-00BFFFh) not write-protected
  2535                           ;	Write Protection Block 3
  2536                           ;	WRT3 = OFF, Block 3 (00C000h-00FFFFh) not write-protected
  2537   30000A                     	org	3145738
  2538   30000A  0F                 	db	15
  2539                           
  2540                           ;Config register CONFIG6H @ 0x30000B
  2541                           ;	Configuration Register Write Protection bit
  2542                           ;	WRTC = OFF, Configuration registers (300000-3000FFh) not write-protected
  2543                           ;	Boot Block Write Protection bit
  2544                           ;	WRTB = OFF, Boot Block (000000-0007FFh) not write-protected
  2545                           ;	Data EEPROM Write Protection bit
  2546                           ;	WRTD = OFF, Data EEPROM not write-protected
  2547   30000B                     	org	3145739
  2548   30000B  E0                 	db	224
  2549                           
  2550                           ;Config register CONFIG7L @ 0x30000C
  2551                           ;	Table Read Protection Block 0
  2552                           ;	EBTR0 = OFF, Block 0 (000800-003FFFh) not protected from table reads executed in other
      +                           blocks
  2553                           ;	Table Read Protection Block 1
  2554                           ;	EBTR1 = OFF, Block 1 (004000-007FFFh) not protected from table reads executed in other
      +                           blocks
  2555                           ;	Table Read Protection Block 2
  2556                           ;	EBTR2 = OFF, Block 2 (008000-00BFFFh) not protected from table reads executed in other
      +                           blocks
  2557                           ;	Table Read Protection Block 3
  2558                           ;	EBTR3 = OFF, Block 3 (00C000-00FFFFh) not protected from table reads executed in other
      +                           blocks
  2559   30000C                     	org	3145740
  2560   30000C  0F                 	db	15
  2561                           
  2562                           ;Config register CONFIG7H @ 0x30000D
  2563                           ;	Boot Block Table Read Protection bit
  2564                           ;	EBTRB = OFF, Boot Block (000000-0007FFh) not protected from table reads executed in ot
      +                          her blocks
  2565   30000D                     	org	3145741
  2566   30000D  40                 	db	64
  2567                           tosu	equ	0xFFF
  2568                           tosh	equ	0xFFE
  2569                           tosl	equ	0xFFD
  2570                           stkptr	equ	0xFFC
  2571                           pclatu	equ	0xFFB
  2572                           pclath	equ	0xFFA
  2573                           pcl	equ	0xFF9
  2574                           tblptru	equ	0xFF8
  2575                           tblptrh	equ	0xFF7
  2576                           tblptrl	equ	0xFF6
  2577                           tablat	equ	0xFF5
  2578                           prodh	equ	0xFF4
  2579                           prodl	equ	0xFF3
  2580                           indf0	equ	0xFEF
  2581                           postinc0	equ	0xFEE
  2582                           postdec0	equ	0xFED
  2583                           preinc0	equ	0xFEC
  2584                           plusw0	equ	0xFEB
  2585                           fsr0h	equ	0xFEA
  2586                           fsr0l	equ	0xFE9
  2587                           wreg	equ	0xFE8
  2588                           indf1	equ	0xFE7
  2589                           postinc1	equ	0xFE6
  2590                           postdec1	equ	0xFE5
  2591                           preinc1	equ	0xFE4
  2592                           plusw1	equ	0xFE3
  2593                           fsr1h	equ	0xFE2
  2594                           fsr1l	equ	0xFE1
  2595                           bsr	equ	0xFE0
  2596                           indf2	equ	0xFDF
  2597                           postinc2	equ	0xFDE
  2598                           postdec2	equ	0xFDD
  2599                           preinc2	equ	0xFDC
  2600                           plusw2	equ	0xFDB
  2601                           fsr2h	equ	0xFDA
  2602                           fsr2l	equ	0xFD9
  2603                           status	equ	0xFD8

Data Sizes:
    Strings     0
    Constant    18
    Data        0
    BSS         6
    Persistent  6
    Stack       0

Auto Spaces:
    Space          Size  Autos    Used
    COMRAM           94      6      18
    BANK0           160      0       0
    BANK1           256      0       0
    BANK2           256      0       0
    BANK3           256      0       0
    BANK4           256      0       0
    BANK5           256      0       0
    BANK6           256      0       0
    BANK7           256      0       0
    BANK8           256      0       0
    BANK9           256      0       0
    BANK10          256      0       0
    BANK11          256      0       0
    BANK12          256      0       0
    BANK13          256      0       0
    BANK14          256      0       0
    BANK15           96      0       0

Pointer List with Targets:

    I2C1_CallbackRegister@callback	PTR FTN(enum E2862,)_Bool  size(2) Largest target is 1
		 -> Custom_I2c_Interrupt_Handler(), 

    I2C1_Client$CallbackRegister	PTR FTN(PTR FTN(enum E2862,)_Bool ,)void  size(2) Largest target is 1
		 -> I2C1_CallbackRegister(), 

    I2C1_Client$Deinitialize	PTR FTN()void  size(2) Largest target is 1
		 -> I2C1_Deinitialize(), 

    I2C1_Client$ErrorGet	PTR FTN()enum E2870 size(2) Largest target is 1
		 -> I2C1_ErrorGet(), 

    I2C1_Client$Initialize	PTR FTN()void  size(2) Largest target is 1
		 -> I2C1_Initialize(), 

    I2C1_Client$LastByteAckStatusGet	PTR FTN()enum E2858 size(2) Largest target is 1
		 -> I2C1_LastByteAckStatusGet(), 

    I2C1_Client$ReadByte	PTR FTN()unsigned char  size(2) Largest target is 1
		 -> I2C1_ReadByte(), 

    I2C1_Client$Tasks	PTR FTN()void  size(2) Largest target is 1
		 -> NULL(), 

    I2C1_Client$TransferDirGet	PTR FTN()enum E2854 size(2) Largest target is 1
		 -> I2C1_TransferDirGet(), 

    I2C1_Client$WriteByte	PTR FTN(unsigned char ,)void  size(2) Largest target is 1
		 -> I2C1_WriteByte(), 

    I2C1_InterruptHandler	PTR FTN(enum E2862,)_Bool  size(2) Largest target is 1
		 -> Custom_I2c_Interrupt_Handler(), NULL(), NULL(NULL[0]), 

    INT0_InterruptHandler	PTR FTN()void  size(2) Largest target is 1
		 -> INT0_DefaultInterruptHandler(), NULL(), 

    INT0_SetInterruptHandler@InterruptHandler	PTR FTN()void  size(2) Largest target is 1
		 -> INT0_DefaultInterruptHandler(), 

    INT1_InterruptHandler	PTR FTN()void  size(2) Largest target is 1
		 -> INT1_DefaultInterruptHandler(), NULL(), 

    INT1_SetInterruptHandler@InterruptHandler	PTR FTN()void  size(2) Largest target is 1
		 -> INT1_DefaultInterruptHandler(), 

    INT2_InterruptHandler	PTR FTN()void  size(2) Largest target is 1
		 -> INT2_DefaultInterruptHandler(), NULL(), 

    INT2_SetInterruptHandler@InterruptHandler	PTR FTN()void  size(2) Largest target is 1
		 -> INT2_DefaultInterruptHandler(), 

    S54$7$0	PTR FTN(enum E2862,)_Bool  size(2) Largest target is 1
		 -> Custom_I2c_Interrupt_Handler(), 

    S54$CallbackRegister	PTR FTN(PTR FTN(enum E2862,)_Bool ,)void  size(2) Largest target is 1
		 -> I2C1_CallbackRegister(), 

    S54$Deinitialize	PTR FTN()void  size(2) Largest target is 1
		 -> I2C1_Deinitialize(), 

    S54$ErrorGet	PTR FTN()enum E2870 size(2) Largest target is 1
		 -> I2C1_ErrorGet(), 

    S54$Initialize	PTR FTN()void  size(2) Largest target is 1
		 -> I2C1_Initialize(), 

    S54$LastByteAckStatusGet	PTR FTN()enum E2858 size(2) Largest target is 1
		 -> I2C1_LastByteAckStatusGet(), 

    S54$ReadByte	PTR FTN()unsigned char  size(2) Largest target is 1
		 -> I2C1_ReadByte(), 

    S54$Tasks	PTR FTN()void  size(2) Largest target is 1
		 -> NULL(), 

    S54$TransferDirGet	PTR FTN()enum E2854 size(2) Largest target is 1
		 -> I2C1_TransferDirGet(), 

    S54$WriteByte	PTR FTN(unsigned char ,)void  size(2) Largest target is 1
		 -> I2C1_WriteByte(), 


Critical Paths under _main in COMRAM

    _main->_I2C1_CallbackRegister
    _INTERRUPT_Initialize->_INT0_SetInterruptHandler
    _INTERRUPT_Initialize->_INT1_SetInterruptHandler
    _INTERRUPT_Initialize->_INT2_SetInterruptHandler

Critical Paths under _INTERRUPT_InterruptManager in COMRAM

    _I2C1_ISR->_I2C1_EventHandler
    _I2C1_EventHandler->_Custom_I2c_Interrupt_Handler
    _I2C1_ErrorEventHandler->_Custom_I2c_Interrupt_Handler

Critical Paths under _main in BANK0

    None.

Critical Paths under _INTERRUPT_InterruptManager in BANK0

    None.

Critical Paths under _main in BANK1

    None.

Critical Paths under _INTERRUPT_InterruptManager in BANK1

    None.

Critical Paths under _main in BANK2

    None.

Critical Paths under _INTERRUPT_InterruptManager in BANK2

    None.

Critical Paths under _main in BANK3

    None.

Critical Paths under _INTERRUPT_InterruptManager in BANK3

    None.

Critical Paths under _main in BANK4

    None.

Critical Paths under _INTERRUPT_InterruptManager in BANK4

    None.

Critical Paths under _main in BANK5

    None.

Critical Paths under _INTERRUPT_InterruptManager in BANK5

    None.

Critical Paths under _main in BANK6

    None.

Critical Paths under _INTERRUPT_InterruptManager in BANK6

    None.

Critical Paths under _main in BANK7

    None.

Critical Paths under _INTERRUPT_InterruptManager in BANK7

    None.

Critical Paths under _main in BANK8

    None.

Critical Paths under _INTERRUPT_InterruptManager in BANK8

    None.

Critical Paths under _main in BANK9

    None.

Critical Paths under _INTERRUPT_InterruptManager in BANK9

    None.

Critical Paths under _main in BANK10

    None.

Critical Paths under _INTERRUPT_InterruptManager in BANK10

    None.

Critical Paths under _main in BANK11

    None.

Critical Paths under _INTERRUPT_InterruptManager in BANK11

    None.

Critical Paths under _main in BANK12

    None.

Critical Paths under _INTERRUPT_InterruptManager in BANK12

    None.

Critical Paths under _main in BANK13

    None.

Critical Paths under _INTERRUPT_InterruptManager in BANK13

    None.

Critical Paths under _main in BANK14

    None.

Critical Paths under _INTERRUPT_InterruptManager in BANK14

    None.

Critical Paths under _main in BANK15

    None.

Critical Paths under _INTERRUPT_InterruptManager in BANK15

    None.

Call Graph Tables:

 ---------------------------------------------------------------------------------
 (Depth) Function   	        Calls       Base Space   Used Autos Params    Refs
 ---------------------------------------------------------------------------------
 (0) _main                                                 0     0      0     114
              _I2C1_CallbackRegister
                  _SYSTEM_Initialize
 ---------------------------------------------------------------------------------
 (1) _SYSTEM_Initialize                                    0     0      0      69
                   _CLOCK_Initialize
                    _I2C1_Initialize
               _INTERRUPT_Initialize
             _PIN_MANAGER_Initialize
 ---------------------------------------------------------------------------------
 (2) _PIN_MANAGER_Initialize                               0     0      0       0
 ---------------------------------------------------------------------------------
 (2) _INTERRUPT_Initialize                                 0     0      0      69
           _INT0_SetInterruptHandler
           _INT1_SetInterruptHandler
           _INT2_SetInterruptHandler
 ---------------------------------------------------------------------------------
 (3) _INT2_SetInterruptHandler                             2     0      2      23
                                              4 COMRAM     2     0      2
 ---------------------------------------------------------------------------------
 (3) _INT1_SetInterruptHandler                             2     0      2      23
                                              4 COMRAM     2     0      2
 ---------------------------------------------------------------------------------
 (3) _INT0_SetInterruptHandler                             2     0      2      23
                                              4 COMRAM     2     0      2
 ---------------------------------------------------------------------------------
 (2) _I2C1_Initialize                                      0     0      0       0
 ---------------------------------------------------------------------------------
 (2) _CLOCK_Initialize                                     0     0      0       0
 ---------------------------------------------------------------------------------
 (1) _I2C1_CallbackRegister                                2     0      2      45
                                              4 COMRAM     2     0      2
 ---------------------------------------------------------------------------------
 Estimated maximum stack depth 3
 ---------------------------------------------------------------------------------
 (Depth) Function   	        Calls       Base Space   Used Autos Params    Refs
 ---------------------------------------------------------------------------------
 (4) _INTERRUPT_InterruptManager                           2     2      0     100
                                              2 COMRAM     2     2      0
                     _I2C1_ERROR_ISR
                           _I2C1_ISR
 ---------------------------------------------------------------------------------
 (5) _I2C1_ISR                                             0     0      0      50
                  _I2C1_EventHandler
 ---------------------------------------------------------------------------------
 (6) _I2C1_EventHandler                                    1     1      0      50
                                              1 COMRAM     1     1      0
                                NULL *
       _Custom_I2c_Interrupt_Handler *
                      _I2C1_ReadByte
 ---------------------------------------------------------------------------------
 (5) _I2C1_ERROR_ISR                                       0     0      0      50
             _I2C1_ErrorEventHandler
 ---------------------------------------------------------------------------------
 (6) _I2C1_ErrorEventHandler                               0     0      0      50
                                NULL *
       _Custom_I2c_Interrupt_Handler *
 ---------------------------------------------------------------------------------
 (7) _Custom_I2c_Interrupt_Handler                         1     0      1      50
                                              0 COMRAM     1     0      1
                      _I2C1_ReadByte
 ---------------------------------------------------------------------------------
 (8) _I2C1_ReadByte                                        0     0      0       0
 ---------------------------------------------------------------------------------
 (7) NULL(Fake)                                            0     0      0       0
 ---------------------------------------------------------------------------------
 Estimated maximum stack depth 8
 ---------------------------------------------------------------------------------

 Call Graph Graphs:

 _main (ROOT)
   _I2C1_CallbackRegister
   _SYSTEM_Initialize
     _CLOCK_Initialize
     _I2C1_Initialize
     _INTERRUPT_Initialize
       _INT0_SetInterruptHandler
       _INT1_SetInterruptHandler
       _INT2_SetInterruptHandler
     _PIN_MANAGER_Initialize

 _INTERRUPT_InterruptManager (ROOT)
   _I2C1_ERROR_ISR
     _I2C1_ErrorEventHandler
       NULL(Fake) *
       _Custom_I2c_Interrupt_Handler *
         _I2C1_ReadByte
   _I2C1_ISR
     _I2C1_EventHandler
       NULL(Fake) *
       _Custom_I2c_Interrupt_Handler *
       _I2C1_ReadByte *

Address spaces:
Name               Size   Autos  Total    Usage
BIGRAM            3935      0       0      0.0%
BITBANK14          256      0       0      0.0%
BANK14             256      0       0      0.0%
BITBANK13          256      0       0      0.0%
BANK13             256      0       0      0.0%
BITBANK12          256      0       0      0.0%
BANK12             256      0       0      0.0%
BITBANK11          256      0       0      0.0%
BANK11             256      0       0      0.0%
BITBANK10          256      0       0      0.0%
BANK10             256      0       0      0.0%
BITBANK9           256      0       0      0.0%
BANK9              256      0       0      0.0%
BITBANK8           256      0       0      0.0%
BANK8              256      0       0      0.0%
BITBANK7           256      0       0      0.0%
BANK7              256      0       0      0.0%
BITBANK6           256      0       0      0.0%
BANK6              256      0       0      0.0%
BITBANK5           256      0       0      0.0%
BANK5              256      0       0      0.0%
BITBANK4           256      0       0      0.0%
BANK4              256      0       0      0.0%
BITBANK3           256      0       0      0.0%
BANK3              256      0       0      0.0%
BITBANK2           256      0       0      0.0%
BANK2              256      0       0      0.0%
BITBANK1           256      0       0      0.0%
BANK1              256      0       0      0.0%
BITBANK0           160      0       0      0.0%
BANK0              160      0       0      0.0%
BITBANK15           96      0       0      0.0%
BANK15              96      0       0      0.0%
BITCOMRAM           94      0       0      0.0%
COMRAM              94      6      18     19.1%
BITBIGSFRh          57      0       0      0.0%
BITBIGSFRlh         36      0       0      0.0%
BITBIGSFRllllll     23      0       0      0.0%
BITBIGSFRlllh       20      0       0      0.0%
BITBIGSFRllllh       9      0       0      0.0%
BITBIGSFRllllll      5      0       0      0.0%
BITBIGSFRllh         2      0       0      0.0%
BITBIGSFRlllllh      1      0       0      0.0%
STACK                0      0       0      0.0%
DATA                 0      0      18      0.0%


Microchip Technology PIC18 Macro Assembler V3.10 build 20250813170317 
Symbol Table                                                                                   Tue Sep 29 21:32:29 2026

                             _SSPSTATbits 0FC7                                        l57 12C6  
                                      l82 12E2                                       l207 1314  
                                     l160 127C                                       l217 1330  
                                     l228 130A                                       l181 1328  
                                     l194 131E                                       l290 11F0  
                                     l259 12A2                                       l292 11F2  
                                     l296 1208                                       l298 120A  
                         ??_I2C1_ReadByte 000E                                       u610 11F0  
                                     u611 11EC                                       u620 1208  
                                     u621 1204                                       u550 12DA  
                                     u551 12D6                ??_INT0_SetInterruptHandler 0014  
                                     tosl 0FFD                                       wreg 0FE8  
                        __end_of_I2C1_ISR 1338                                      l1121 12A4  
                                    l1201 128A                                      l1131 12B8  
                                    l1123 12A8                                      l1211 12A0  
                                    l1203 128C                                      l1133 12BA  
                                    l1125 12AC                                      l1205 1292  
                                    l1135 12C4                                      l1127 12B0  
                                    l1303 1320                                      l1207 129C  
                                    l1129 12B4                                      l1305 1316  
                                    l1209 129E                                      l1307 130C  
                                    l1411 11DA                                      l1413 11DC  
                                    l1191 132E                                      l1415 11DE  
                                    l1193 127E                                      l1417 11E0  
                                    l1409 11CA                                      l1371 124A  
                                    l1195 1282                                      l1419 11F8  
                                    l1189 132A                                      l1381 126E  
                                    l1373 1250                                      l1197 1286  
                                    l1383 12C8                                      l1375 125C  
                                    l1199 1288                                      l1391 12FA  
                                    l1385 12DA                                      l1377 125E  
                                    l1393 1302                                      l1379 126C  
                                    l1395 1306                         _I2C1_Deinitialize 0000  
                                    _IOCB 0F7D                                      _LATA 0F89  
                                    _LATB 0F8A                                      _LATC 0F8B  
                                    _LATD 0F8C                                      _LATE 0F8D  
                                    i2l66 1340                                      i2l91 1044  
                                    i2l92 1148                                      i2l93 109C  
                                    i2l85 1336                                      i2l94 1094  
                                    i2l88 133C                                      i2l97 1102  
                                    i2l99 10FA                                      _WPUB 0F7C  
                          _i2c1ErrorState 000D                                      _main 11CA  
                                    btemp 0001                 ?_INT2_SetInterruptHandler 0012  
                                    start 0070                              ___param_bank 0000  
                                   ?_main 000E                                     i2l110 11B4  
                                   i2l103 1144                                     i2l112 11C6  
                                   i2l113 11C8                                     i2l105 114A  
                                   i2l108 1180                                     i2l109 11B6  
                                   i2l171 0064                                     i2l166 0044  
                                   i2l280 1248                                     _TRISA 0F92  
                                   _TRISB 0F93                                     _TRISC 0F94  
                                   _TRISD 0F95                                     _TRISE 0F96  
                       ??_I2C1_Initialize 0012                   ??_I2C1_CallbackRegister 0014  
                                   btemp0 0001                                     btemp1 0002  
                _INT1_SetInterruptHandler 1316                                     pclath 0FFA  
                                   pclatu 0FFB                                     status 0FD8  
                         __initialization 12E4                  ??_I2C1_ErrorEventHandler 000F  
                            __end_of_main 1214                     _I2C1_InterruptHandler 0008  
             ?_INTERRUPT_InterruptManager 000E                                    ??_main 0014  
                           __activetblptr 0003                                    _ANSELH 0F7F  
                                  i2l1311 1226                                    i2l1313 122C  
                                  i2l1401 002E                                    i2l1331 1014  
                                  i2l1403 003C                                    i2l1309 1214  
                                  i2l1341 108C                                    i2l1333 1024  
                                  i2l1405 0052                                    i2l1327 1246  
                                  i2l1319 1232                                    i2l1351 1110  
                                  i2l1343 10AA                                    i2l1335 1052  
                                  i2l1407 0060                                    i2l1089 133E  
                                  i2l1361 117A                                    i2l1353 113C  
                                  i2l1345 10B8                                    i2l1337 105E  
                                  i2l1363 118E                                    i2l1355 114C  
                                  i2l1347 10C6                                    i2l1339 1060  
                                  i2l1365 1192                                    i2l1357 115A  
                                  i2l1349 10F2                                    i2l1367 11AE  
                                  i2l1359 115E                                    i2l1369 11C4  
                                  i2l1387 1332                                    i2l1389 1338  
                                  i2l1397 0012                                    i2l1399 0020  
                                  _OSCCON 0FD3                                    _SSPADD 0FC8  
                                  _SSPBUF 0FC9                                    _SSPMSK 0F77  
                               ?_I2C1_ISR 000E                                    isa$std 0001  
                       ?_CLOCK_Initialize 000E              _INT2_DefaultInterruptHandler 0000  
                      ??_CLOCK_Initialize 0012                              __mediumconst 1000  
INT2_SetInterruptHandler@InterruptHandler 0012  INT1_SetInterruptHandler@InterruptHandler 0012  
INT0_SetInterruptHandler@InterruptHandler 0012                         _SYSTEM_Initialize 12FA  
                              __accesstop 0060                   __end_of__initialization 12F0  
                      ?_SYSTEM_Initialize 000E                             ___rparam_used 0001  
                          __pcstackCOMRAM 000E                       ??_SYSTEM_Initialize 0014  
                              ??_I2C1_ISR 0010                             _Recieved_TEMP 000C  
           I2C1_CallbackRegister@callback 0012          __end_of_INT2_SetInterruptHandler 1316  
                       _I2C1_EventHandler 1014                 __end_of_SYSTEM_Initialize 130C  
                      ?_I2C1_EventHandler 000E                     _INT0_InterruptHandler 0006  
                              __pnvCOMRAM 0002                       ??_I2C1_EventHandler 000F  
                     __end_of_I2C1_Client 1013                           _I2C1_Initialize 12A4  
              ??_INT1_SetInterruptHandler 0014                     __end_of_I2C1_ReadByte 1342  
               __end_of_I2C1_EventHandler 114C                                   i2u41_40 108C  
                                 i2u40_48 106A                                   i2u41_41 1088  
                                 i2u40_49 107C                                   i2u50_40 115A  
                                 i2u42_40 10AA                                   i2u50_41 1156  
                                 i2u42_41 10A6                                   i2u35_40 1226  
                                 i2u43_40 10B8                                   i2u35_41 1222  
                                 i2u43_41 10B4                                   i2u36_40 1242  
                                 i2u52_40 118E                                   i2u51_48 1168  
                                 i2u44_40 10C6                                   i2u60_40 0060  
                                 i2u36_41 123E                                   i2u52_41 118A  
                                 i2u51_49 117A                                   i2u44_41 10C2  
                                 i2u60_41 005C                                   i2u37_40 1024  
                                 i2u37_41 1020                    _I2C1_ErrorEventHandler 114C  
                                 i2u54_40 11C4                                   i2u53_48 119C  
                                 i2u46_40 10F2                                   i2u45_48 10D0  
                                 i2u54_41 11C0                                   i2u53_49 11AE  
                                 i2u46_41 10EE                                   i2u45_49 10E2  
                                 _OSCTUNE 0F9B                                   i2u47_40 1110  
                                 i2u39_40 1052                                   i2u38_48 102E  
                                 i2u47_41 110C                                   i2u39_41 104E  
                                 i2u38_49 1040                                   i2u56_40 0020  
                                 i2u56_41 001C                                   i2u49_40 113C  
                                 i2u48_48 111A                                   i2u57_40 002E  
                                 i2u49_41 1138                                   i2u48_49 112C  
                                 i2u57_41 002A                                   i2u58_40 003C  
                                 i2u58_41 0038                                   i2u59_40 0052  
                                 i2u59_41 004E                                   _SSPCON1 0FC6  
                                 _SSPCON2 0FC5                 _I2C1_LastByteAckStatusGet 0000  
                                 _SSPSTAT 0FC7             __end_of_I2C1_CallbackRegister 12E4  
               ?_INT0_SetInterruptHandler 0012                                   __Hparam 0000  
                                 __Lparam 0000                              __psmallconst 1000  
                                 __pcinit 12E4                                   __ramtop 1000  
                                 __ptext0 11CA                                   __ptext1 12FA  
                                 __ptext2 127E                                   __ptext3 124A  
                                 __ptext4 130C                                   __ptext5 1316  
                                 __ptext6 1320                                   __ptext7 12A4  
                                 __ptext8 132A                                   __ptext9 12C8  
                ??_PIN_MANAGER_Initialize 0012                      end_of_initialization 12F0  
                _INT2_SetInterruptHandler 130C                               _I2C1_Client 1001  
                 __end_of_I2C1_Initialize 12C8                     _INT1_InterruptHandler 0004  
            __end_of_INTERRUPT_Initialize 127E                            _I2C1_ERROR_ISR 1338  
            _INT0_DefaultInterruptHandler 0000                       start_initialization 12E4  
    __end_of_Custom_I2c_Interrupt_Handler 124A              _Custom_I2c_Interrupt_Handler 1214  
                        ?_I2C1_Initialize 000E                    __end_of_I2C1_ERROR_ISR 133E  
                 ?_I2C1_ErrorEventHandler 000E                               __pbssCOMRAM 0008  
        __end_of_INT0_SetInterruptHandler 132A                     _INT2_InterruptHandler 0002  
           ?_Custom_I2c_Interrupt_Handler 000E                    _PIN_MANAGER_Initialize 127E  
                         ?_I2C1_ERROR_ISR 000E                                 __pintcode 0008  
                                _I2C1_ISR 1332              ??_INTERRUPT_InterruptManager 0010  
          __end_of_I2C1_ErrorEventHandler 11CA                               __smallconst 1000  
       Custom_I2c_Interrupt_Handler@event 000E                ??_INT2_SetInterruptHandler 0014  
                    _INTERRUPT_Initialize 124A                          _CLOCK_Initialize 132A  
                                _LATCbits 0F8B                     _I2C1_CallbackRegister 12C8  
               ?_INT1_SetInterruptHandler 0012                                  _PIE1bits 0F9D  
                                _PIE2bits 0FA0                                  _PIR1bits 0F9E  
                                _PIR2bits 0FA1                            _I2C1_WriteByte 0000  
                                _RCONbits 0FD0                                  _i2c1Addr 000A  
                             _INTCON2bits 0FF1                               _INTCON3bits 0FF0  
                   ?_INTERRUPT_Initialize 000E                  _INT0_SetInterruptHandler 1320  
                                __Hrparam 0000                                  __Lrparam 0000  
          ??_Custom_I2c_Interrupt_Handler 000F                             _I2C1_ReadByte 133E  
                           _I2C1_ErrorGet 0000                                  __ptext11 1332  
                                __ptext12 1014                                  __ptext13 1338  
                                __ptext14 114C                                  __ptext15 1214  
                                __ptext16 133E                    ?_I2C1_CallbackRegister 0012  
                                isa$xinst 0000                                  int$flags 0001  
      __end_of_INTERRUPT_InterruptManager 0070                _INTERRUPT_InterruptManager 0008  
            _INT1_DefaultInterruptHandler 0000                                _INTCONbits 0FF2  
                          ?_I2C1_ReadByte 000E                    ??_INTERRUPT_Initialize 0014  
                                intlevel2 0000                          ??_I2C1_ERROR_ISR 000F  
                 ?_PIN_MANAGER_Initialize 000E                  __end_of_CLOCK_Initialize 1332  
        __end_of_INT1_SetInterruptHandler 1320                       _I2C1_TransferDirGet 0000  
                             _SSPCON1bits 0FC6                               _SSPCON2bits 0FC5  
          __end_of_PIN_MANAGER_Initialize 12A4  
