

Microchip MPLAB XC8 Assembler V3.10 build 20250813170317 
                                                                                               Mon Sep 28 23:51:39 2026

Microchip MPLAB XC8 C Compiler v3.10 (Free license) build 20250813170317 Og1 
     1                           	processor	18F46K20
     2                           	fnconf	rparam,??,?,0
     3                           	pagewidth 120
     4                           	opt	flic
     5                           	psect	idataCOMRAM,global,class=CODE,space=0,delta=1,noexec
     6                           	psect	smallconst,global,reloc=2,class=SMALLCONST,space=0,delta=1,noexec
     7                           	psect	cinit,global,reloc=2,class=CODE,space=0,delta=1
     8                           	psect	bssCOMRAM,global,class=COMRAM,space=1,delta=1,lowdata,noexec
     9                           	psect	dataCOMRAM,global,class=COMRAM,space=1,delta=1,lowdata,noexec
    10                           	psect	bssBANK0,global,class=BANK0,space=1,delta=1,lowdata,noexec
    11                           	psect	cstackCOMRAM,global,class=COMRAM,space=1,delta=1,lowdata,noexec
    12                           	psect	text0,global,reloc=2,class=CODE,space=0,delta=1
    13                           	psect	text1,global,reloc=2,class=CODE,space=0,delta=1
    14                           	psect	text2,global,reloc=2,class=CODE,space=0,delta=1
    15                           	psect	text3,global,reloc=2,class=CODE,space=0,delta=1
    16                           	psect	text4,global,reloc=2,class=CODE,space=0,delta=1
    17                           	psect	text5,global,reloc=2,class=CODE,space=0,delta=1
    18                           	psect	text6,global,reloc=2,class=CODE,space=0,delta=1
    19                           	psect	text7,global,reloc=2,class=CODE,space=0,delta=1
    20                           	psect	text8,global,reloc=2,class=CODE,space=0,delta=1
    21                           	psect	text9,global,reloc=2,class=CODE,space=0,delta=1
    22                           	psect	text10,global,reloc=2,class=CODE,space=0,delta=1
    23                           	psect	text11,global,reloc=2,class=CODE,space=0,delta=1
    24                           	psect	text12,global,reloc=2,class=CODE,space=0,delta=1
    25                           	psect	text13,global,reloc=2,class=CODE,space=0,delta=1
    26                           	psect	text14,global,reloc=2,class=CODE,space=0,delta=1
    27                           	psect	text15,global,reloc=2,class=CODE,space=0,delta=1
    28                           	psect	text16,global,reloc=2,class=CODE,space=0,delta=1
    29                           	psect	text17,global,reloc=2,class=CODE,space=0,delta=1
    30                           	psect	text18,global,reloc=2,class=CODE,space=0,delta=1
    31                           	psect	text19,global,reloc=2,class=CODE,space=0,delta=1
    32                           	psect	text20,global,reloc=2,class=CODE,space=0,delta=1
    33                           	psect	text21,global,reloc=2,class=CODE,space=0,delta=1
    34                           	psect	text22,global,reloc=2,class=CODE,space=0,delta=1
    35                           	psect	text23,global,reloc=2,class=CODE,space=0,delta=1
    36                           	psect	text24,global,reloc=2,class=CODE,space=0,delta=1
    37                           	psect	text25,global,reloc=2,class=CODE,space=0,delta=1
    38                           	psect	text26,global,reloc=2,class=CODE,space=0,delta=1
    39                           	psect	text27,global,reloc=2,class=CODE,space=0,delta=1
    40                           	psect	text28,global,reloc=2,class=CODE,space=0,delta=1
    41                           	psect	text29,global,reloc=2,class=CODE,space=0,delta=1
    42                           	psect	text30,global,reloc=2,class=CODE,space=0,delta=1
    43                           	psect	text31,global,reloc=2,class=CODE,space=0,delta=1
    44                           	psect	text32,global,reloc=2,class=CODE,space=0,delta=1
    45                           	psect	intcode,global,reloc=2,class=CODE,space=0,delta=1
    46                           	psect	text34,global,reloc=2,class=CODE,space=0,delta=1
    47                           	psect	text35,global,reloc=2,class=CODE,space=0,delta=1
    48                           	psect	text36,global,reloc=2,class=CODE,space=0,delta=1
    49                           	psect	text37,global,reloc=2,class=CODE,space=0,delta=1
    50                           	psect	text38,global,reloc=2,class=CODE,space=0,delta=1
    51                           	psect	text39,global,reloc=2,class=CODE,space=0,delta=1
    52                           	psect	text40,global,reloc=2,class=CODE,space=0,delta=1
    53                           	psect	text41,global,reloc=2,class=CODE,space=0,delta=1
    54                           	psect	text42,global,reloc=2,class=CODE,space=0,delta=1
    55                           	psect	text43,global,reloc=2,class=CODE,space=0,delta=1
    56                           	psect	text44,global,reloc=2,class=CODE,space=0,delta=1
    57                           	psect	text45,global,reloc=2,class=CODE,space=0,delta=1
    58                           	psect	text46,global,reloc=2,class=CODE,space=0,delta=1
    59                           	psect	text47,global,reloc=2,class=CODE,space=0,delta=1
    60                           	psect	text48,global,reloc=2,class=CODE,space=0,delta=1
    61                           	psect	intsave_regs,global,class=BIGRAM,space=1,delta=1,noexec
    62                           	psect	rparam,global,class=COMRAM,space=1,delta=1,noexec
    63                           	psect	config,global,abs,ovrld,class=CONFIG,space=4,delta=1,noexec
    64                           	dabs	1,0x1,1
    65   000000                     
    66                           ; Generated 02/09/2026 GMT
    67                           ; 
    68                           ; Copyright (c) 2026 Microchip Technology Inc. and its subsidiaries.
    69                           ; 
    70                           ; Licensed under the Apache License, Version 2.0 (the "License");
    71                           ; you may not use this file except in compliance with the License.
    72                           ; You may obtain a copy of the License at
    73                           ; 
    74                           ;   http://www.apache.org/licenses/LICENSE-2.0
    75                           ; 
    76                           ; Unless required by applicable law or agreed to in writing, software
    77                           ; distributed under the License is distributed on an "AS IS" BASIS,
    78                           ; WITHOUT WARRANTIES OR CONDITIONS OF ANY KIND, either express or implied.
    79                           ; See the License for the specific language governing permissions and
    80                           ; limitations under the License.
    81                           ; 
    82                           ; 
    83                           ; Code-generator required, PIC18F46K20 Definitions
    84                           ; 
    85                           ; SFR Addresses
    86   000FE0                     bsr             equ	4064
    87   000FE9                     fsr0            equ	4073
    88   000FEA                     fsr0h           equ	4074
    89   000FE9                     fsr0l           equ	4073
    90   000FE1                     fsr1            equ	4065
    91   000FE2                     fsr1h           equ	4066
    92   000FE1                     fsr1l           equ	4065
    93   000FD9                     fsr2            equ	4057
    94   000FDA                     fsr2h           equ	4058
    95   000FD9                     fsr2l           equ	4057
    96   000FEF                     indf0           equ	4079
    97   000FE7                     indf1           equ	4071
    98   000FDF                     indf2           equ	4063
    99   000FF2                     intcon          equ	4082
   100   000000                     nvmcon          equ	0
   101   000FF9                     pcl             equ	4089
   102   000FFA                     pclath          equ	4090
   103   000FFB                     pclatu          equ	4091
   104   000FEB                     plusw0          equ	4075
   105   000FE3                     plusw1          equ	4067
   106   000FDB                     plusw2          equ	4059
   107   000FED                     postdec0        equ	4077
   108   000FE5                     postdec1        equ	4069
   109   000FDD                     postdec2        equ	4061
   110   000FEE                     postinc0        equ	4078
   111   000FE6                     postinc1        equ	4070
   112   000FDE                     postinc2        equ	4062
   113   000FEC                     preinc0         equ	4076
   114   000FE4                     preinc1         equ	4068
   115   000FDC                     preinc2         equ	4060
   116   000FF3                     prod            equ	4083
   117   000FF4                     prodh           equ	4084
   118   000FF3                     prodl           equ	4083
   119   000FD8                     status          equ	4056
   120   000FF5                     tablat          equ	4085
   121   000FF6                     tblptr          equ	4086
   122   000FF7                     tblptrh         equ	4087
   123   000FF6                     tblptrl         equ	4086
   124   000FF8                     tblptru         equ	4088
   125   000FFD                     tosl            equ	4093
   126   000FE8                     wreg            equ	4072
   127   000F77                     SSPMSK          equ	3959	;# 
   128   000F78                     SLRCON          equ	3960	;# 
   129   000F79                     CM2CON1         equ	3961	;# 
   130   000F7A                     CM2CON0         equ	3962	;# 
   131   000F7B                     CM1CON0         equ	3963	;# 
   132   000F7C                     WPUB            equ	3964	;# 
   133   000F7D                     IOCB            equ	3965	;# 
   134   000F7E                     ANSEL           equ	3966	;# 
   135   000F7F                     ANSELH          equ	3967	;# 
   136   000F80                     PORTA           equ	3968	;# 
   137   000F81                     PORTB           equ	3969	;# 
   138   000F82                     PORTC           equ	3970	;# 
   139   000F83                     PORTD           equ	3971	;# 
   140   000F84                     PORTE           equ	3972	;# 
   141   000F89                     LATA            equ	3977	;# 
   142   000F8A                     LATB            equ	3978	;# 
   143   000F8B                     LATC            equ	3979	;# 
   144   000F8C                     LATD            equ	3980	;# 
   145   000F8D                     LATE            equ	3981	;# 
   146   000F92                     TRISA           equ	3986	;# 
   147   000F92                     DDRA            equ	3986	;# 
   148   000F93                     TRISB           equ	3987	;# 
   149   000F93                     DDRB            equ	3987	;# 
   150   000F94                     TRISC           equ	3988	;# 
   151   000F94                     DDRC            equ	3988	;# 
   152   000F95                     TRISD           equ	3989	;# 
   153   000F95                     DDRD            equ	3989	;# 
   154   000F96                     TRISE           equ	3990	;# 
   155   000F96                     DDRE            equ	3990	;# 
   156   000F9B                     OSCTUNE         equ	3995	;# 
   157   000F9D                     PIE1            equ	3997	;# 
   158   000F9E                     PIR1            equ	3998	;# 
   159   000F9F                     IPR1            equ	3999	;# 
   160   000FA0                     PIE2            equ	4000	;# 
   161   000FA1                     PIR2            equ	4001	;# 
   162   000FA2                     IPR2            equ	4002	;# 
   163   000FA6                     EECON1          equ	4006	;# 
   164   000FA7                     EECON2          equ	4007	;# 
   165   000FA8                     EEDATA          equ	4008	;# 
   166   000FA9                     EEADR           equ	4009	;# 
   167   000FAA                     EEADRH          equ	4010	;# 
   168   000FAB                     RCSTA           equ	4011	;# 
   169   000FAB                     RCSTA1          equ	4011	;# 
   170   000FAC                     TXSTA           equ	4012	;# 
   171   000FAC                     TXSTA1          equ	4012	;# 
   172   000FAD                     TXREG           equ	4013	;# 
   173   000FAD                     TXREG1          equ	4013	;# 
   174   000FAE                     RCREG           equ	4014	;# 
   175   000FAE                     RCREG1          equ	4014	;# 
   176   000FAF                     SPBRG           equ	4015	;# 
   177   000FAF                     SPBRG1          equ	4015	;# 
   178   000FB0                     SPBRGH          equ	4016	;# 
   179   000FB1                     T3CON           equ	4017	;# 
   180   000FB2                     TMR3            equ	4018	;# 
   181   000FB2                     TMR3L           equ	4018	;# 
   182   000FB3                     TMR3H           equ	4019	;# 
   183   000FB4                     CVRCON2         equ	4020	;# 
   184   000FB5                     CVRCON          equ	4021	;# 
   185   000FB6                     ECCP1AS         equ	4022	;# 
   186   000FB7                     PWM1CON         equ	4023	;# 
   187   000FB8                     BAUDCON         equ	4024	;# 
   188   000FB8                     BAUDCTL         equ	4024	;# 
   189   000FB9                     PSTRCON         equ	4025	;# 
   190   000FBA                     CCP2CON         equ	4026	;# 
   191   000FBB                     CCPR2           equ	4027	;# 
   192   000FBB                     CCPR2L          equ	4027	;# 
   193   000FBC                     CCPR2H          equ	4028	;# 
   194   000FBD                     CCP1CON         equ	4029	;# 
   195   000FBE                     CCPR1           equ	4030	;# 
   196   000FBE                     CCPR1L          equ	4030	;# 
   197   000FBF                     CCPR1H          equ	4031	;# 
   198   000FC0                     ADCON2          equ	4032	;# 
   199   000FC1                     ADCON1          equ	4033	;# 
   200   000FC2                     ADCON0          equ	4034	;# 
   201   000FC3                     ADRES           equ	4035	;# 
   202   000FC3                     ADRESL          equ	4035	;# 
   203   000FC4                     ADRESH          equ	4036	;# 
   204   000FC5                     SSPCON2         equ	4037	;# 
   205   000FC6                     SSPCON1         equ	4038	;# 
   206   000FC7                     SSPSTAT         equ	4039	;# 
   207   000FC8                     SSPADD          equ	4040	;# 
   208   000FC9                     SSPBUF          equ	4041	;# 
   209   000FCA                     T2CON           equ	4042	;# 
   210   000FCB                     PR2             equ	4043	;# 
   211   000FCB                     MEMCON          equ	4043	;# 
   212   000FCC                     TMR2            equ	4044	;# 
   213   000FCD                     T1CON           equ	4045	;# 
   214   000FCE                     TMR1            equ	4046	;# 
   215   000FCE                     TMR1L           equ	4046	;# 
   216   000FCF                     TMR1H           equ	4047	;# 
   217   000FD0                     RCON            equ	4048	;# 
   218   000FD1                     WDTCON          equ	4049	;# 
   219   000FD2                     HLVDCON         equ	4050	;# 
   220   000FD2                     LVDCON          equ	4050	;# 
   221   000FD3                     OSCCON          equ	4051	;# 
   222   000FD5                     T0CON           equ	4053	;# 
   223   000FD6                     TMR0            equ	4054	;# 
   224   000FD6                     TMR0L           equ	4054	;# 
   225   000FD7                     TMR0H           equ	4055	;# 
   226   000FD8                     STATUS          equ	4056	;# 
   227   000FD9                     FSR2            equ	4057	;# 
   228   000FD9                     FSR2L           equ	4057	;# 
   229   000FDA                     FSR2H           equ	4058	;# 
   230   000FDB                     PLUSW2          equ	4059	;# 
   231   000FDC                     PREINC2         equ	4060	;# 
   232   000FDD                     POSTDEC2        equ	4061	;# 
   233   000FDE                     POSTINC2        equ	4062	;# 
   234   000FDF                     INDF2           equ	4063	;# 
   235   000FE0                     BSR             equ	4064	;# 
   236   000FE1                     FSR1            equ	4065	;# 
   237   000FE1                     FSR1L           equ	4065	;# 
   238   000FE2                     FSR1H           equ	4066	;# 
   239   000FE3                     PLUSW1          equ	4067	;# 
   240   000FE4                     PREINC1         equ	4068	;# 
   241   000FE5                     POSTDEC1        equ	4069	;# 
   242   000FE6                     POSTINC1        equ	4070	;# 
   243   000FE7                     INDF1           equ	4071	;# 
   244   000FE8                     WREG            equ	4072	;# 
   245   000FE9                     FSR0            equ	4073	;# 
   246   000FE9                     FSR0L           equ	4073	;# 
   247   000FEA                     FSR0H           equ	4074	;# 
   248   000FEB                     PLUSW0          equ	4075	;# 
   249   000FEC                     PREINC0         equ	4076	;# 
   250   000FED                     POSTDEC0        equ	4077	;# 
   251   000FEE                     POSTINC0        equ	4078	;# 
   252   000FEF                     INDF0           equ	4079	;# 
   253   000FF0                     INTCON3         equ	4080	;# 
   254   000FF1                     INTCON2         equ	4081	;# 
   255   000FF2                     INTCON          equ	4082	;# 
   256   000FF3                     PROD            equ	4083	;# 
   257   000FF3                     PRODL           equ	4083	;# 
   258   000FF4                     PRODH           equ	4084	;# 
   259   000FF5                     TABLAT          equ	4085	;# 
   260   000FF6                     TBLPTR          equ	4086	;# 
   261   000FF6                     TBLPTRL         equ	4086	;# 
   262   000FF7                     TBLPTRH         equ	4087	;# 
   263   000FF8                     TBLPTRU         equ	4088	;# 
   264   000FF9                     PCLAT           equ	4089	;# 
   265   000FF9                     PC              equ	4089	;# 
   266   000FF9                     PCL             equ	4089	;# 
   267   000FFA                     PCLATH          equ	4090	;# 
   268   000FFB                     PCLATU          equ	4091	;# 
   269   000FFC                     STKPTR          equ	4092	;# 
   270   000FFD                     TOS             equ	4093	;# 
   271   000FFD                     TOSL            equ	4093	;# 
   272   000FFE                     TOSH            equ	4094	;# 
   273   000FFF                     TOSU            equ	4095	;# 
   274   000F77                     SSPMSK          equ	3959	;# 
   275   000F78                     SLRCON          equ	3960	;# 
   276   000F79                     CM2CON1         equ	3961	;# 
   277   000F7A                     CM2CON0         equ	3962	;# 
   278   000F7B                     CM1CON0         equ	3963	;# 
   279   000F7C                     WPUB            equ	3964	;# 
   280   000F7D                     IOCB            equ	3965	;# 
   281   000F7E                     ANSEL           equ	3966	;# 
   282   000F7F                     ANSELH          equ	3967	;# 
   283   000F80                     PORTA           equ	3968	;# 
   284   000F81                     PORTB           equ	3969	;# 
   285   000F82                     PORTC           equ	3970	;# 
   286   000F83                     PORTD           equ	3971	;# 
   287   000F84                     PORTE           equ	3972	;# 
   288   000F89                     LATA            equ	3977	;# 
   289   000F8A                     LATB            equ	3978	;# 
   290   000F8B                     LATC            equ	3979	;# 
   291   000F8C                     LATD            equ	3980	;# 
   292   000F8D                     LATE            equ	3981	;# 
   293   000F92                     TRISA           equ	3986	;# 
   294   000F92                     DDRA            equ	3986	;# 
   295   000F93                     TRISB           equ	3987	;# 
   296   000F93                     DDRB            equ	3987	;# 
   297   000F94                     TRISC           equ	3988	;# 
   298   000F94                     DDRC            equ	3988	;# 
   299   000F95                     TRISD           equ	3989	;# 
   300   000F95                     DDRD            equ	3989	;# 
   301   000F96                     TRISE           equ	3990	;# 
   302   000F96                     DDRE            equ	3990	;# 
   303   000F9B                     OSCTUNE         equ	3995	;# 
   304   000F9D                     PIE1            equ	3997	;# 
   305   000F9E                     PIR1            equ	3998	;# 
   306   000F9F                     IPR1            equ	3999	;# 
   307   000FA0                     PIE2            equ	4000	;# 
   308   000FA1                     PIR2            equ	4001	;# 
   309   000FA2                     IPR2            equ	4002	;# 
   310   000FA6                     EECON1          equ	4006	;# 
   311   000FA7                     EECON2          equ	4007	;# 
   312   000FA8                     EEDATA          equ	4008	;# 
   313   000FA9                     EEADR           equ	4009	;# 
   314   000FAA                     EEADRH          equ	4010	;# 
   315   000FAB                     RCSTA           equ	4011	;# 
   316   000FAB                     RCSTA1          equ	4011	;# 
   317   000FAC                     TXSTA           equ	4012	;# 
   318   000FAC                     TXSTA1          equ	4012	;# 
   319   000FAD                     TXREG           equ	4013	;# 
   320   000FAD                     TXREG1          equ	4013	;# 
   321   000FAE                     RCREG           equ	4014	;# 
   322   000FAE                     RCREG1          equ	4014	;# 
   323   000FAF                     SPBRG           equ	4015	;# 
   324   000FAF                     SPBRG1          equ	4015	;# 
   325   000FB0                     SPBRGH          equ	4016	;# 
   326   000FB1                     T3CON           equ	4017	;# 
   327   000FB2                     TMR3            equ	4018	;# 
   328   000FB2                     TMR3L           equ	4018	;# 
   329   000FB3                     TMR3H           equ	4019	;# 
   330   000FB4                     CVRCON2         equ	4020	;# 
   331   000FB5                     CVRCON          equ	4021	;# 
   332   000FB6                     ECCP1AS         equ	4022	;# 
   333   000FB7                     PWM1CON         equ	4023	;# 
   334   000FB8                     BAUDCON         equ	4024	;# 
   335   000FB8                     BAUDCTL         equ	4024	;# 
   336   000FB9                     PSTRCON         equ	4025	;# 
   337   000FBA                     CCP2CON         equ	4026	;# 
   338   000FBB                     CCPR2           equ	4027	;# 
   339   000FBB                     CCPR2L          equ	4027	;# 
   340   000FBC                     CCPR2H          equ	4028	;# 
   341   000FBD                     CCP1CON         equ	4029	;# 
   342   000FBE                     CCPR1           equ	4030	;# 
   343   000FBE                     CCPR1L          equ	4030	;# 
   344   000FBF                     CCPR1H          equ	4031	;# 
   345   000FC0                     ADCON2          equ	4032	;# 
   346   000FC1                     ADCON1          equ	4033	;# 
   347   000FC2                     ADCON0          equ	4034	;# 
   348   000FC3                     ADRES           equ	4035	;# 
   349   000FC3                     ADRESL          equ	4035	;# 
   350   000FC4                     ADRESH          equ	4036	;# 
   351   000FC5                     SSPCON2         equ	4037	;# 
   352   000FC6                     SSPCON1         equ	4038	;# 
   353   000FC7                     SSPSTAT         equ	4039	;# 
   354   000FC8                     SSPADD          equ	4040	;# 
   355   000FC9                     SSPBUF          equ	4041	;# 
   356   000FCA                     T2CON           equ	4042	;# 
   357   000FCB                     PR2             equ	4043	;# 
   358   000FCB                     MEMCON          equ	4043	;# 
   359   000FCC                     TMR2            equ	4044	;# 
   360   000FCD                     T1CON           equ	4045	;# 
   361   000FCE                     TMR1            equ	4046	;# 
   362   000FCE                     TMR1L           equ	4046	;# 
   363   000FCF                     TMR1H           equ	4047	;# 
   364   000FD0                     RCON            equ	4048	;# 
   365   000FD1                     WDTCON          equ	4049	;# 
   366   000FD2                     HLVDCON         equ	4050	;# 
   367   000FD2                     LVDCON          equ	4050	;# 
   368   000FD3                     OSCCON          equ	4051	;# 
   369   000FD5                     T0CON           equ	4053	;# 
   370   000FD6                     TMR0            equ	4054	;# 
   371   000FD6                     TMR0L           equ	4054	;# 
   372   000FD7                     TMR0H           equ	4055	;# 
   373   000FD8                     STATUS          equ	4056	;# 
   374   000FD9                     FSR2            equ	4057	;# 
   375   000FD9                     FSR2L           equ	4057	;# 
   376   000FDA                     FSR2H           equ	4058	;# 
   377   000FDB                     PLUSW2          equ	4059	;# 
   378   000FDC                     PREINC2         equ	4060	;# 
   379   000FDD                     POSTDEC2        equ	4061	;# 
   380   000FDE                     POSTINC2        equ	4062	;# 
   381   000FDF                     INDF2           equ	4063	;# 
   382   000FE0                     BSR             equ	4064	;# 
   383   000FE1                     FSR1            equ	4065	;# 
   384   000FE1                     FSR1L           equ	4065	;# 
   385   000FE2                     FSR1H           equ	4066	;# 
   386   000FE3                     PLUSW1          equ	4067	;# 
   387   000FE4                     PREINC1         equ	4068	;# 
   388   000FE5                     POSTDEC1        equ	4069	;# 
   389   000FE6                     POSTINC1        equ	4070	;# 
   390   000FE7                     INDF1           equ	4071	;# 
   391   000FE8                     WREG            equ	4072	;# 
   392   000FE9                     FSR0            equ	4073	;# 
   393   000FE9                     FSR0L           equ	4073	;# 
   394   000FEA                     FSR0H           equ	4074	;# 
   395   000FEB                     PLUSW0          equ	4075	;# 
   396   000FEC                     PREINC0         equ	4076	;# 
   397   000FED                     POSTDEC0        equ	4077	;# 
   398   000FEE                     POSTINC0        equ	4078	;# 
   399   000FEF                     INDF0           equ	4079	;# 
   400   000FF0                     INTCON3         equ	4080	;# 
   401   000FF1                     INTCON2         equ	4081	;# 
   402   000FF2                     INTCON          equ	4082	;# 
   403   000FF3                     PROD            equ	4083	;# 
   404   000FF3                     PRODL           equ	4083	;# 
   405   000FF4                     PRODH           equ	4084	;# 
   406   000FF5                     TABLAT          equ	4085	;# 
   407   000FF6                     TBLPTR          equ	4086	;# 
   408   000FF6                     TBLPTRL         equ	4086	;# 
   409   000FF7                     TBLPTRH         equ	4087	;# 
   410   000FF8                     TBLPTRU         equ	4088	;# 
   411   000FF9                     PCLAT           equ	4089	;# 
   412   000FF9                     PC              equ	4089	;# 
   413   000FF9                     PCL             equ	4089	;# 
   414   000FFA                     PCLATH          equ	4090	;# 
   415   000FFB                     PCLATU          equ	4091	;# 
   416   000FFC                     STKPTR          equ	4092	;# 
   417   000FFD                     TOS             equ	4093	;# 
   418   000FFD                     TOSL            equ	4093	;# 
   419   000FFE                     TOSH            equ	4094	;# 
   420   000FFF                     TOSU            equ	4095	;# 
   421   000F77                     SSPMSK          equ	3959	;# 
   422   000F78                     SLRCON          equ	3960	;# 
   423   000F79                     CM2CON1         equ	3961	;# 
   424   000F7A                     CM2CON0         equ	3962	;# 
   425   000F7B                     CM1CON0         equ	3963	;# 
   426   000F7C                     WPUB            equ	3964	;# 
   427   000F7D                     IOCB            equ	3965	;# 
   428   000F7E                     ANSEL           equ	3966	;# 
   429   000F7F                     ANSELH          equ	3967	;# 
   430   000F80                     PORTA           equ	3968	;# 
   431   000F81                     PORTB           equ	3969	;# 
   432   000F82                     PORTC           equ	3970	;# 
   433   000F83                     PORTD           equ	3971	;# 
   434   000F84                     PORTE           equ	3972	;# 
   435   000F89                     LATA            equ	3977	;# 
   436   000F8A                     LATB            equ	3978	;# 
   437   000F8B                     LATC            equ	3979	;# 
   438   000F8C                     LATD            equ	3980	;# 
   439   000F8D                     LATE            equ	3981	;# 
   440   000F92                     TRISA           equ	3986	;# 
   441   000F92                     DDRA            equ	3986	;# 
   442   000F93                     TRISB           equ	3987	;# 
   443   000F93                     DDRB            equ	3987	;# 
   444   000F94                     TRISC           equ	3988	;# 
   445   000F94                     DDRC            equ	3988	;# 
   446   000F95                     TRISD           equ	3989	;# 
   447   000F95                     DDRD            equ	3989	;# 
   448   000F96                     TRISE           equ	3990	;# 
   449   000F96                     DDRE            equ	3990	;# 
   450   000F9B                     OSCTUNE         equ	3995	;# 
   451   000F9D                     PIE1            equ	3997	;# 
   452   000F9E                     PIR1            equ	3998	;# 
   453   000F9F                     IPR1            equ	3999	;# 
   454   000FA0                     PIE2            equ	4000	;# 
   455   000FA1                     PIR2            equ	4001	;# 
   456   000FA2                     IPR2            equ	4002	;# 
   457   000FA6                     EECON1          equ	4006	;# 
   458   000FA7                     EECON2          equ	4007	;# 
   459   000FA8                     EEDATA          equ	4008	;# 
   460   000FA9                     EEADR           equ	4009	;# 
   461   000FAA                     EEADRH          equ	4010	;# 
   462   000FAB                     RCSTA           equ	4011	;# 
   463   000FAB                     RCSTA1          equ	4011	;# 
   464   000FAC                     TXSTA           equ	4012	;# 
   465   000FAC                     TXSTA1          equ	4012	;# 
   466   000FAD                     TXREG           equ	4013	;# 
   467   000FAD                     TXREG1          equ	4013	;# 
   468   000FAE                     RCREG           equ	4014	;# 
   469   000FAE                     RCREG1          equ	4014	;# 
   470   000FAF                     SPBRG           equ	4015	;# 
   471   000FAF                     SPBRG1          equ	4015	;# 
   472   000FB0                     SPBRGH          equ	4016	;# 
   473   000FB1                     T3CON           equ	4017	;# 
   474   000FB2                     TMR3            equ	4018	;# 
   475   000FB2                     TMR3L           equ	4018	;# 
   476   000FB3                     TMR3H           equ	4019	;# 
   477   000FB4                     CVRCON2         equ	4020	;# 
   478   000FB5                     CVRCON          equ	4021	;# 
   479   000FB6                     ECCP1AS         equ	4022	;# 
   480   000FB7                     PWM1CON         equ	4023	;# 
   481   000FB8                     BAUDCON         equ	4024	;# 
   482   000FB8                     BAUDCTL         equ	4024	;# 
   483   000FB9                     PSTRCON         equ	4025	;# 
   484   000FBA                     CCP2CON         equ	4026	;# 
   485   000FBB                     CCPR2           equ	4027	;# 
   486   000FBB                     CCPR2L          equ	4027	;# 
   487   000FBC                     CCPR2H          equ	4028	;# 
   488   000FBD                     CCP1CON         equ	4029	;# 
   489   000FBE                     CCPR1           equ	4030	;# 
   490   000FBE                     CCPR1L          equ	4030	;# 
   491   000FBF                     CCPR1H          equ	4031	;# 
   492   000FC0                     ADCON2          equ	4032	;# 
   493   000FC1                     ADCON1          equ	4033	;# 
   494   000FC2                     ADCON0          equ	4034	;# 
   495   000FC3                     ADRES           equ	4035	;# 
   496   000FC3                     ADRESL          equ	4035	;# 
   497   000FC4                     ADRESH          equ	4036	;# 
   498   000FC5                     SSPCON2         equ	4037	;# 
   499   000FC6                     SSPCON1         equ	4038	;# 
   500   000FC7                     SSPSTAT         equ	4039	;# 
   501   000FC8                     SSPADD          equ	4040	;# 
   502   000FC9                     SSPBUF          equ	4041	;# 
   503   000FCA                     T2CON           equ	4042	;# 
   504   000FCB                     PR2             equ	4043	;# 
   505   000FCB                     MEMCON          equ	4043	;# 
   506   000FCC                     TMR2            equ	4044	;# 
   507   000FCD                     T1CON           equ	4045	;# 
   508   000FCE                     TMR1            equ	4046	;# 
   509   000FCE                     TMR1L           equ	4046	;# 
   510   000FCF                     TMR1H           equ	4047	;# 
   511   000FD0                     RCON            equ	4048	;# 
   512   000FD1                     WDTCON          equ	4049	;# 
   513   000FD2                     HLVDCON         equ	4050	;# 
   514   000FD2                     LVDCON          equ	4050	;# 
   515   000FD3                     OSCCON          equ	4051	;# 
   516   000FD5                     T0CON           equ	4053	;# 
   517   000FD6                     TMR0            equ	4054	;# 
   518   000FD6                     TMR0L           equ	4054	;# 
   519   000FD7                     TMR0H           equ	4055	;# 
   520   000FD8                     STATUS          equ	4056	;# 
   521   000FD9                     FSR2            equ	4057	;# 
   522   000FD9                     FSR2L           equ	4057	;# 
   523   000FDA                     FSR2H           equ	4058	;# 
   524   000FDB                     PLUSW2          equ	4059	;# 
   525   000FDC                     PREINC2         equ	4060	;# 
   526   000FDD                     POSTDEC2        equ	4061	;# 
   527   000FDE                     POSTINC2        equ	4062	;# 
   528   000FDF                     INDF2           equ	4063	;# 
   529   000FE0                     BSR             equ	4064	;# 
   530   000FE1                     FSR1            equ	4065	;# 
   531   000FE1                     FSR1L           equ	4065	;# 
   532   000FE2                     FSR1H           equ	4066	;# 
   533   000FE3                     PLUSW1          equ	4067	;# 
   534   000FE4                     PREINC1         equ	4068	;# 
   535   000FE5                     POSTDEC1        equ	4069	;# 
   536   000FE6                     POSTINC1        equ	4070	;# 
   537   000FE7                     INDF1           equ	4071	;# 
   538   000FE8                     WREG            equ	4072	;# 
   539   000FE9                     FSR0            equ	4073	;# 
   540   000FE9                     FSR0L           equ	4073	;# 
   541   000FEA                     FSR0H           equ	4074	;# 
   542   000FEB                     PLUSW0          equ	4075	;# 
   543   000FEC                     PREINC0         equ	4076	;# 
   544   000FED                     POSTDEC0        equ	4077	;# 
   545   000FEE                     POSTINC0        equ	4078	;# 
   546   000FEF                     INDF0           equ	4079	;# 
   547   000FF0                     INTCON3         equ	4080	;# 
   548   000FF1                     INTCON2         equ	4081	;# 
   549   000FF2                     INTCON          equ	4082	;# 
   550   000FF3                     PROD            equ	4083	;# 
   551   000FF3                     PRODL           equ	4083	;# 
   552   000FF4                     PRODH           equ	4084	;# 
   553   000FF5                     TABLAT          equ	4085	;# 
   554   000FF6                     TBLPTR          equ	4086	;# 
   555   000FF6                     TBLPTRL         equ	4086	;# 
   556   000FF7                     TBLPTRH         equ	4087	;# 
   557   000FF8                     TBLPTRU         equ	4088	;# 
   558   000FF9                     PCLAT           equ	4089	;# 
   559   000FF9                     PC              equ	4089	;# 
   560   000FF9                     PCL             equ	4089	;# 
   561   000FFA                     PCLATH          equ	4090	;# 
   562   000FFB                     PCLATU          equ	4091	;# 
   563   000FFC                     STKPTR          equ	4092	;# 
   564   000FFD                     TOS             equ	4093	;# 
   565   000FFD                     TOSL            equ	4093	;# 
   566   000FFE                     TOSH            equ	4094	;# 
   567   000FFF                     TOSU            equ	4095	;# 
   568   000F77                     SSPMSK          equ	3959	;# 
   569   000F78                     SLRCON          equ	3960	;# 
   570   000F79                     CM2CON1         equ	3961	;# 
   571   000F7A                     CM2CON0         equ	3962	;# 
   572   000F7B                     CM1CON0         equ	3963	;# 
   573   000F7C                     WPUB            equ	3964	;# 
   574   000F7D                     IOCB            equ	3965	;# 
   575   000F7E                     ANSEL           equ	3966	;# 
   576   000F7F                     ANSELH          equ	3967	;# 
   577   000F80                     PORTA           equ	3968	;# 
   578   000F81                     PORTB           equ	3969	;# 
   579   000F82                     PORTC           equ	3970	;# 
   580   000F83                     PORTD           equ	3971	;# 
   581   000F84                     PORTE           equ	3972	;# 
   582   000F89                     LATA            equ	3977	;# 
   583   000F8A                     LATB            equ	3978	;# 
   584   000F8B                     LATC            equ	3979	;# 
   585   000F8C                     LATD            equ	3980	;# 
   586   000F8D                     LATE            equ	3981	;# 
   587   000F92                     TRISA           equ	3986	;# 
   588   000F92                     DDRA            equ	3986	;# 
   589   000F93                     TRISB           equ	3987	;# 
   590   000F93                     DDRB            equ	3987	;# 
   591   000F94                     TRISC           equ	3988	;# 
   592   000F94                     DDRC            equ	3988	;# 
   593   000F95                     TRISD           equ	3989	;# 
   594   000F95                     DDRD            equ	3989	;# 
   595   000F96                     TRISE           equ	3990	;# 
   596   000F96                     DDRE            equ	3990	;# 
   597   000F9B                     OSCTUNE         equ	3995	;# 
   598   000F9D                     PIE1            equ	3997	;# 
   599   000F9E                     PIR1            equ	3998	;# 
   600   000F9F                     IPR1            equ	3999	;# 
   601   000FA0                     PIE2            equ	4000	;# 
   602   000FA1                     PIR2            equ	4001	;# 
   603   000FA2                     IPR2            equ	4002	;# 
   604   000FA6                     EECON1          equ	4006	;# 
   605   000FA7                     EECON2          equ	4007	;# 
   606   000FA8                     EEDATA          equ	4008	;# 
   607   000FA9                     EEADR           equ	4009	;# 
   608   000FAA                     EEADRH          equ	4010	;# 
   609   000FAB                     RCSTA           equ	4011	;# 
   610   000FAB                     RCSTA1          equ	4011	;# 
   611   000FAC                     TXSTA           equ	4012	;# 
   612   000FAC                     TXSTA1          equ	4012	;# 
   613   000FAD                     TXREG           equ	4013	;# 
   614   000FAD                     TXREG1          equ	4013	;# 
   615   000FAE                     RCREG           equ	4014	;# 
   616   000FAE                     RCREG1          equ	4014	;# 
   617   000FAF                     SPBRG           equ	4015	;# 
   618   000FAF                     SPBRG1          equ	4015	;# 
   619   000FB0                     SPBRGH          equ	4016	;# 
   620   000FB1                     T3CON           equ	4017	;# 
   621   000FB2                     TMR3            equ	4018	;# 
   622   000FB2                     TMR3L           equ	4018	;# 
   623   000FB3                     TMR3H           equ	4019	;# 
   624   000FB4                     CVRCON2         equ	4020	;# 
   625   000FB5                     CVRCON          equ	4021	;# 
   626   000FB6                     ECCP1AS         equ	4022	;# 
   627   000FB7                     PWM1CON         equ	4023	;# 
   628   000FB8                     BAUDCON         equ	4024	;# 
   629   000FB8                     BAUDCTL         equ	4024	;# 
   630   000FB9                     PSTRCON         equ	4025	;# 
   631   000FBA                     CCP2CON         equ	4026	;# 
   632   000FBB                     CCPR2           equ	4027	;# 
   633   000FBB                     CCPR2L          equ	4027	;# 
   634   000FBC                     CCPR2H          equ	4028	;# 
   635   000FBD                     CCP1CON         equ	4029	;# 
   636   000FBE                     CCPR1           equ	4030	;# 
   637   000FBE                     CCPR1L          equ	4030	;# 
   638   000FBF                     CCPR1H          equ	4031	;# 
   639   000FC0                     ADCON2          equ	4032	;# 
   640   000FC1                     ADCON1          equ	4033	;# 
   641   000FC2                     ADCON0          equ	4034	;# 
   642   000FC3                     ADRES           equ	4035	;# 
   643   000FC3                     ADRESL          equ	4035	;# 
   644   000FC4                     ADRESH          equ	4036	;# 
   645   000FC5                     SSPCON2         equ	4037	;# 
   646   000FC6                     SSPCON1         equ	4038	;# 
   647   000FC7                     SSPSTAT         equ	4039	;# 
   648   000FC8                     SSPADD          equ	4040	;# 
   649   000FC9                     SSPBUF          equ	4041	;# 
   650   000FCA                     T2CON           equ	4042	;# 
   651   000FCB                     PR2             equ	4043	;# 
   652   000FCB                     MEMCON          equ	4043	;# 
   653   000FCC                     TMR2            equ	4044	;# 
   654   000FCD                     T1CON           equ	4045	;# 
   655   000FCE                     TMR1            equ	4046	;# 
   656   000FCE                     TMR1L           equ	4046	;# 
   657   000FCF                     TMR1H           equ	4047	;# 
   658   000FD0                     RCON            equ	4048	;# 
   659   000FD1                     WDTCON          equ	4049	;# 
   660   000FD2                     HLVDCON         equ	4050	;# 
   661   000FD2                     LVDCON          equ	4050	;# 
   662   000FD3                     OSCCON          equ	4051	;# 
   663   000FD5                     T0CON           equ	4053	;# 
   664   000FD6                     TMR0            equ	4054	;# 
   665   000FD6                     TMR0L           equ	4054	;# 
   666   000FD7                     TMR0H           equ	4055	;# 
   667   000FD8                     STATUS          equ	4056	;# 
   668   000FD9                     FSR2            equ	4057	;# 
   669   000FD9                     FSR2L           equ	4057	;# 
   670   000FDA                     FSR2H           equ	4058	;# 
   671   000FDB                     PLUSW2          equ	4059	;# 
   672   000FDC                     PREINC2         equ	4060	;# 
   673   000FDD                     POSTDEC2        equ	4061	;# 
   674   000FDE                     POSTINC2        equ	4062	;# 
   675   000FDF                     INDF2           equ	4063	;# 
   676   000FE0                     BSR             equ	4064	;# 
   677   000FE1                     FSR1            equ	4065	;# 
   678   000FE1                     FSR1L           equ	4065	;# 
   679   000FE2                     FSR1H           equ	4066	;# 
   680   000FE3                     PLUSW1          equ	4067	;# 
   681   000FE4                     PREINC1         equ	4068	;# 
   682   000FE5                     POSTDEC1        equ	4069	;# 
   683   000FE6                     POSTINC1        equ	4070	;# 
   684   000FE7                     INDF1           equ	4071	;# 
   685   000FE8                     WREG            equ	4072	;# 
   686   000FE9                     FSR0            equ	4073	;# 
   687   000FE9                     FSR0L           equ	4073	;# 
   688   000FEA                     FSR0H           equ	4074	;# 
   689   000FEB                     PLUSW0          equ	4075	;# 
   690   000FEC                     PREINC0         equ	4076	;# 
   691   000FED                     POSTDEC0        equ	4077	;# 
   692   000FEE                     POSTINC0        equ	4078	;# 
   693   000FEF                     INDF0           equ	4079	;# 
   694   000FF0                     INTCON3         equ	4080	;# 
   695   000FF1                     INTCON2         equ	4081	;# 
   696   000FF2                     INTCON          equ	4082	;# 
   697   000FF3                     PROD            equ	4083	;# 
   698   000FF3                     PRODL           equ	4083	;# 
   699   000FF4                     PRODH           equ	4084	;# 
   700   000FF5                     TABLAT          equ	4085	;# 
   701   000FF6                     TBLPTR          equ	4086	;# 
   702   000FF6                     TBLPTRL         equ	4086	;# 
   703   000FF7                     TBLPTRH         equ	4087	;# 
   704   000FF8                     TBLPTRU         equ	4088	;# 
   705   000FF9                     PCLAT           equ	4089	;# 
   706   000FF9                     PC              equ	4089	;# 
   707   000FF9                     PCL             equ	4089	;# 
   708   000FFA                     PCLATH          equ	4090	;# 
   709   000FFB                     PCLATU          equ	4091	;# 
   710   000FFC                     STKPTR          equ	4092	;# 
   711   000FFD                     TOS             equ	4093	;# 
   712   000FFD                     TOSL            equ	4093	;# 
   713   000FFE                     TOSH            equ	4094	;# 
   714   000FFF                     TOSU            equ	4095	;# 
   715   000F77                     SSPMSK          equ	3959	;# 
   716   000F78                     SLRCON          equ	3960	;# 
   717   000F79                     CM2CON1         equ	3961	;# 
   718   000F7A                     CM2CON0         equ	3962	;# 
   719   000F7B                     CM1CON0         equ	3963	;# 
   720   000F7C                     WPUB            equ	3964	;# 
   721   000F7D                     IOCB            equ	3965	;# 
   722   000F7E                     ANSEL           equ	3966	;# 
   723   000F7F                     ANSELH          equ	3967	;# 
   724   000F80                     PORTA           equ	3968	;# 
   725   000F81                     PORTB           equ	3969	;# 
   726   000F82                     PORTC           equ	3970	;# 
   727   000F83                     PORTD           equ	3971	;# 
   728   000F84                     PORTE           equ	3972	;# 
   729   000F89                     LATA            equ	3977	;# 
   730   000F8A                     LATB            equ	3978	;# 
   731   000F8B                     LATC            equ	3979	;# 
   732   000F8C                     LATD            equ	3980	;# 
   733   000F8D                     LATE            equ	3981	;# 
   734   000F92                     TRISA           equ	3986	;# 
   735   000F92                     DDRA            equ	3986	;# 
   736   000F93                     TRISB           equ	3987	;# 
   737   000F93                     DDRB            equ	3987	;# 
   738   000F94                     TRISC           equ	3988	;# 
   739   000F94                     DDRC            equ	3988	;# 
   740   000F95                     TRISD           equ	3989	;# 
   741   000F95                     DDRD            equ	3989	;# 
   742   000F96                     TRISE           equ	3990	;# 
   743   000F96                     DDRE            equ	3990	;# 
   744   000F9B                     OSCTUNE         equ	3995	;# 
   745   000F9D                     PIE1            equ	3997	;# 
   746   000F9E                     PIR1            equ	3998	;# 
   747   000F9F                     IPR1            equ	3999	;# 
   748   000FA0                     PIE2            equ	4000	;# 
   749   000FA1                     PIR2            equ	4001	;# 
   750   000FA2                     IPR2            equ	4002	;# 
   751   000FA6                     EECON1          equ	4006	;# 
   752   000FA7                     EECON2          equ	4007	;# 
   753   000FA8                     EEDATA          equ	4008	;# 
   754   000FA9                     EEADR           equ	4009	;# 
   755   000FAA                     EEADRH          equ	4010	;# 
   756   000FAB                     RCSTA           equ	4011	;# 
   757   000FAB                     RCSTA1          equ	4011	;# 
   758   000FAC                     TXSTA           equ	4012	;# 
   759   000FAC                     TXSTA1          equ	4012	;# 
   760   000FAD                     TXREG           equ	4013	;# 
   761   000FAD                     TXREG1          equ	4013	;# 
   762   000FAE                     RCREG           equ	4014	;# 
   763   000FAE                     RCREG1          equ	4014	;# 
   764   000FAF                     SPBRG           equ	4015	;# 
   765   000FAF                     SPBRG1          equ	4015	;# 
   766   000FB0                     SPBRGH          equ	4016	;# 
   767   000FB1                     T3CON           equ	4017	;# 
   768   000FB2                     TMR3            equ	4018	;# 
   769   000FB2                     TMR3L           equ	4018	;# 
   770   000FB3                     TMR3H           equ	4019	;# 
   771   000FB4                     CVRCON2         equ	4020	;# 
   772   000FB5                     CVRCON          equ	4021	;# 
   773   000FB6                     ECCP1AS         equ	4022	;# 
   774   000FB7                     PWM1CON         equ	4023	;# 
   775   000FB8                     BAUDCON         equ	4024	;# 
   776   000FB8                     BAUDCTL         equ	4024	;# 
   777   000FB9                     PSTRCON         equ	4025	;# 
   778   000FBA                     CCP2CON         equ	4026	;# 
   779   000FBB                     CCPR2           equ	4027	;# 
   780   000FBB                     CCPR2L          equ	4027	;# 
   781   000FBC                     CCPR2H          equ	4028	;# 
   782   000FBD                     CCP1CON         equ	4029	;# 
   783   000FBE                     CCPR1           equ	4030	;# 
   784   000FBE                     CCPR1L          equ	4030	;# 
   785   000FBF                     CCPR1H          equ	4031	;# 
   786   000FC0                     ADCON2          equ	4032	;# 
   787   000FC1                     ADCON1          equ	4033	;# 
   788   000FC2                     ADCON0          equ	4034	;# 
   789   000FC3                     ADRES           equ	4035	;# 
   790   000FC3                     ADRESL          equ	4035	;# 
   791   000FC4                     ADRESH          equ	4036	;# 
   792   000FC5                     SSPCON2         equ	4037	;# 
   793   000FC6                     SSPCON1         equ	4038	;# 
   794   000FC7                     SSPSTAT         equ	4039	;# 
   795   000FC8                     SSPADD          equ	4040	;# 
   796   000FC9                     SSPBUF          equ	4041	;# 
   797   000FCA                     T2CON           equ	4042	;# 
   798   000FCB                     PR2             equ	4043	;# 
   799   000FCB                     MEMCON          equ	4043	;# 
   800   000FCC                     TMR2            equ	4044	;# 
   801   000FCD                     T1CON           equ	4045	;# 
   802   000FCE                     TMR1            equ	4046	;# 
   803   000FCE                     TMR1L           equ	4046	;# 
   804   000FCF                     TMR1H           equ	4047	;# 
   805   000FD0                     RCON            equ	4048	;# 
   806   000FD1                     WDTCON          equ	4049	;# 
   807   000FD2                     HLVDCON         equ	4050	;# 
   808   000FD2                     LVDCON          equ	4050	;# 
   809   000FD3                     OSCCON          equ	4051	;# 
   810   000FD5                     T0CON           equ	4053	;# 
   811   000FD6                     TMR0            equ	4054	;# 
   812   000FD6                     TMR0L           equ	4054	;# 
   813   000FD7                     TMR0H           equ	4055	;# 
   814   000FD8                     STATUS          equ	4056	;# 
   815   000FD9                     FSR2            equ	4057	;# 
   816   000FD9                     FSR2L           equ	4057	;# 
   817   000FDA                     FSR2H           equ	4058	;# 
   818   000FDB                     PLUSW2          equ	4059	;# 
   819   000FDC                     PREINC2         equ	4060	;# 
   820   000FDD                     POSTDEC2        equ	4061	;# 
   821   000FDE                     POSTINC2        equ	4062	;# 
   822   000FDF                     INDF2           equ	4063	;# 
   823   000FE0                     BSR             equ	4064	;# 
   824   000FE1                     FSR1            equ	4065	;# 
   825   000FE1                     FSR1L           equ	4065	;# 
   826   000FE2                     FSR1H           equ	4066	;# 
   827   000FE3                     PLUSW1          equ	4067	;# 
   828   000FE4                     PREINC1         equ	4068	;# 
   829   000FE5                     POSTDEC1        equ	4069	;# 
   830   000FE6                     POSTINC1        equ	4070	;# 
   831   000FE7                     INDF1           equ	4071	;# 
   832   000FE8                     WREG            equ	4072	;# 
   833   000FE9                     FSR0            equ	4073	;# 
   834   000FE9                     FSR0L           equ	4073	;# 
   835   000FEA                     FSR0H           equ	4074	;# 
   836   000FEB                     PLUSW0          equ	4075	;# 
   837   000FEC                     PREINC0         equ	4076	;# 
   838   000FED                     POSTDEC0        equ	4077	;# 
   839   000FEE                     POSTINC0        equ	4078	;# 
   840   000FEF                     INDF0           equ	4079	;# 
   841   000FF0                     INTCON3         equ	4080	;# 
   842   000FF1                     INTCON2         equ	4081	;# 
   843   000FF2                     INTCON          equ	4082	;# 
   844   000FF3                     PROD            equ	4083	;# 
   845   000FF3                     PRODL           equ	4083	;# 
   846   000FF4                     PRODH           equ	4084	;# 
   847   000FF5                     TABLAT          equ	4085	;# 
   848   000FF6                     TBLPTR          equ	4086	;# 
   849   000FF6                     TBLPTRL         equ	4086	;# 
   850   000FF7                     TBLPTRH         equ	4087	;# 
   851   000FF8                     TBLPTRU         equ	4088	;# 
   852   000FF9                     PCLAT           equ	4089	;# 
   853   000FF9                     PC              equ	4089	;# 
   854   000FF9                     PCL             equ	4089	;# 
   855   000FFA                     PCLATH          equ	4090	;# 
   856   000FFB                     PCLATU          equ	4091	;# 
   857   000FFC                     STKPTR          equ	4092	;# 
   858   000FFD                     TOS             equ	4093	;# 
   859   000FFD                     TOSL            equ	4093	;# 
   860   000FFE                     TOSH            equ	4094	;# 
   861   000FFF                     TOSU            equ	4095	;# 
   862   000F77                     SSPMSK          equ	3959	;# 
   863   000F78                     SLRCON          equ	3960	;# 
   864   000F79                     CM2CON1         equ	3961	;# 
   865   000F7A                     CM2CON0         equ	3962	;# 
   866   000F7B                     CM1CON0         equ	3963	;# 
   867   000F7C                     WPUB            equ	3964	;# 
   868   000F7D                     IOCB            equ	3965	;# 
   869   000F7E                     ANSEL           equ	3966	;# 
   870   000F7F                     ANSELH          equ	3967	;# 
   871   000F80                     PORTA           equ	3968	;# 
   872   000F81                     PORTB           equ	3969	;# 
   873   000F82                     PORTC           equ	3970	;# 
   874   000F83                     PORTD           equ	3971	;# 
   875   000F84                     PORTE           equ	3972	;# 
   876   000F89                     LATA            equ	3977	;# 
   877   000F8A                     LATB            equ	3978	;# 
   878   000F8B                     LATC            equ	3979	;# 
   879   000F8C                     LATD            equ	3980	;# 
   880   000F8D                     LATE            equ	3981	;# 
   881   000F92                     TRISA           equ	3986	;# 
   882   000F92                     DDRA            equ	3986	;# 
   883   000F93                     TRISB           equ	3987	;# 
   884   000F93                     DDRB            equ	3987	;# 
   885   000F94                     TRISC           equ	3988	;# 
   886   000F94                     DDRC            equ	3988	;# 
   887   000F95                     TRISD           equ	3989	;# 
   888   000F95                     DDRD            equ	3989	;# 
   889   000F96                     TRISE           equ	3990	;# 
   890   000F96                     DDRE            equ	3990	;# 
   891   000F9B                     OSCTUNE         equ	3995	;# 
   892   000F9D                     PIE1            equ	3997	;# 
   893   000F9E                     PIR1            equ	3998	;# 
   894   000F9F                     IPR1            equ	3999	;# 
   895   000FA0                     PIE2            equ	4000	;# 
   896   000FA1                     PIR2            equ	4001	;# 
   897   000FA2                     IPR2            equ	4002	;# 
   898   000FA6                     EECON1          equ	4006	;# 
   899   000FA7                     EECON2          equ	4007	;# 
   900   000FA8                     EEDATA          equ	4008	;# 
   901   000FA9                     EEADR           equ	4009	;# 
   902   000FAA                     EEADRH          equ	4010	;# 
   903   000FAB                     RCSTA           equ	4011	;# 
   904   000FAB                     RCSTA1          equ	4011	;# 
   905   000FAC                     TXSTA           equ	4012	;# 
   906   000FAC                     TXSTA1          equ	4012	;# 
   907   000FAD                     TXREG           equ	4013	;# 
   908   000FAD                     TXREG1          equ	4013	;# 
   909   000FAE                     RCREG           equ	4014	;# 
   910   000FAE                     RCREG1          equ	4014	;# 
   911   000FAF                     SPBRG           equ	4015	;# 
   912   000FAF                     SPBRG1          equ	4015	;# 
   913   000FB0                     SPBRGH          equ	4016	;# 
   914   000FB1                     T3CON           equ	4017	;# 
   915   000FB2                     TMR3            equ	4018	;# 
   916   000FB2                     TMR3L           equ	4018	;# 
   917   000FB3                     TMR3H           equ	4019	;# 
   918   000FB4                     CVRCON2         equ	4020	;# 
   919   000FB5                     CVRCON          equ	4021	;# 
   920   000FB6                     ECCP1AS         equ	4022	;# 
   921   000FB7                     PWM1CON         equ	4023	;# 
   922   000FB8                     BAUDCON         equ	4024	;# 
   923   000FB8                     BAUDCTL         equ	4024	;# 
   924   000FB9                     PSTRCON         equ	4025	;# 
   925   000FBA                     CCP2CON         equ	4026	;# 
   926   000FBB                     CCPR2           equ	4027	;# 
   927   000FBB                     CCPR2L          equ	4027	;# 
   928   000FBC                     CCPR2H          equ	4028	;# 
   929   000FBD                     CCP1CON         equ	4029	;# 
   930   000FBE                     CCPR1           equ	4030	;# 
   931   000FBE                     CCPR1L          equ	4030	;# 
   932   000FBF                     CCPR1H          equ	4031	;# 
   933   000FC0                     ADCON2          equ	4032	;# 
   934   000FC1                     ADCON1          equ	4033	;# 
   935   000FC2                     ADCON0          equ	4034	;# 
   936   000FC3                     ADRES           equ	4035	;# 
   937   000FC3                     ADRESL          equ	4035	;# 
   938   000FC4                     ADRESH          equ	4036	;# 
   939   000FC5                     SSPCON2         equ	4037	;# 
   940   000FC6                     SSPCON1         equ	4038	;# 
   941   000FC7                     SSPSTAT         equ	4039	;# 
   942   000FC8                     SSPADD          equ	4040	;# 
   943   000FC9                     SSPBUF          equ	4041	;# 
   944   000FCA                     T2CON           equ	4042	;# 
   945   000FCB                     PR2             equ	4043	;# 
   946   000FCB                     MEMCON          equ	4043	;# 
   947   000FCC                     TMR2            equ	4044	;# 
   948   000FCD                     T1CON           equ	4045	;# 
   949   000FCE                     TMR1            equ	4046	;# 
   950   000FCE                     TMR1L           equ	4046	;# 
   951   000FCF                     TMR1H           equ	4047	;# 
   952   000FD0                     RCON            equ	4048	;# 
   953   000FD1                     WDTCON          equ	4049	;# 
   954   000FD2                     HLVDCON         equ	4050	;# 
   955   000FD2                     LVDCON          equ	4050	;# 
   956   000FD3                     OSCCON          equ	4051	;# 
   957   000FD5                     T0CON           equ	4053	;# 
   958   000FD6                     TMR0            equ	4054	;# 
   959   000FD6                     TMR0L           equ	4054	;# 
   960   000FD7                     TMR0H           equ	4055	;# 
   961   000FD8                     STATUS          equ	4056	;# 
   962   000FD9                     FSR2            equ	4057	;# 
   963   000FD9                     FSR2L           equ	4057	;# 
   964   000FDA                     FSR2H           equ	4058	;# 
   965   000FDB                     PLUSW2          equ	4059	;# 
   966   000FDC                     PREINC2         equ	4060	;# 
   967   000FDD                     POSTDEC2        equ	4061	;# 
   968   000FDE                     POSTINC2        equ	4062	;# 
   969   000FDF                     INDF2           equ	4063	;# 
   970   000FE0                     BSR             equ	4064	;# 
   971   000FE1                     FSR1            equ	4065	;# 
   972   000FE1                     FSR1L           equ	4065	;# 
   973   000FE2                     FSR1H           equ	4066	;# 
   974   000FE3                     PLUSW1          equ	4067	;# 
   975   000FE4                     PREINC1         equ	4068	;# 
   976   000FE5                     POSTDEC1        equ	4069	;# 
   977   000FE6                     POSTINC1        equ	4070	;# 
   978   000FE7                     INDF1           equ	4071	;# 
   979   000FE8                     WREG            equ	4072	;# 
   980   000FE9                     FSR0            equ	4073	;# 
   981   000FE9                     FSR0L           equ	4073	;# 
   982   000FEA                     FSR0H           equ	4074	;# 
   983   000FEB                     PLUSW0          equ	4075	;# 
   984   000FEC                     PREINC0         equ	4076	;# 
   985   000FED                     POSTDEC0        equ	4077	;# 
   986   000FEE                     POSTINC0        equ	4078	;# 
   987   000FEF                     INDF0           equ	4079	;# 
   988   000FF0                     INTCON3         equ	4080	;# 
   989   000FF1                     INTCON2         equ	4081	;# 
   990   000FF2                     INTCON          equ	4082	;# 
   991   000FF3                     PROD            equ	4083	;# 
   992   000FF3                     PRODL           equ	4083	;# 
   993   000FF4                     PRODH           equ	4084	;# 
   994   000FF5                     TABLAT          equ	4085	;# 
   995   000FF6                     TBLPTR          equ	4086	;# 
   996   000FF6                     TBLPTRL         equ	4086	;# 
   997   000FF7                     TBLPTRH         equ	4087	;# 
   998   000FF8                     TBLPTRU         equ	4088	;# 
   999   000FF9                     PCLAT           equ	4089	;# 
  1000   000FF9                     PC              equ	4089	;# 
  1001   000FF9                     PCL             equ	4089	;# 
  1002   000FFA                     PCLATH          equ	4090	;# 
  1003   000FFB                     PCLATU          equ	4091	;# 
  1004   000FFC                     STKPTR          equ	4092	;# 
  1005   000FFD                     TOS             equ	4093	;# 
  1006   000FFD                     TOSL            equ	4093	;# 
  1007   000FFE                     TOSH            equ	4094	;# 
  1008   000FFF                     TOSU            equ	4095	;# 
  1009   000F77                     SSPMSK          equ	3959	;# 
  1010   000F78                     SLRCON          equ	3960	;# 
  1011   000F79                     CM2CON1         equ	3961	;# 
  1012   000F7A                     CM2CON0         equ	3962	;# 
  1013   000F7B                     CM1CON0         equ	3963	;# 
  1014   000F7C                     WPUB            equ	3964	;# 
  1015   000F7D                     IOCB            equ	3965	;# 
  1016   000F7E                     ANSEL           equ	3966	;# 
  1017   000F7F                     ANSELH          equ	3967	;# 
  1018   000F80                     PORTA           equ	3968	;# 
  1019   000F81                     PORTB           equ	3969	;# 
  1020   000F82                     PORTC           equ	3970	;# 
  1021   000F83                     PORTD           equ	3971	;# 
  1022   000F84                     PORTE           equ	3972	;# 
  1023   000F89                     LATA            equ	3977	;# 
  1024   000F8A                     LATB            equ	3978	;# 
  1025   000F8B                     LATC            equ	3979	;# 
  1026   000F8C                     LATD            equ	3980	;# 
  1027   000F8D                     LATE            equ	3981	;# 
  1028   000F92                     TRISA           equ	3986	;# 
  1029   000F92                     DDRA            equ	3986	;# 
  1030   000F93                     TRISB           equ	3987	;# 
  1031   000F93                     DDRB            equ	3987	;# 
  1032   000F94                     TRISC           equ	3988	;# 
  1033   000F94                     DDRC            equ	3988	;# 
  1034   000F95                     TRISD           equ	3989	;# 
  1035   000F95                     DDRD            equ	3989	;# 
  1036   000F96                     TRISE           equ	3990	;# 
  1037   000F96                     DDRE            equ	3990	;# 
  1038   000F9B                     OSCTUNE         equ	3995	;# 
  1039   000F9D                     PIE1            equ	3997	;# 
  1040   000F9E                     PIR1            equ	3998	;# 
  1041   000F9F                     IPR1            equ	3999	;# 
  1042   000FA0                     PIE2            equ	4000	;# 
  1043   000FA1                     PIR2            equ	4001	;# 
  1044   000FA2                     IPR2            equ	4002	;# 
  1045   000FA6                     EECON1          equ	4006	;# 
  1046   000FA7                     EECON2          equ	4007	;# 
  1047   000FA8                     EEDATA          equ	4008	;# 
  1048   000FA9                     EEADR           equ	4009	;# 
  1049   000FAA                     EEADRH          equ	4010	;# 
  1050   000FAB                     RCSTA           equ	4011	;# 
  1051   000FAB                     RCSTA1          equ	4011	;# 
  1052   000FAC                     TXSTA           equ	4012	;# 
  1053   000FAC                     TXSTA1          equ	4012	;# 
  1054   000FAD                     TXREG           equ	4013	;# 
  1055   000FAD                     TXREG1          equ	4013	;# 
  1056   000FAE                     RCREG           equ	4014	;# 
  1057   000FAE                     RCREG1          equ	4014	;# 
  1058   000FAF                     SPBRG           equ	4015	;# 
  1059   000FAF                     SPBRG1          equ	4015	;# 
  1060   000FB0                     SPBRGH          equ	4016	;# 
  1061   000FB1                     T3CON           equ	4017	;# 
  1062   000FB2                     TMR3            equ	4018	;# 
  1063   000FB2                     TMR3L           equ	4018	;# 
  1064   000FB3                     TMR3H           equ	4019	;# 
  1065   000FB4                     CVRCON2         equ	4020	;# 
  1066   000FB5                     CVRCON          equ	4021	;# 
  1067   000FB6                     ECCP1AS         equ	4022	;# 
  1068   000FB7                     PWM1CON         equ	4023	;# 
  1069   000FB8                     BAUDCON         equ	4024	;# 
  1070   000FB8                     BAUDCTL         equ	4024	;# 
  1071   000FB9                     PSTRCON         equ	4025	;# 
  1072   000FBA                     CCP2CON         equ	4026	;# 
  1073   000FBB                     CCPR2           equ	4027	;# 
  1074   000FBB                     CCPR2L          equ	4027	;# 
  1075   000FBC                     CCPR2H          equ	4028	;# 
  1076   000FBD                     CCP1CON         equ	4029	;# 
  1077   000FBE                     CCPR1           equ	4030	;# 
  1078   000FBE                     CCPR1L          equ	4030	;# 
  1079   000FBF                     CCPR1H          equ	4031	;# 
  1080   000FC0                     ADCON2          equ	4032	;# 
  1081   000FC1                     ADCON1          equ	4033	;# 
  1082   000FC2                     ADCON0          equ	4034	;# 
  1083   000FC3                     ADRES           equ	4035	;# 
  1084   000FC3                     ADRESL          equ	4035	;# 
  1085   000FC4                     ADRESH          equ	4036	;# 
  1086   000FC5                     SSPCON2         equ	4037	;# 
  1087   000FC6                     SSPCON1         equ	4038	;# 
  1088   000FC7                     SSPSTAT         equ	4039	;# 
  1089   000FC8                     SSPADD          equ	4040	;# 
  1090   000FC9                     SSPBUF          equ	4041	;# 
  1091   000FCA                     T2CON           equ	4042	;# 
  1092   000FCB                     PR2             equ	4043	;# 
  1093   000FCB                     MEMCON          equ	4043	;# 
  1094   000FCC                     TMR2            equ	4044	;# 
  1095   000FCD                     T1CON           equ	4045	;# 
  1096   000FCE                     TMR1            equ	4046	;# 
  1097   000FCE                     TMR1L           equ	4046	;# 
  1098   000FCF                     TMR1H           equ	4047	;# 
  1099   000FD0                     RCON            equ	4048	;# 
  1100   000FD1                     WDTCON          equ	4049	;# 
  1101   000FD2                     HLVDCON         equ	4050	;# 
  1102   000FD2                     LVDCON          equ	4050	;# 
  1103   000FD3                     OSCCON          equ	4051	;# 
  1104   000FD5                     T0CON           equ	4053	;# 
  1105   000FD6                     TMR0            equ	4054	;# 
  1106   000FD6                     TMR0L           equ	4054	;# 
  1107   000FD7                     TMR0H           equ	4055	;# 
  1108   000FD8                     STATUS          equ	4056	;# 
  1109   000FD9                     FSR2            equ	4057	;# 
  1110   000FD9                     FSR2L           equ	4057	;# 
  1111   000FDA                     FSR2H           equ	4058	;# 
  1112   000FDB                     PLUSW2          equ	4059	;# 
  1113   000FDC                     PREINC2         equ	4060	;# 
  1114   000FDD                     POSTDEC2        equ	4061	;# 
  1115   000FDE                     POSTINC2        equ	4062	;# 
  1116   000FDF                     INDF2           equ	4063	;# 
  1117   000FE0                     BSR             equ	4064	;# 
  1118   000FE1                     FSR1            equ	4065	;# 
  1119   000FE1                     FSR1L           equ	4065	;# 
  1120   000FE2                     FSR1H           equ	4066	;# 
  1121   000FE3                     PLUSW1          equ	4067	;# 
  1122   000FE4                     PREINC1         equ	4068	;# 
  1123   000FE5                     POSTDEC1        equ	4069	;# 
  1124   000FE6                     POSTINC1        equ	4070	;# 
  1125   000FE7                     INDF1           equ	4071	;# 
  1126   000FE8                     WREG            equ	4072	;# 
  1127   000FE9                     FSR0            equ	4073	;# 
  1128   000FE9                     FSR0L           equ	4073	;# 
  1129   000FEA                     FSR0H           equ	4074	;# 
  1130   000FEB                     PLUSW0          equ	4075	;# 
  1131   000FEC                     PREINC0         equ	4076	;# 
  1132   000FED                     POSTDEC0        equ	4077	;# 
  1133   000FEE                     POSTINC0        equ	4078	;# 
  1134   000FEF                     INDF0           equ	4079	;# 
  1135   000FF0                     INTCON3         equ	4080	;# 
  1136   000FF1                     INTCON2         equ	4081	;# 
  1137   000FF2                     INTCON          equ	4082	;# 
  1138   000FF3                     PROD            equ	4083	;# 
  1139   000FF3                     PRODL           equ	4083	;# 
  1140   000FF4                     PRODH           equ	4084	;# 
  1141   000FF5                     TABLAT          equ	4085	;# 
  1142   000FF6                     TBLPTR          equ	4086	;# 
  1143   000FF6                     TBLPTRL         equ	4086	;# 
  1144   000FF7                     TBLPTRH         equ	4087	;# 
  1145   000FF8                     TBLPTRU         equ	4088	;# 
  1146   000FF9                     PCLAT           equ	4089	;# 
  1147   000FF9                     PC              equ	4089	;# 
  1148   000FF9                     PCL             equ	4089	;# 
  1149   000FFA                     PCLATH          equ	4090	;# 
  1150   000FFB                     PCLATU          equ	4091	;# 
  1151   000FFC                     STKPTR          equ	4092	;# 
  1152   000FFD                     TOS             equ	4093	;# 
  1153   000FFD                     TOSL            equ	4093	;# 
  1154   000FFE                     TOSH            equ	4094	;# 
  1155   000FFF                     TOSU            equ	4095	;# 
  1156   000F77                     SSPMSK          equ	3959	;# 
  1157   000F78                     SLRCON          equ	3960	;# 
  1158   000F79                     CM2CON1         equ	3961	;# 
  1159   000F7A                     CM2CON0         equ	3962	;# 
  1160   000F7B                     CM1CON0         equ	3963	;# 
  1161   000F7C                     WPUB            equ	3964	;# 
  1162   000F7D                     IOCB            equ	3965	;# 
  1163   000F7E                     ANSEL           equ	3966	;# 
  1164   000F7F                     ANSELH          equ	3967	;# 
  1165   000F80                     PORTA           equ	3968	;# 
  1166   000F81                     PORTB           equ	3969	;# 
  1167   000F82                     PORTC           equ	3970	;# 
  1168   000F83                     PORTD           equ	3971	;# 
  1169   000F84                     PORTE           equ	3972	;# 
  1170   000F89                     LATA            equ	3977	;# 
  1171   000F8A                     LATB            equ	3978	;# 
  1172   000F8B                     LATC            equ	3979	;# 
  1173   000F8C                     LATD            equ	3980	;# 
  1174   000F8D                     LATE            equ	3981	;# 
  1175   000F92                     TRISA           equ	3986	;# 
  1176   000F92                     DDRA            equ	3986	;# 
  1177   000F93                     TRISB           equ	3987	;# 
  1178   000F93                     DDRB            equ	3987	;# 
  1179   000F94                     TRISC           equ	3988	;# 
  1180   000F94                     DDRC            equ	3988	;# 
  1181   000F95                     TRISD           equ	3989	;# 
  1182   000F95                     DDRD            equ	3989	;# 
  1183   000F96                     TRISE           equ	3990	;# 
  1184   000F96                     DDRE            equ	3990	;# 
  1185   000F9B                     OSCTUNE         equ	3995	;# 
  1186   000F9D                     PIE1            equ	3997	;# 
  1187   000F9E                     PIR1            equ	3998	;# 
  1188   000F9F                     IPR1            equ	3999	;# 
  1189   000FA0                     PIE2            equ	4000	;# 
  1190   000FA1                     PIR2            equ	4001	;# 
  1191   000FA2                     IPR2            equ	4002	;# 
  1192   000FA6                     EECON1          equ	4006	;# 
  1193   000FA7                     EECON2          equ	4007	;# 
  1194   000FA8                     EEDATA          equ	4008	;# 
  1195   000FA9                     EEADR           equ	4009	;# 
  1196   000FAA                     EEADRH          equ	4010	;# 
  1197   000FAB                     RCSTA           equ	4011	;# 
  1198   000FAB                     RCSTA1          equ	4011	;# 
  1199   000FAC                     TXSTA           equ	4012	;# 
  1200   000FAC                     TXSTA1          equ	4012	;# 
  1201   000FAD                     TXREG           equ	4013	;# 
  1202   000FAD                     TXREG1          equ	4013	;# 
  1203   000FAE                     RCREG           equ	4014	;# 
  1204   000FAE                     RCREG1          equ	4014	;# 
  1205   000FAF                     SPBRG           equ	4015	;# 
  1206   000FAF                     SPBRG1          equ	4015	;# 
  1207   000FB0                     SPBRGH          equ	4016	;# 
  1208   000FB1                     T3CON           equ	4017	;# 
  1209   000FB2                     TMR3            equ	4018	;# 
  1210   000FB2                     TMR3L           equ	4018	;# 
  1211   000FB3                     TMR3H           equ	4019	;# 
  1212   000FB4                     CVRCON2         equ	4020	;# 
  1213   000FB5                     CVRCON          equ	4021	;# 
  1214   000FB6                     ECCP1AS         equ	4022	;# 
  1215   000FB7                     PWM1CON         equ	4023	;# 
  1216   000FB8                     BAUDCON         equ	4024	;# 
  1217   000FB8                     BAUDCTL         equ	4024	;# 
  1218   000FB9                     PSTRCON         equ	4025	;# 
  1219   000FBA                     CCP2CON         equ	4026	;# 
  1220   000FBB                     CCPR2           equ	4027	;# 
  1221   000FBB                     CCPR2L          equ	4027	;# 
  1222   000FBC                     CCPR2H          equ	4028	;# 
  1223   000FBD                     CCP1CON         equ	4029	;# 
  1224   000FBE                     CCPR1           equ	4030	;# 
  1225   000FBE                     CCPR1L          equ	4030	;# 
  1226   000FBF                     CCPR1H          equ	4031	;# 
  1227   000FC0                     ADCON2          equ	4032	;# 
  1228   000FC1                     ADCON1          equ	4033	;# 
  1229   000FC2                     ADCON0          equ	4034	;# 
  1230   000FC3                     ADRES           equ	4035	;# 
  1231   000FC3                     ADRESL          equ	4035	;# 
  1232   000FC4                     ADRESH          equ	4036	;# 
  1233   000FC5                     SSPCON2         equ	4037	;# 
  1234   000FC6                     SSPCON1         equ	4038	;# 
  1235   000FC7                     SSPSTAT         equ	4039	;# 
  1236   000FC8                     SSPADD          equ	4040	;# 
  1237   000FC9                     SSPBUF          equ	4041	;# 
  1238   000FCA                     T2CON           equ	4042	;# 
  1239   000FCB                     PR2             equ	4043	;# 
  1240   000FCB                     MEMCON          equ	4043	;# 
  1241   000FCC                     TMR2            equ	4044	;# 
  1242   000FCD                     T1CON           equ	4045	;# 
  1243   000FCE                     TMR1            equ	4046	;# 
  1244   000FCE                     TMR1L           equ	4046	;# 
  1245   000FCF                     TMR1H           equ	4047	;# 
  1246   000FD0                     RCON            equ	4048	;# 
  1247   000FD1                     WDTCON          equ	4049	;# 
  1248   000FD2                     HLVDCON         equ	4050	;# 
  1249   000FD2                     LVDCON          equ	4050	;# 
  1250   000FD3                     OSCCON          equ	4051	;# 
  1251   000FD5                     T0CON           equ	4053	;# 
  1252   000FD6                     TMR0            equ	4054	;# 
  1253   000FD6                     TMR0L           equ	4054	;# 
  1254   000FD7                     TMR0H           equ	4055	;# 
  1255   000FD8                     STATUS          equ	4056	;# 
  1256   000FD9                     FSR2            equ	4057	;# 
  1257   000FD9                     FSR2L           equ	4057	;# 
  1258   000FDA                     FSR2H           equ	4058	;# 
  1259   000FDB                     PLUSW2          equ	4059	;# 
  1260   000FDC                     PREINC2         equ	4060	;# 
  1261   000FDD                     POSTDEC2        equ	4061	;# 
  1262   000FDE                     POSTINC2        equ	4062	;# 
  1263   000FDF                     INDF2           equ	4063	;# 
  1264   000FE0                     BSR             equ	4064	;# 
  1265   000FE1                     FSR1            equ	4065	;# 
  1266   000FE1                     FSR1L           equ	4065	;# 
  1267   000FE2                     FSR1H           equ	4066	;# 
  1268   000FE3                     PLUSW1          equ	4067	;# 
  1269   000FE4                     PREINC1         equ	4068	;# 
  1270   000FE5                     POSTDEC1        equ	4069	;# 
  1271   000FE6                     POSTINC1        equ	4070	;# 
  1272   000FE7                     INDF1           equ	4071	;# 
  1273   000FE8                     WREG            equ	4072	;# 
  1274   000FE9                     FSR0            equ	4073	;# 
  1275   000FE9                     FSR0L           equ	4073	;# 
  1276   000FEA                     FSR0H           equ	4074	;# 
  1277   000FEB                     PLUSW0          equ	4075	;# 
  1278   000FEC                     PREINC0         equ	4076	;# 
  1279   000FED                     POSTDEC0        equ	4077	;# 
  1280   000FEE                     POSTINC0        equ	4078	;# 
  1281   000FEF                     INDF0           equ	4079	;# 
  1282   000FF0                     INTCON3         equ	4080	;# 
  1283   000FF1                     INTCON2         equ	4081	;# 
  1284   000FF2                     INTCON          equ	4082	;# 
  1285   000FF3                     PROD            equ	4083	;# 
  1286   000FF3                     PRODL           equ	4083	;# 
  1287   000FF4                     PRODH           equ	4084	;# 
  1288   000FF5                     TABLAT          equ	4085	;# 
  1289   000FF6                     TBLPTR          equ	4086	;# 
  1290   000FF6                     TBLPTRL         equ	4086	;# 
  1291   000FF7                     TBLPTRH         equ	4087	;# 
  1292   000FF8                     TBLPTRU         equ	4088	;# 
  1293   000FF9                     PCLAT           equ	4089	;# 
  1294   000FF9                     PC              equ	4089	;# 
  1295   000FF9                     PCL             equ	4089	;# 
  1296   000FFA                     PCLATH          equ	4090	;# 
  1297   000FFB                     PCLATU          equ	4091	;# 
  1298   000FFC                     STKPTR          equ	4092	;# 
  1299   000FFD                     TOS             equ	4093	;# 
  1300   000FFD                     TOSL            equ	4093	;# 
  1301   000FFE                     TOSH            equ	4094	;# 
  1302   000FFF                     TOSU            equ	4095	;# 
  1303   000F77                     SSPMSK          equ	3959	;# 
  1304   000F78                     SLRCON          equ	3960	;# 
  1305   000F79                     CM2CON1         equ	3961	;# 
  1306   000F7A                     CM2CON0         equ	3962	;# 
  1307   000F7B                     CM1CON0         equ	3963	;# 
  1308   000F7C                     WPUB            equ	3964	;# 
  1309   000F7D                     IOCB            equ	3965	;# 
  1310   000F7E                     ANSEL           equ	3966	;# 
  1311   000F7F                     ANSELH          equ	3967	;# 
  1312   000F80                     PORTA           equ	3968	;# 
  1313   000F81                     PORTB           equ	3969	;# 
  1314   000F82                     PORTC           equ	3970	;# 
  1315   000F83                     PORTD           equ	3971	;# 
  1316   000F84                     PORTE           equ	3972	;# 
  1317   000F89                     LATA            equ	3977	;# 
  1318   000F8A                     LATB            equ	3978	;# 
  1319   000F8B                     LATC            equ	3979	;# 
  1320   000F8C                     LATD            equ	3980	;# 
  1321   000F8D                     LATE            equ	3981	;# 
  1322   000F92                     TRISA           equ	3986	;# 
  1323   000F92                     DDRA            equ	3986	;# 
  1324   000F93                     TRISB           equ	3987	;# 
  1325   000F93                     DDRB            equ	3987	;# 
  1326   000F94                     TRISC           equ	3988	;# 
  1327   000F94                     DDRC            equ	3988	;# 
  1328   000F95                     TRISD           equ	3989	;# 
  1329   000F95                     DDRD            equ	3989	;# 
  1330   000F96                     TRISE           equ	3990	;# 
  1331   000F96                     DDRE            equ	3990	;# 
  1332   000F9B                     OSCTUNE         equ	3995	;# 
  1333   000F9D                     PIE1            equ	3997	;# 
  1334   000F9E                     PIR1            equ	3998	;# 
  1335   000F9F                     IPR1            equ	3999	;# 
  1336   000FA0                     PIE2            equ	4000	;# 
  1337   000FA1                     PIR2            equ	4001	;# 
  1338   000FA2                     IPR2            equ	4002	;# 
  1339   000FA6                     EECON1          equ	4006	;# 
  1340   000FA7                     EECON2          equ	4007	;# 
  1341   000FA8                     EEDATA          equ	4008	;# 
  1342   000FA9                     EEADR           equ	4009	;# 
  1343   000FAA                     EEADRH          equ	4010	;# 
  1344   000FAB                     RCSTA           equ	4011	;# 
  1345   000FAB                     RCSTA1          equ	4011	;# 
  1346   000FAC                     TXSTA           equ	4012	;# 
  1347   000FAC                     TXSTA1          equ	4012	;# 
  1348   000FAD                     TXREG           equ	4013	;# 
  1349   000FAD                     TXREG1          equ	4013	;# 
  1350   000FAE                     RCREG           equ	4014	;# 
  1351   000FAE                     RCREG1          equ	4014	;# 
  1352   000FAF                     SPBRG           equ	4015	;# 
  1353   000FAF                     SPBRG1          equ	4015	;# 
  1354   000FB0                     SPBRGH          equ	4016	;# 
  1355   000FB1                     T3CON           equ	4017	;# 
  1356   000FB2                     TMR3            equ	4018	;# 
  1357   000FB2                     TMR3L           equ	4018	;# 
  1358   000FB3                     TMR3H           equ	4019	;# 
  1359   000FB4                     CVRCON2         equ	4020	;# 
  1360   000FB5                     CVRCON          equ	4021	;# 
  1361   000FB6                     ECCP1AS         equ	4022	;# 
  1362   000FB7                     PWM1CON         equ	4023	;# 
  1363   000FB8                     BAUDCON         equ	4024	;# 
  1364   000FB8                     BAUDCTL         equ	4024	;# 
  1365   000FB9                     PSTRCON         equ	4025	;# 
  1366   000FBA                     CCP2CON         equ	4026	;# 
  1367   000FBB                     CCPR2           equ	4027	;# 
  1368   000FBB                     CCPR2L          equ	4027	;# 
  1369   000FBC                     CCPR2H          equ	4028	;# 
  1370   000FBD                     CCP1CON         equ	4029	;# 
  1371   000FBE                     CCPR1           equ	4030	;# 
  1372   000FBE                     CCPR1L          equ	4030	;# 
  1373   000FBF                     CCPR1H          equ	4031	;# 
  1374   000FC0                     ADCON2          equ	4032	;# 
  1375   000FC1                     ADCON1          equ	4033	;# 
  1376   000FC2                     ADCON0          equ	4034	;# 
  1377   000FC3                     ADRES           equ	4035	;# 
  1378   000FC3                     ADRESL          equ	4035	;# 
  1379   000FC4                     ADRESH          equ	4036	;# 
  1380   000FC5                     SSPCON2         equ	4037	;# 
  1381   000FC6                     SSPCON1         equ	4038	;# 
  1382   000FC7                     SSPSTAT         equ	4039	;# 
  1383   000FC8                     SSPADD          equ	4040	;# 
  1384   000FC9                     SSPBUF          equ	4041	;# 
  1385   000FCA                     T2CON           equ	4042	;# 
  1386   000FCB                     PR2             equ	4043	;# 
  1387   000FCB                     MEMCON          equ	4043	;# 
  1388   000FCC                     TMR2            equ	4044	;# 
  1389   000FCD                     T1CON           equ	4045	;# 
  1390   000FCE                     TMR1            equ	4046	;# 
  1391   000FCE                     TMR1L           equ	4046	;# 
  1392   000FCF                     TMR1H           equ	4047	;# 
  1393   000FD0                     RCON            equ	4048	;# 
  1394   000FD1                     WDTCON          equ	4049	;# 
  1395   000FD2                     HLVDCON         equ	4050	;# 
  1396   000FD2                     LVDCON          equ	4050	;# 
  1397   000FD3                     OSCCON          equ	4051	;# 
  1398   000FD5                     T0CON           equ	4053	;# 
  1399   000FD6                     TMR0            equ	4054	;# 
  1400   000FD6                     TMR0L           equ	4054	;# 
  1401   000FD7                     TMR0H           equ	4055	;# 
  1402   000FD8                     STATUS          equ	4056	;# 
  1403   000FD9                     FSR2            equ	4057	;# 
  1404   000FD9                     FSR2L           equ	4057	;# 
  1405   000FDA                     FSR2H           equ	4058	;# 
  1406   000FDB                     PLUSW2          equ	4059	;# 
  1407   000FDC                     PREINC2         equ	4060	;# 
  1408   000FDD                     POSTDEC2        equ	4061	;# 
  1409   000FDE                     POSTINC2        equ	4062	;# 
  1410   000FDF                     INDF2           equ	4063	;# 
  1411   000FE0                     BSR             equ	4064	;# 
  1412   000FE1                     FSR1            equ	4065	;# 
  1413   000FE1                     FSR1L           equ	4065	;# 
  1414   000FE2                     FSR1H           equ	4066	;# 
  1415   000FE3                     PLUSW1          equ	4067	;# 
  1416   000FE4                     PREINC1         equ	4068	;# 
  1417   000FE5                     POSTDEC1        equ	4069	;# 
  1418   000FE6                     POSTINC1        equ	4070	;# 
  1419   000FE7                     INDF1           equ	4071	;# 
  1420   000FE8                     WREG            equ	4072	;# 
  1421   000FE9                     FSR0            equ	4073	;# 
  1422   000FE9                     FSR0L           equ	4073	;# 
  1423   000FEA                     FSR0H           equ	4074	;# 
  1424   000FEB                     PLUSW0          equ	4075	;# 
  1425   000FEC                     PREINC0         equ	4076	;# 
  1426   000FED                     POSTDEC0        equ	4077	;# 
  1427   000FEE                     POSTINC0        equ	4078	;# 
  1428   000FEF                     INDF0           equ	4079	;# 
  1429   000FF0                     INTCON3         equ	4080	;# 
  1430   000FF1                     INTCON2         equ	4081	;# 
  1431   000FF2                     INTCON          equ	4082	;# 
  1432   000FF3                     PROD            equ	4083	;# 
  1433   000FF3                     PRODL           equ	4083	;# 
  1434   000FF4                     PRODH           equ	4084	;# 
  1435   000FF5                     TABLAT          equ	4085	;# 
  1436   000FF6                     TBLPTR          equ	4086	;# 
  1437   000FF6                     TBLPTRL         equ	4086	;# 
  1438   000FF7                     TBLPTRH         equ	4087	;# 
  1439   000FF8                     TBLPTRU         equ	4088	;# 
  1440   000FF9                     PCLAT           equ	4089	;# 
  1441   000FF9                     PC              equ	4089	;# 
  1442   000FF9                     PCL             equ	4089	;# 
  1443   000FFA                     PCLATH          equ	4090	;# 
  1444   000FFB                     PCLATU          equ	4091	;# 
  1445   000FFC                     STKPTR          equ	4092	;# 
  1446   000FFD                     TOS             equ	4093	;# 
  1447   000FFD                     TOSL            equ	4093	;# 
  1448   000FFE                     TOSH            equ	4094	;# 
  1449   000FFF                     TOSU            equ	4095	;# 
  1450   000F77                     SSPMSK          equ	3959	;# 
  1451   000F78                     SLRCON          equ	3960	;# 
  1452   000F79                     CM2CON1         equ	3961	;# 
  1453   000F7A                     CM2CON0         equ	3962	;# 
  1454   000F7B                     CM1CON0         equ	3963	;# 
  1455   000F7C                     WPUB            equ	3964	;# 
  1456   000F7D                     IOCB            equ	3965	;# 
  1457   000F7E                     ANSEL           equ	3966	;# 
  1458   000F7F                     ANSELH          equ	3967	;# 
  1459   000F80                     PORTA           equ	3968	;# 
  1460   000F81                     PORTB           equ	3969	;# 
  1461   000F82                     PORTC           equ	3970	;# 
  1462   000F83                     PORTD           equ	3971	;# 
  1463   000F84                     PORTE           equ	3972	;# 
  1464   000F89                     LATA            equ	3977	;# 
  1465   000F8A                     LATB            equ	3978	;# 
  1466   000F8B                     LATC            equ	3979	;# 
  1467   000F8C                     LATD            equ	3980	;# 
  1468   000F8D                     LATE            equ	3981	;# 
  1469   000F92                     TRISA           equ	3986	;# 
  1470   000F92                     DDRA            equ	3986	;# 
  1471   000F93                     TRISB           equ	3987	;# 
  1472   000F93                     DDRB            equ	3987	;# 
  1473   000F94                     TRISC           equ	3988	;# 
  1474   000F94                     DDRC            equ	3988	;# 
  1475   000F95                     TRISD           equ	3989	;# 
  1476   000F95                     DDRD            equ	3989	;# 
  1477   000F96                     TRISE           equ	3990	;# 
  1478   000F96                     DDRE            equ	3990	;# 
  1479   000F9B                     OSCTUNE         equ	3995	;# 
  1480   000F9D                     PIE1            equ	3997	;# 
  1481   000F9E                     PIR1            equ	3998	;# 
  1482   000F9F                     IPR1            equ	3999	;# 
  1483   000FA0                     PIE2            equ	4000	;# 
  1484   000FA1                     PIR2            equ	4001	;# 
  1485   000FA2                     IPR2            equ	4002	;# 
  1486   000FA6                     EECON1          equ	4006	;# 
  1487   000FA7                     EECON2          equ	4007	;# 
  1488   000FA8                     EEDATA          equ	4008	;# 
  1489   000FA9                     EEADR           equ	4009	;# 
  1490   000FAA                     EEADRH          equ	4010	;# 
  1491   000FAB                     RCSTA           equ	4011	;# 
  1492   000FAB                     RCSTA1          equ	4011	;# 
  1493   000FAC                     TXSTA           equ	4012	;# 
  1494   000FAC                     TXSTA1          equ	4012	;# 
  1495   000FAD                     TXREG           equ	4013	;# 
  1496   000FAD                     TXREG1          equ	4013	;# 
  1497   000FAE                     RCREG           equ	4014	;# 
  1498   000FAE                     RCREG1          equ	4014	;# 
  1499   000FAF                     SPBRG           equ	4015	;# 
  1500   000FAF                     SPBRG1          equ	4015	;# 
  1501   000FB0                     SPBRGH          equ	4016	;# 
  1502   000FB1                     T3CON           equ	4017	;# 
  1503   000FB2                     TMR3            equ	4018	;# 
  1504   000FB2                     TMR3L           equ	4018	;# 
  1505   000FB3                     TMR3H           equ	4019	;# 
  1506   000FB4                     CVRCON2         equ	4020	;# 
  1507   000FB5                     CVRCON          equ	4021	;# 
  1508   000FB6                     ECCP1AS         equ	4022	;# 
  1509   000FB7                     PWM1CON         equ	4023	;# 
  1510   000FB8                     BAUDCON         equ	4024	;# 
  1511   000FB8                     BAUDCTL         equ	4024	;# 
  1512   000FB9                     PSTRCON         equ	4025	;# 
  1513   000FBA                     CCP2CON         equ	4026	;# 
  1514   000FBB                     CCPR2           equ	4027	;# 
  1515   000FBB                     CCPR2L          equ	4027	;# 
  1516   000FBC                     CCPR2H          equ	4028	;# 
  1517   000FBD                     CCP1CON         equ	4029	;# 
  1518   000FBE                     CCPR1           equ	4030	;# 
  1519   000FBE                     CCPR1L          equ	4030	;# 
  1520   000FBF                     CCPR1H          equ	4031	;# 
  1521   000FC0                     ADCON2          equ	4032	;# 
  1522   000FC1                     ADCON1          equ	4033	;# 
  1523   000FC2                     ADCON0          equ	4034	;# 
  1524   000FC3                     ADRES           equ	4035	;# 
  1525   000FC3                     ADRESL          equ	4035	;# 
  1526   000FC4                     ADRESH          equ	4036	;# 
  1527   000FC5                     SSPCON2         equ	4037	;# 
  1528   000FC6                     SSPCON1         equ	4038	;# 
  1529   000FC7                     SSPSTAT         equ	4039	;# 
  1530   000FC8                     SSPADD          equ	4040	;# 
  1531   000FC9                     SSPBUF          equ	4041	;# 
  1532   000FCA                     T2CON           equ	4042	;# 
  1533   000FCB                     PR2             equ	4043	;# 
  1534   000FCB                     MEMCON          equ	4043	;# 
  1535   000FCC                     TMR2            equ	4044	;# 
  1536   000FCD                     T1CON           equ	4045	;# 
  1537   000FCE                     TMR1            equ	4046	;# 
  1538   000FCE                     TMR1L           equ	4046	;# 
  1539   000FCF                     TMR1H           equ	4047	;# 
  1540   000FD0                     RCON            equ	4048	;# 
  1541   000FD1                     WDTCON          equ	4049	;# 
  1542   000FD2                     HLVDCON         equ	4050	;# 
  1543   000FD2                     LVDCON          equ	4050	;# 
  1544   000FD3                     OSCCON          equ	4051	;# 
  1545   000FD5                     T0CON           equ	4053	;# 
  1546   000FD6                     TMR0            equ	4054	;# 
  1547   000FD6                     TMR0L           equ	4054	;# 
  1548   000FD7                     TMR0H           equ	4055	;# 
  1549   000FD8                     STATUS          equ	4056	;# 
  1550   000FD9                     FSR2            equ	4057	;# 
  1551   000FD9                     FSR2L           equ	4057	;# 
  1552   000FDA                     FSR2H           equ	4058	;# 
  1553   000FDB                     PLUSW2          equ	4059	;# 
  1554   000FDC                     PREINC2         equ	4060	;# 
  1555   000FDD                     POSTDEC2        equ	4061	;# 
  1556   000FDE                     POSTINC2        equ	4062	;# 
  1557   000FDF                     INDF2           equ	4063	;# 
  1558   000FE0                     BSR             equ	4064	;# 
  1559   000FE1                     FSR1            equ	4065	;# 
  1560   000FE1                     FSR1L           equ	4065	;# 
  1561   000FE2                     FSR1H           equ	4066	;# 
  1562   000FE3                     PLUSW1          equ	4067	;# 
  1563   000FE4                     PREINC1         equ	4068	;# 
  1564   000FE5                     POSTDEC1        equ	4069	;# 
  1565   000FE6                     POSTINC1        equ	4070	;# 
  1566   000FE7                     INDF1           equ	4071	;# 
  1567   000FE8                     WREG            equ	4072	;# 
  1568   000FE9                     FSR0            equ	4073	;# 
  1569   000FE9                     FSR0L           equ	4073	;# 
  1570   000FEA                     FSR0H           equ	4074	;# 
  1571   000FEB                     PLUSW0          equ	4075	;# 
  1572   000FEC                     PREINC0         equ	4076	;# 
  1573   000FED                     POSTDEC0        equ	4077	;# 
  1574   000FEE                     POSTINC0        equ	4078	;# 
  1575   000FEF                     INDF0           equ	4079	;# 
  1576   000FF0                     INTCON3         equ	4080	;# 
  1577   000FF1                     INTCON2         equ	4081	;# 
  1578   000FF2                     INTCON          equ	4082	;# 
  1579   000FF3                     PROD            equ	4083	;# 
  1580   000FF3                     PRODL           equ	4083	;# 
  1581   000FF4                     PRODH           equ	4084	;# 
  1582   000FF5                     TABLAT          equ	4085	;# 
  1583   000FF6                     TBLPTR          equ	4086	;# 
  1584   000FF6                     TBLPTRL         equ	4086	;# 
  1585   000FF7                     TBLPTRH         equ	4087	;# 
  1586   000FF8                     TBLPTRU         equ	4088	;# 
  1587   000FF9                     PCLAT           equ	4089	;# 
  1588   000FF9                     PC              equ	4089	;# 
  1589   000FF9                     PCL             equ	4089	;# 
  1590   000FFA                     PCLATH          equ	4090	;# 
  1591   000FFB                     PCLATU          equ	4091	;# 
  1592   000FFC                     STKPTR          equ	4092	;# 
  1593   000FFD                     TOS             equ	4093	;# 
  1594   000FFD                     TOSL            equ	4093	;# 
  1595   000FFE                     TOSH            equ	4094	;# 
  1596   000FFF                     TOSU            equ	4095	;# 
  1597                           
  1598 ;; Function _I2C1_Deinitialize is unused but had its address taken
  1599   000000                     _I2C1_Deinitialize equ	0
  1600                           
  1601 ;; Function _I2C1_ErrorGet is unused but had its address taken
  1602   000000                     _I2C1_ErrorGet  equ	0
  1603                           
  1604 ;; Function _I2C1_CallbackRegister is unused but had its address taken
  1605   000000                     _I2C1_CallbackRegister equ	0
  1606                           
  1607 ;; Function _INT0_DefaultInterruptHandler is unused but had its address taken
  1608   000000                     _INT0_DefaultInterruptHandler equ	0
  1609                           
  1610 ;; Function _INT1_DefaultInterruptHandler is unused but had its address taken
  1611   000000                     _INT1_DefaultInterruptHandler equ	0
  1612                           
  1613 ;; Function _INT2_DefaultInterruptHandler is unused but had its address taken
  1614   000000                     _INT2_DefaultInterruptHandler equ	0
  1615                           
  1616 ;; Function _EUSART_DefaultFramingErrorCallback is unused but had its address taken
  1617   000000                     _EUSART_DefaultFramingErrorCallback equ	0
  1618                           
  1619 ;; Function _EUSART_DefaultOverrunErrorCallback is unused but had its address taken
  1620   000000                     _EUSART_DefaultOverrunErrorCallback equ	0
  1621                           
  1622                           	psect	idataCOMRAM
  1623   0017E4                     __pidataCOMRAM:
  1624                           	callstack 0
  1625                           
  1626                           ;initializer for _DS1307_Reg
  1627   0017E4  00                 	db	0
  1628   0017E5  01                 	db	1
  1629   0017E6  02                 	db	2
  1630   0017E7  04                 	db	4
  1631   0017E8  05                 	db	5
  1632   0017E9  06                 	db	6
  1633                           
  1634                           	psect	smallconst
  1635   001000                     __psmallconst:
  1636                           	callstack 0
  1637   001000  00                 	db	0
  1638   001001                     _I2C1_Host:
  1639                           	callstack 0
  1640   001001  4C                 	db	low _I2C1_Initialize
  1641   001002  17                 	db	high _I2C1_Initialize
  1642   001003  00                 	db	0
  1643   001004  00                 	db	0
  1644   001005  74                 	db	low _I2C1_Write
  1645   001006  14                 	db	high _I2C1_Write
  1646   001007  F8                 	db	low _I2C1_Read
  1647   001008  13                 	db	high _I2C1_Read
  1648   001009  72                 	db	low _I2C1_WriteRead
  1649   00100A  13                 	db	high _I2C1_WriteRead
  1650   00100B  00                 	db	0
  1651   00100C  00                 	db	0
  1652   00100D  00                 	db	0
  1653   00100E  00                 	db	0
  1654   00100F  00                 	db	low _I2C1_IsBusy
  1655   001010  18                 	db	high _I2C1_IsBusy
  1656   001011  00                 	db	0
  1657   001012  00                 	db	0
  1658   001013  00                 	db	0
  1659   001014  00                 	db	0
  1660   001015                     __end_of_I2C1_Host:
  1661                           	callstack 0
  1662   001015                     _i2c1_eventTable:
  1663                           	callstack 0
  1664   001015  F6                 	db	low _I2C1_EVENT_IDLE
  1665   001016  17                 	db	high _I2C1_EVENT_IDLE
  1666   001017  B2                 	db	low _I2C1_EVENT_SEND_RD_ADDR
  1667   001018  17                 	db	high _I2C1_EVENT_SEND_RD_ADDR
  1668   001019  DC                 	db	low _I2C1_EVENT_SEND_WR_ADDR
  1669   00101A  17                 	db	high _I2C1_EVENT_SEND_WR_ADDR
  1670   00101B  DA                 	db	low _I2C1_EVENT_TX
  1671   00101C  12                 	db	high _I2C1_EVENT_TX
  1672   00101D  1E                 	db	low _I2C1_EVENT_RX
  1673   00101E  12                 	db	high _I2C1_EVENT_RX
  1674   00101F  A8                 	db	low _I2C1_EVENT_NACK
  1675   001020  17                 	db	high _I2C1_EVENT_NACK
  1676   001021  9E                 	db	low _I2C1_EVENT_ERROR
  1677   001022  17                 	db	high _I2C1_EVENT_ERROR
  1678   001023  94                 	db	low _I2C1_EVENT_STOP
  1679   001024  17                 	db	high _I2C1_EVENT_STOP
  1680   001025  8A                 	db	low _I2C1_EVENT_RESET
  1681   001026  17                 	db	high _I2C1_EVENT_RESET
  1682   001027                     __end_of_i2c1_eventTable:
  1683                           	callstack 0
  1684   000FAD                     _TXREG          set	4013
  1685   000FAE                     _RCREG          set	4014
  1686   000FB8                     _BAUDCONbits    set	4024
  1687   000FAC                     _TXSTAbits      set	4012
  1688   000FAB                     _RCSTAbits      set	4011
  1689   000FB0                     _SPBRGH         set	4016
  1690   000FAF                     _SPBRG          set	4015
  1691   000FAC                     _TXSTA          set	4012
  1692   000FAB                     _RCSTA          set	4011
  1693   000FB8                     _BAUDCON        set	4024
  1694   000F7D                     _IOCB           set	3965
  1695   000F7C                     _WPUB           set	3964
  1696   000F7F                     _ANSELH         set	3967
  1697   000F96                     _TRISE          set	3990
  1698   000F95                     _TRISD          set	3989
  1699   000F94                     _TRISC          set	3988
  1700   000F93                     _TRISB          set	3987
  1701   000F92                     _TRISA          set	3986
  1702   000F8D                     _LATE           set	3981
  1703   000F8C                     _LATD           set	3980
  1704   000F8B                     _LATC           set	3979
  1705   000F8A                     _LATB           set	3978
  1706   000F89                     _LATA           set	3977
  1707   000F9B                     _OSCTUNE        set	3995
  1708   000FD3                     _OSCCON         set	4051
  1709   000FF0                     _INTCON3bits    set	4080
  1710   000FF1                     _INTCON2bits    set	4081
  1711   000FD0                     _RCONbits       set	4048
  1712   000FA8                     _EEDATA         set	4008
  1713   000FA9                     _EEADR          set	4009
  1714   000FA7                     _EECON2         set	4007
  1715   000FF2                     _INTCONbits     set	4082
  1716   000FF5                     _TABLAT         set	4085
  1717   000FF6                     _TBLPTRL        set	4086
  1718   000FF7                     _TBLPTRH        set	4087
  1719   000FF8                     _TBLPTRU        set	4088
  1720   000FA6                     _EECON1bits     set	4006
  1721   000FC9                     _SSPBUF         set	4041
  1722   000FC7                     _SSPSTATbits    set	4039
  1723   000FA1                     _PIR2bits       set	4001
  1724   000F9E                     _PIR1bits       set	3998
  1725   000FC5                     _SSPCON2bits    set	4037
  1726   000FC6                     _SSPCON1bits    set	4038
  1727   000FA0                     _PIE2bits       set	4000
  1728   000F9D                     _PIE1bits       set	3997
  1729   000FC8                     _SSPADD         set	4040
  1730   000FC5                     _SSPCON2        set	4037
  1731   000FC6                     _SSPCON1        set	4038
  1732   000FC7                     _SSPSTAT        set	4039
  1733   001027                     STR_1:
  1734   001027  44                 	db	68	;'D'
  1735   001028  61                 	db	97	;'a'
  1736   001029  74                 	db	116	;'t'
  1737   00102A  65                 	db	101	;'e'
  1738   00102B  3A                 	db	58	;':'
  1739   00102C  20                 	db	32
  1740   00102D  00                 	db	0
  1741   00102E  00                 	db	0	; dummy byte at the end
  1742   001000                     __smallconst    set	__psmallconst
  1743   001000                     __mediumconst   set	__psmallconst
  1744   000003                     __activetblptr  equ	3
  1745                           
  1746                           ; #config settings
  1747                           
  1748                           	psect	cinit
  1749   0013B6                     __pcinit:
  1750                           	callstack 0
  1751   0013B6                     start_initialization:
  1752                           	callstack 0
  1753   0013B6                     __initialization:
  1754                           	callstack 0
  1755                           
  1756                           ; Initialize objects allocated to COMRAM (6 bytes)
  1757                           ; load TBLPTR registers with __pidataCOMRAM
  1758   0013B6  0EE4               	movlw	low __pidataCOMRAM
  1759   0013B8  6EF6               	movwf	tblptrl,c
  1760   0013BA  0E17               	movlw	high __pidataCOMRAM
  1761   0013BC  6EF7               	movwf	tblptrh,c
  1762   0013BE  0E00               	movlw	low (__pidataCOMRAM shr (0+16))
  1763   0013C0  6EF8               	movwf	tblptru,c
  1764   0013C2  EE00  F053         	lfsr	0,__pdataCOMRAM
  1765   0013C6  EE10 F006          	lfsr	1,6
  1766   0013CA                     copy_data0:
  1767   0013CA  0009               	tblrd		*+
  1768   0013CC  CFF5 FFEE          	movff	tablat,postinc0
  1769   0013D0  50E5               	movf	postdec1,w,c
  1770   0013D2  50E1               	movf	fsr1l,w,c
  1771   0013D4  E1FA               	bnz	copy_data0
  1772                           
  1773                           ; Clear objects allocated to BANK0 (15 bytes)
  1774   0013D6  EE00  F060         	lfsr	0,__pbssBANK0
  1775   0013DA  0E0F               	movlw	15
  1776   0013DC                     clear_0:
  1777   0013DC  6AEE               	clrf	postinc0,c
  1778   0013DE  06E8               	decf	wreg,f,c
  1779   0013E0  E1FD               	bnz	clear_0
  1780                           
  1781                           ; Clear objects allocated to COMRAM (53 bytes)
  1782   0013E2  EE00  F002         	lfsr	0,__pbssCOMRAM
  1783   0013E6  0E35               	movlw	53
  1784   0013E8                     clear_1:
  1785   0013E8  6AEE               	clrf	postinc0,c
  1786   0013EA  06E8               	decf	wreg,f,c
  1787   0013EC  E1FD               	bnz	clear_1
  1788   0013EE                     end_of_initialization:
  1789                           	callstack 0
  1790   0013EE                     __end_of__initialization:
  1791                           	callstack 0
  1792   0013EE  9001               	bcf	int$flags,0,c	;clear compiler interrupt flag (level 1)
  1793   0013F0  9201               	bcf	int$flags,1,c	;clear compiler interrupt flag (level 2)
  1794   0013F2  0100               	movlb	0
  1795   0013F4  EF68  F008         	goto	_main	;jump to C main() function
  1796                           
  1797                           	psect	bssCOMRAM
  1798   000002                     __pbssCOMRAM:
  1799                           	callstack 0
  1800   000002                     _i2c1Status:
  1801                           	callstack 0
  1802   000002                     	ds	12
  1803   00000E                     _RealTimeClock_DS1307:
  1804                           	callstack 0
  1805   00000E                     	ds	6
  1806   000014                     _RealTimeClock_DS1307@RealTimeClock_DS1307$F83:
  1807                           	callstack 0
  1808   000014                     	ds	6
  1809   00001A                     _EUSART_OverrunErrorHandler:
  1810                           	callstack 0
  1811   00001A                     	ds	2
  1812   00001C                     _EUSART_FramingErrorHandler:
  1813                           	callstack 0
  1814   00001C                     	ds	2
  1815   00001E                     _eusartRxLastError:
  1816                           	callstack 0
  1817   00001E                     	ds	2
  1818   000020                     _INT2_InterruptHandler:
  1819                           	callstack 0
  1820   000020                     	ds	2
  1821   000022                     _INT1_InterruptHandler:
  1822                           	callstack 0
  1823   000022                     	ds	2
  1824   000024                     _INT0_InterruptHandler:
  1825                           	callstack 0
  1826   000024                     	ds	2
  1827   000026                     _NVM_Callback:
  1828                           	callstack 0
  1829   000026                     	ds	2
  1830   000028                     _I2C1_Callback:
  1831                           	callstack 0
  1832   000028                     	ds	2
  1833   00002A                     _unlockKeyHigh:
  1834                           	callstack 0
  1835   00002A                     	ds	1
  1836   00002B                     _unlockKeyLow:
  1837                           	callstack 0
  1838   00002B                     	ds	1
  1839   00002C                     _temp_sensor_data_buffer:
  1840                           	callstack 0
  1841   00002C                     	ds	2
  1842   00002E                     _data_buffer:
  1843                           	callstack 0
  1844   00002E                     	ds	2
  1845   000030                     _TEMPERATURE_VALUE:
  1846                           	callstack 0
  1847   000030                     	ds	1
  1848   000031                     _ret_year:
  1849                           	callstack 0
  1850   000031                     	ds	1
  1851   000032                     _ret_month:
  1852                           	callstack 0
  1853   000032                     	ds	1
  1854   000033                     _ret_day:
  1855                           	callstack 0
  1856   000033                     	ds	1
  1857   000034                     _ret_hours:
  1858                           	callstack 0
  1859   000034                     	ds	1
  1860   000035                     _ret_minutes:
  1861                           	callstack 0
  1862   000035                     	ds	1
  1863   000036                     _ret_seconds:
  1864                           	callstack 0
  1865   000036                     	ds	1
  1866                           
  1867                           	psect	dataCOMRAM
  1868   000053                     __pdataCOMRAM:
  1869                           	callstack 0
  1870   000053                     _DS1307_Reg:
  1871                           	callstack 0
  1872   000053                     	ds	6
  1873                           
  1874                           	psect	bssBANK0
  1875   000060                     __pbssBANK0:
  1876                           	callstack 0
  1877   000060                     _Real_Time_Clock_Frame:
  1878                           	callstack 0
  1879   000060                     	ds	15
  1880                           
  1881                           	psect	cstackCOMRAM
  1882   000037                     __pcstackCOMRAM:
  1883                           	callstack 0
  1884   000037                     I2C1_EVENT_TX@retEventState:
  1885                           	callstack 0
  1886   000037                     I2C1_EVENT_RX@retEventState:
  1887                           	callstack 0
  1888   000037                     I2C1_EVENT_NACK@retEventState:
  1889                           	callstack 0
  1890   000037                     I2C1_EVENT_ERROR@retEventState:
  1891                           	callstack 0
  1892   000037                     
  1893                           ; 1 bytes @ 0x0
  1894   000037                     	ds	1
  1895   000038                     ??_I2C1_EventHandler:
  1896   000038                     ??_I2C1_ErrorEventHandler:
  1897                           
  1898                           ; 1 bytes @ 0x1
  1899   000038                     	ds	3
  1900   00003B                     ??_INTERRUPT_InterruptManager:
  1901                           
  1902                           ; 1 bytes @ 0x4
  1903   00003B                     	ds	10
  1904   000045                     _EUSART_IsTxReady$1628:
  1905                           	callstack 0
  1906   000045                     EUSART_Write@txData:
  1907                           	callstack 0
  1908   000045                     I2C1_Write@address:
  1909                           	callstack 0
  1910   000045                     I2C1_Read@address:
  1911                           	callstack 0
  1912   000045                     I2C1_WriteRead@address:
  1913                           	callstack 0
  1914   000045                     INT0_SetInterruptHandler@InterruptHandler:
  1915                           	callstack 0
  1916   000045                     INT1_SetInterruptHandler@InterruptHandler:
  1917                           	callstack 0
  1918   000045                     INT2_SetInterruptHandler@InterruptHandler:
  1919                           	callstack 0
  1920   000045                     EUSART_FramingErrorCallbackRegister@callbackHandler:
  1921                           	callstack 0
  1922   000045                     EUSART_OverrunErrorCallbackRegister@callbackHandler:
  1923                           	callstack 0
  1924   000045                     
  1925                           ; 1 bytes @ 0xE
  1926   000045                     	ds	1
  1927   000046                     EUSART_LoggingDebugData_Send_String@String:
  1928                           	callstack 0
  1929                           
  1930                           ; 2 bytes @ 0xF
  1931   000046                     	ds	1
  1932   000047                     I2C1_Write@data:
  1933                           	callstack 0
  1934   000047                     I2C1_Read@data:
  1935                           	callstack 0
  1936   000047                     I2C1_WriteRead@writeData:
  1937                           	callstack 0
  1938   000047                     
  1939                           ; 1 bytes @ 0x10
  1940   000047                     	ds	1
  1941   000048                     EUSART_LoggingDebugData_Send_String@String_len:
  1942                           	callstack 0
  1943   000048                     I2C1_Write@dataLength:
  1944                           	callstack 0
  1945   000048                     I2C1_Read@dataLength:
  1946                           	callstack 0
  1947   000048                     I2C1_WriteRead@writeLength:
  1948                           	callstack 0
  1949                           
  1950                           ; 2 bytes @ 0x11
  1951   000048                     	ds	2
  1952   00004A                     EXT_EEPROM_24C02C_WRITE_BYTE@ee_address:
  1953                           	callstack 0
  1954   00004A                     TEMP_SENSOR_TC74_READ_DATA@command:
  1955                           	callstack 0
  1956   00004A                     I2C1_WriteRead@readData:
  1957                           	callstack 0
  1958   00004A                     ??_EUSART_LoggingDebugData_Send_String:
  1959                           
  1960                           ; 1 bytes @ 0x13
  1961   00004A                     	ds	1
  1962   00004B                     EXT_EEPROM_24C02C_WRITE_BYTE@data:
  1963                           	callstack 0
  1964   00004B                     TEMP_SENSOR_TC74_READ_DATA@address:
  1965                           	callstack 0
  1966   00004B                     I2C1_WriteRead@readLength:
  1967                           	callstack 0
  1968   00004B                     
  1969                           ; 1 bytes @ 0x14
  1970   00004B                     	ds	1
  1971   00004C                     TEMP_SENSOR_TC74_READ_DATA@TEMP_value:
  1972                           	callstack 0
  1973   00004C                     EUSART_LoggingDebugData_Send_String@L_str_len:
  1974                           	callstack 0
  1975   00004C                     ??_EXT_EEPROM_24C02C_WRITE_BYTE:
  1976                           
  1977                           ; 1 bytes @ 0x15
  1978   00004C                     	ds	1
  1979   00004D                     ?_RealTimeClock_DS1307_GET_DATE_TIME:
  1980                           	callstack 0
  1981   00004D                     
  1982                           ; 1 bytes @ 0x16
  1983   00004D                     	ds	1
  1984   00004E                     EXT_EEPROM_24C02C_WRITE_BYTE@address:
  1985                           	callstack 0
  1986   00004E                     
  1987                           ; 1 bytes @ 0x17
  1988   00004E                     	ds	5
  1989   000053                     
  1990                           ; 1 bytes @ 0x1C
  1991 ;;
  1992 ;;Main: autosize = 0, tempsize = 0, incstack = 0, save=0
  1993 ;;
  1994 ;; *************** function _main *****************
  1995 ;; Defined at:
  1996 ;;		line 42 in file "main.c"
  1997 ;; Parameters:    Size  Location     Type
  1998 ;;		None
  1999 ;; Auto vars:     Size  Location     Type
  2000 ;;		None
  2001 ;; Return value:  Size  Location     Type
  2002 ;;                  2  686[None  ] int 
  2003 ;; Registers used:
  2004 ;;		wreg, fsr0l, fsr0h, fsr2l, fsr2h, status,2, status,0, tblptrl, tblptrh, tblptru, cstack
  2005 ;; Tracked objects:
  2006 ;;		On entry : 0/0
  2007 ;;		On exit  : 0/0
  2008 ;;		Unchanged: 0/0
  2009 ;; Data sizes:     COMRAM   BANK0   BANK1   BANK2   BANK3   BANK4   BANK5   BANK6   BANK7   BANK8   BANK9  BANK10  BANK1
      +1  BANK12  BANK13  BANK14  BANK15
  2010 ;;      Params:         0       0       0       0       0       0       0       0       0       0       0       0       
      +0       0       0       0       0
  2011 ;;      Locals:         0       0       0       0       0       0       0       0       0       0       0       0       
      +0       0       0       0       0
  2012 ;;      Temps:          0       0       0       0       0       0       0       0       0       0       0       0       
      +0       0       0       0       0
  2013 ;;      Totals:         0       0       0       0       0       0       0       0       0       0       0       0       
      +0       0       0       0       0
  2014 ;;Total ram usage:        0 bytes
  2015 ;; Hardware stack levels required when called: 10
  2016 ;; This function calls:
  2017 ;;		_EXT_EEPROM_24C02C_WRITE_BYTE
  2018 ;;		_I2C1_IsBusy
  2019 ;;		_I2C1_Write
  2020 ;;		_PRINT_RealTimeClock_DATA
  2021 ;;		_RealTimeClock_DS1307_GET_DATE_TIME
  2022 ;;		_SYSTEM_Initialize
  2023 ;;		_TEMP_SENSOR_TC74_READ_DATA
  2024 ;; This function is called by:
  2025 ;;		Startup code after reset
  2026 ;; This function uses a non-reentrant model
  2027 ;;
  2028                           
  2029                           	psect	text0
  2030   0010D0                     __ptext0:
  2031                           	callstack 0
  2032   0010D0                     _main:
  2033                           	callstack 21
  2034   0010D0                     
  2035                           ;main.c: 44:     SYSTEM_Initialize();
  2036   0010D0  EC8D  F00B         	call	_SYSTEM_Initialize	;wreg free
  2037   0010D4                     
  2038                           ;main.c: 50:     (INTCONbits.GIE = 1);
  2039   0010D4  8EF2               	bsf	242,7,c	;volatile
  2040   0010D6                     
  2041                           ;main.c: 56:     (INTCONbits.PEIE = 1);
  2042   0010D6  8CF2               	bsf	242,6,c	;volatile
  2043                           
  2044                           ;main.c: 60:     EXT_EEPROM_24C02C_WRITE_BYTE(0xA2, 0xA0, 0x30);
  2045   0010D8  0EA0               	movlw	160
  2046   0010DA  6E4A               	movwf	EXT_EEPROM_24C02C_WRITE_BYTE@ee_address^0,c
  2047   0010DC  0E30               	movlw	48
  2048   0010DE  6E4B               	movwf	EXT_EEPROM_24C02C_WRITE_BYTE@data^0,c
  2049   0010E0  0EA2               	movlw	162
  2050   0010E2  EC1B  F00A         	call	_EXT_EEPROM_24C02C_WRITE_BYTE
  2051                           
  2052                           ;main.c: 61:     EXT_EEPROM_24C02C_WRITE_BYTE(0xA6, 0xA1, 0x20);
  2053   0010E6  0EA1               	movlw	161
  2054   0010E8  6E4A               	movwf	EXT_EEPROM_24C02C_WRITE_BYTE@ee_address^0,c
  2055   0010EA  0E20               	movlw	32
  2056   0010EC  6E4B               	movwf	EXT_EEPROM_24C02C_WRITE_BYTE@data^0,c
  2057   0010EE  0EA6               	movlw	166
  2058   0010F0  EC1B  F00A         	call	_EXT_EEPROM_24C02C_WRITE_BYTE
  2059   0010F4                     l687:
  2060                           
  2061                           ;main.c: 64:     {;main.c: 65:         TEMPERATURE_VALUE = TEMP_SENSOR_TC74_READ_DATA(0x
      +                          9E, 0x00);
  2062   0010F4  0E00               	movlw	0
  2063   0010F6  6E4A               	movwf	TEMP_SENSOR_TC74_READ_DATA@command^0,c
  2064   0010F8  0E9E               	movlw	158
  2065   0010FA  EC41  F009         	call	_TEMP_SENSOR_TC74_READ_DATA
  2066   0010FE  6E30               	movwf	_TEMPERATURE_VALUE^0,c
  2067   001100                     
  2068                           ;main.c: 66:         RealTimeClock_DS1307 = RealTimeClock_DS1307_GET_DATE_TIME();
  2069   001100  EC59  F00A         	call	_RealTimeClock_DS1307_GET_DATE_TIME	;wreg free
  2070   001104  EE20  F00E         	lfsr	2,_RealTimeClock_DS1307
  2071   001108  0E05               	movlw	5
  2072   00110A                     u921:
  2073   00110A  CFEB FFDB          	movff	plusw0,plusw2
  2074   00110E  06E8               	decf	wreg,f,c
  2075   001110  E2FC               	bc	u921
  2076   001112                     
  2077                           ;main.c: 67:         PRINT_RealTimeClock_DATA();
  2078   001112  ECDC  F008         	call	_PRINT_RealTimeClock_DATA	;wreg free
  2079   001116                     
  2080                           ;main.c: 68:         I2C1_Write(0x50, &TEMPERATURE_VALUE, 1);
  2081   001116  6A46               	clrf	(I2C1_Write@address+1)^0,c
  2082   001118  0E50               	movlw	80
  2083   00111A  6E45               	movwf	I2C1_Write@address^0,c
  2084   00111C  0E30               	movlw	low _TEMPERATURE_VALUE
  2085   00111E  6E47               	movwf	I2C1_Write@data^0,c
  2086   001120  6A49               	clrf	(I2C1_Write@dataLength+1)^0,c
  2087   001122  0E01               	movlw	1
  2088   001124  6E48               	movwf	I2C1_Write@dataLength^0,c
  2089   001126  EC3A  F00A         	call	_I2C1_Write	;wreg free
  2090   00112A                     l2457:
  2091   00112A  EC00  F00C         	call	_I2C1_IsBusy	;wreg free
  2092   00112E  0900               	iorlw	0
  2093   001130  A4D8               	btfss	status,2,c
  2094   001132  EF9D  F008         	goto	u931
  2095   001136  EF9F  F008         	goto	u930
  2096   00113A                     u931:
  2097   00113A  EF95  F008         	goto	l2457
  2098   00113E                     u930:
  2099   00113E  EF7A  F008         	goto	l687
  2100   001142  EF6A  F000         	goto	start
  2101   001146                     __end_of_main:
  2102                           	callstack 0
  2103                           
  2104 ;; *************** function _TEMP_SENSOR_TC74_READ_DATA *****************
  2105 ;; Defined at:
  2106 ;;		line 19 in file "HAL_LAYER/TEMP_SENSOR_TC74/TEMP_SENSOR_TC74.c"
  2107 ;; Parameters:    Size  Location     Type
  2108 ;;  address         1    wreg     unsigned char 
  2109 ;;  command         1   19[COMRAM] unsigned char 
  2110 ;; Auto vars:     Size  Location     Type
  2111 ;;  address         1   20[COMRAM] unsigned char 
  2112 ;;  TEMP_value      1   21[COMRAM] unsigned char 
  2113 ;; Return value:  Size  Location     Type
  2114 ;;                  1    wreg      unsigned char 
  2115 ;; Registers used:
  2116 ;;		wreg, status,2, status,0, cstack
  2117 ;; Tracked objects:
  2118 ;;		On entry : 0/0
  2119 ;;		On exit  : 0/0
  2120 ;;		Unchanged: 0/0
  2121 ;; Data sizes:     COMRAM   BANK0   BANK1   BANK2   BANK3   BANK4   BANK5   BANK6   BANK7   BANK8   BANK9  BANK10  BANK1
      +1  BANK12  BANK13  BANK14  BANK15
  2122 ;;      Params:         1       0       0       0       0       0       0       0       0       0       0       0       
      +0       0       0       0       0
  2123 ;;      Locals:         2       0       0       0       0       0       0       0       0       0       0       0       
      +0       0       0       0       0
  2124 ;;      Temps:          0       0       0       0       0       0       0       0       0       0       0       0       
      +0       0       0       0       0
  2125 ;;      Totals:         3       0       0       0       0       0       0       0       0       0       0       0       
      +0       0       0       0       0
  2126 ;;Total ram usage:        3 bytes
  2127 ;; Hardware stack levels used: 1
  2128 ;; Hardware stack levels required when called: 8
  2129 ;; This function calls:
  2130 ;;		_I2C1_IsBusy
  2131 ;;		_I2C1_Read
  2132 ;;		_I2C1_Write
  2133 ;; This function is called by:
  2134 ;;		_main
  2135 ;; This function uses a non-reentrant model
  2136 ;;
  2137                           
  2138                           	psect	text1
  2139   001282                     __ptext1:
  2140                           	callstack 0
  2141   001282                     _TEMP_SENSOR_TC74_READ_DATA:
  2142                           	callstack 22
  2143                           
  2144                           ;incstack = 0
  2145                           ;TEMP_SENSOR_TC74_READ_DATA@address stored from wreg
  2146   001282  6E4B               	movwf	TEMP_SENSOR_TC74_READ_DATA@address^0,c
  2147   001284                     
  2148                           ;HAL_LAYER/TEMP_SENSOR_TC74/TEMP_SENSOR_TC74.c: 20:     uint8_t TEMP_value = 0;
  2149   001284  6A4C               	clrf	TEMP_SENSOR_TC74_READ_DATA@TEMP_value^0,c
  2150   001286                     
  2151                           ;HAL_LAYER/TEMP_SENSOR_TC74/TEMP_SENSOR_TC74.c: 21:     I2C1_Write(address, &command, 1)
      +                          ;
  2152   001286  C04B  F045         	movff	TEMP_SENSOR_TC74_READ_DATA@address,I2C1_Write@address
  2153   00128A  6A46               	clrf	(I2C1_Write@address+1)^0,c
  2154   00128C  0E4A               	movlw	low TEMP_SENSOR_TC74_READ_DATA@command
  2155   00128E  6E47               	movwf	I2C1_Write@data^0,c
  2156   001290  6A49               	clrf	(I2C1_Write@dataLength+1)^0,c
  2157   001292  0E01               	movlw	1
  2158   001294  6E48               	movwf	I2C1_Write@dataLength^0,c
  2159   001296  EC3A  F00A         	call	_I2C1_Write	;wreg free
  2160   00129A                     l2413:
  2161   00129A  EC00  F00C         	call	_I2C1_IsBusy	;wreg free
  2162   00129E  0900               	iorlw	0
  2163   0012A0  A4D8               	btfss	status,2,c
  2164   0012A2  EF55  F009         	goto	u871
  2165   0012A6  EF57  F009         	goto	u870
  2166   0012AA                     u871:
  2167   0012AA  EF4D  F009         	goto	l2413
  2168   0012AE                     u870:
  2169   0012AE                     
  2170                           ;HAL_LAYER/TEMP_SENSOR_TC74/TEMP_SENSOR_TC74.c: 23:     I2C1_Read(address, &TEMP_value, 
      +                          1);
  2171   0012AE  C04B  F045         	movff	TEMP_SENSOR_TC74_READ_DATA@address,I2C1_Read@address
  2172   0012B2  6A46               	clrf	(I2C1_Read@address+1)^0,c
  2173   0012B4  0E4C               	movlw	low TEMP_SENSOR_TC74_READ_DATA@TEMP_value
  2174   0012B6  6E47               	movwf	I2C1_Read@data^0,c
  2175   0012B8  6A49               	clrf	(I2C1_Read@dataLength+1)^0,c
  2176   0012BA  0E01               	movlw	1
  2177   0012BC  6E48               	movwf	I2C1_Read@dataLength^0,c
  2178   0012BE  ECFC  F009         	call	_I2C1_Read	;wreg free
  2179   0012C2                     l2417:
  2180   0012C2  EC00  F00C         	call	_I2C1_IsBusy	;wreg free
  2181   0012C6  0900               	iorlw	0
  2182   0012C8  A4D8               	btfss	status,2,c
  2183   0012CA  EF69  F009         	goto	u881
  2184   0012CE  EF6B  F009         	goto	u880
  2185   0012D2                     u881:
  2186   0012D2  EF61  F009         	goto	l2417
  2187   0012D6                     u880:
  2188   0012D6                     
  2189                           ;HAL_LAYER/TEMP_SENSOR_TC74/TEMP_SENSOR_TC74.c: 25:     return TEMP_value;
  2190   0012D6  504C               	movf	TEMP_SENSOR_TC74_READ_DATA@TEMP_value^0,w,c
  2191   0012D8  0012               	return		;funcret
  2192   0012DA                     __end_of_TEMP_SENSOR_TC74_READ_DATA:
  2193                           	callstack 0
  2194                           
  2195 ;; *************** function _I2C1_Read *****************
  2196 ;; Defined at:
  2197 ;;		line 128 in file "mcc_generated_files/i2c_host/src/mssp.c"
  2198 ;; Parameters:    Size  Location     Type
  2199 ;;  address         2   14[COMRAM] unsigned short 
  2200 ;;  data            1   16[COMRAM] PTR unsigned char 
  2201 ;;		 -> TEMP_SENSOR_TC74_READ_DATA@TEMP_value(1), 
  2202 ;;  dataLength      2   17[COMRAM] unsigned int 
  2203 ;; Auto vars:     Size  Location     Type
  2204 ;;  retStatus       1    0        _Bool 
  2205 ;; Return value:  Size  Location     Type
  2206 ;;                  1    wreg      _Bool 
  2207 ;; Registers used:
  2208 ;;		wreg, status,2, status,0, cstack
  2209 ;; Tracked objects:
  2210 ;;		On entry : 0/0
  2211 ;;		On exit  : 0/0
  2212 ;;		Unchanged: 0/0
  2213 ;; Data sizes:     COMRAM   BANK0   BANK1   BANK2   BANK3   BANK4   BANK5   BANK6   BANK7   BANK8   BANK9  BANK10  BANK1
      +1  BANK12  BANK13  BANK14  BANK15
  2214 ;;      Params:         5       0       0       0       0       0       0       0       0       0       0       0       
      +0       0       0       0       0
  2215 ;;      Locals:         0       0       0       0       0       0       0       0       0       0       0       0       
      +0       0       0       0       0
  2216 ;;      Temps:          0       0       0       0       0       0       0       0       0       0       0       0       
      +0       0       0       0       0
  2217 ;;      Totals:         5       0       0       0       0       0       0       0       0       0       0       0       
      +0       0       0       0       0
  2218 ;;Total ram usage:        5 bytes
  2219 ;; Hardware stack levels used: 1
  2220 ;; Hardware stack levels required when called: 7
  2221 ;; This function calls:
  2222 ;;		_I2C1_IsBusy
  2223 ;;		_I2C1_ReadStart
  2224 ;; This function is called by:
  2225 ;;		_TEMP_SENSOR_TC74_READ_DATA
  2226 ;;		_EXT_EEPROM_24C02C_READ_BYTE
  2227 ;; This function uses a non-reentrant model
  2228 ;;
  2229                           
  2230                           	psect	text2
  2231   0013F8                     __ptext2:
  2232                           	callstack 0
  2233   0013F8                     _I2C1_Read:
  2234                           	callstack 22
  2235   0013F8                     
  2236                           ;mcc_generated_files/i2c_host/src/mssp.c: 131:     if (!I2C1_IsBusy())
  2237   0013F8  EC00  F00C         	call	_I2C1_IsBusy	;wreg free
  2238   0013FC  0900               	iorlw	0
  2239   0013FE  A4D8               	btfss	status,2,c
  2240   001400  EF04  F00A         	goto	u781
  2241   001404  EF06  F00A         	goto	u780
  2242   001408                     u781:
  2243   001408  EF1A  F00A         	goto	l213
  2244   00140C                     u780:
  2245   00140C                     
  2246                           ;mcc_generated_files/i2c_host/src/mssp.c: 132:     {;mcc_generated_files/i2c_host/src/ms
      +                          sp.c: 133:         i2c1Status.busy = 1;
  2247   00140C  0E01               	movlw	1
  2248   00140E  6E02               	movwf	_i2c1Status^0,c	;volatile
  2249   001410                     
  2250                           ;mcc_generated_files/i2c_host/src/mssp.c: 134:         i2c1Status.address = address;
  2251   001410  C045  F003         	movff	I2C1_Read@address,_i2c1Status+1	;volatile
  2252   001414  C046  F004         	movff	I2C1_Read@address+1,_i2c1Status+2	;volatile
  2253   001418                     
  2254                           ;mcc_generated_files/i2c_host/src/mssp.c: 135:         i2c1Status.switchToRead = 0;
  2255   001418  6A0B               	clrf	(_i2c1Status+9)^0,c	;volatile
  2256   00141A                     
  2257                           ;mcc_generated_files/i2c_host/src/mssp.c: 136:         i2c1Status.readPtr = data;
  2258   00141A  C047  F008         	movff	I2C1_Read@data,_i2c1Status+6	;volatile
  2259   00141E                     
  2260                           ;mcc_generated_files/i2c_host/src/mssp.c: 137:         i2c1Status.readLength = dataLengt
      +                          h;
  2261   00141E  C048  F009         	movff	I2C1_Read@dataLength,_i2c1Status+7	;volatile
  2262   001422  C049  F00A         	movff	I2C1_Read@dataLength+1,_i2c1Status+8	;volatile
  2263   001426                     
  2264                           ;mcc_generated_files/i2c_host/src/mssp.c: 138:         i2c1Status.writePtr = ((void*)0);
  2265   001426  6A05               	clrf	(_i2c1Status+3)^0,c	;volatile
  2266   001428                     
  2267                           ;mcc_generated_files/i2c_host/src/mssp.c: 139:         i2c1Status.writeLength = 0;
  2268   001428  6A07               	clrf	(_i2c1Status+5)^0,c	;volatile
  2269   00142A  0E00               	movlw	0
  2270   00142C  6E06               	movwf	(_i2c1Status+4)^0,c	;volatile
  2271   00142E                     
  2272                           ;mcc_generated_files/i2c_host/src/mssp.c: 140:         i2c1Status.errorState = I2C_ERROR
      +                          _NONE;
  2273   00142E  6A0C               	clrf	(_i2c1Status+10)^0,c	;volatile
  2274   001430                     
  2275                           ;mcc_generated_files/i2c_host/src/mssp.c: 141:         I2C1_ReadStart();
  2276   001430  ECDE  F00B         	call	_I2C1_ReadStart	;wreg free
  2277   001434                     l213:
  2278   001434  0012               	return		;funcret
  2279   001436                     __end_of_I2C1_Read:
  2280                           	callstack 0
  2281                           
  2282 ;; *************** function _I2C1_ReadStart *****************
  2283 ;; Defined at:
  2284 ;;		line 199 in file "mcc_generated_files/i2c_host/src/mssp.c"
  2285 ;; Parameters:    Size  Location     Type
  2286 ;;		None
  2287 ;; Auto vars:     Size  Location     Type
  2288 ;;		None
  2289 ;; Return value:  Size  Location     Type
  2290 ;;                  1    wreg      void 
  2291 ;; Registers used:
  2292 ;;		wreg, status,2
  2293 ;; Tracked objects:
  2294 ;;		On entry : 0/0
  2295 ;;		On exit  : 0/0
  2296 ;;		Unchanged: 0/0
  2297 ;; Data sizes:     COMRAM   BANK0   BANK1   BANK2   BANK3   BANK4   BANK5   BANK6   BANK7   BANK8   BANK9  BANK10  BANK1
      +1  BANK12  BANK13  BANK14  BANK15
  2298 ;;      Params:         0       0       0       0       0       0       0       0       0       0       0       0       
      +0       0       0       0       0
  2299 ;;      Locals:         0       0       0       0       0       0       0       0       0       0       0       0       
      +0       0       0       0       0
  2300 ;;      Temps:          0       0       0       0       0       0       0       0       0       0       0       0       
      +0       0       0       0       0
  2301 ;;      Totals:         0       0       0       0       0       0       0       0       0       0       0       0       
      +0       0       0       0       0
  2302 ;;Total ram usage:        0 bytes
  2303 ;; Hardware stack levels used: 1
  2304 ;; Hardware stack levels required when called: 6
  2305 ;; This function calls:
  2306 ;;		Nothing
  2307 ;; This function is called by:
  2308 ;;		_I2C1_Read
  2309 ;; This function uses a non-reentrant model
  2310 ;;
  2311                           
  2312                           	psect	text3
  2313   0017BC                     __ptext3:
  2314                           	callstack 0
  2315   0017BC                     _I2C1_ReadStart:
  2316                           	callstack 22
  2317   0017BC                     
  2318                           ;mcc_generated_files/i2c_host/src/mssp.c: 201:     SSPCON2bits.SEN = 1;
  2319   0017BC  80C5               	bsf	197,0,c	;volatile
  2320   0017BE                     
  2321                           ;mcc_generated_files/i2c_host/src/mssp.c: 202:     i2c1Status.state = I2C_STATE_SEND_RD_
      +                          ADDR;
  2322   0017BE  0E01               	movlw	1
  2323   0017C0  6E0D               	movwf	(_i2c1Status+11)^0,c	;volatile
  2324   0017C2  0012               	return		;funcret
  2325   0017C4                     __end_of_I2C1_ReadStart:
  2326                           	callstack 0
  2327                           
  2328 ;; *************** function _SYSTEM_Initialize *****************
  2329 ;; Defined at:
  2330 ;;		line 38 in file "mcc_generated_files/system/src/system.c"
  2331 ;; Parameters:    Size  Location     Type
  2332 ;;		None
  2333 ;; Auto vars:     Size  Location     Type
  2334 ;;		None
  2335 ;; Return value:  Size  Location     Type
  2336 ;;                  1    wreg      void 
  2337 ;; Registers used:
  2338 ;;		wreg, status,2, status,0, cstack
  2339 ;; Tracked objects:
  2340 ;;		On entry : 0/0
  2341 ;;		On exit  : 0/0
  2342 ;;		Unchanged: 0/0
  2343 ;; Data sizes:     COMRAM   BANK0   BANK1   BANK2   BANK3   BANK4   BANK5   BANK6   BANK7   BANK8   BANK9  BANK10  BANK1
      +1  BANK12  BANK13  BANK14  BANK15
  2344 ;;      Params:         0       0       0       0       0       0       0       0       0       0       0       0       
      +0       0       0       0       0
  2345 ;;      Locals:         0       0       0       0       0       0       0       0       0       0       0       0       
      +0       0       0       0       0
  2346 ;;      Temps:          0       0       0       0       0       0       0       0       0       0       0       0       
      +0       0       0       0       0
  2347 ;;      Totals:         0       0       0       0       0       0       0       0       0       0       0       0       
      +0       0       0       0       0
  2348 ;;Total ram usage:        0 bytes
  2349 ;; Hardware stack levels used: 1
  2350 ;; Hardware stack levels required when called: 8
  2351 ;; This function calls:
  2352 ;;		_CLOCK_Initialize
  2353 ;;		_EUSART_Initialize
  2354 ;;		_I2C1_Initialize
  2355 ;;		_INTERRUPT_Initialize
  2356 ;;		_NVM_Initialize
  2357 ;;		_PIN_MANAGER_Initialize
  2358 ;; This function is called by:
  2359 ;;		_main
  2360 ;; This function uses a non-reentrant model
  2361 ;;
  2362                           
  2363                           	psect	text4
  2364   00171A                     __ptext4:
  2365                           	callstack 0
  2366   00171A                     _SYSTEM_Initialize:
  2367                           	callstack 22
  2368   00171A                     
  2369                           ;mcc_generated_files/system/src/system.c: 40:     CLOCK_Initialize();
  2370   00171A  ECE2  F00B         	call	_CLOCK_Initialize	;wreg free
  2371                           
  2372                           ;mcc_generated_files/system/src/system.c: 41:     PIN_MANAGER_Initialize();
  2373   00171E  EC4B  F00B         	call	_PIN_MANAGER_Initialize	;wreg free
  2374                           
  2375                           ;mcc_generated_files/system/src/system.c: 42:     I2C1_Initialize();
  2376   001722  ECA6  F00B         	call	_I2C1_Initialize	;wreg free
  2377   001726                     
  2378                           ;mcc_generated_files/system/src/system.c: 43:     EUSART_Initialize();
  2379   001726  EC31  F00B         	call	_EUSART_Initialize	;wreg free
  2380   00172A                     
  2381                           ;mcc_generated_files/system/src/system.c: 44:     NVM_Initialize();
  2382   00172A  ECB1  F00B         	call	_NVM_Initialize	;wreg free
  2383   00172E                     
  2384                           ;mcc_generated_files/system/src/system.c: 45:     INTERRUPT_Initialize();
  2385   00172E  EC17  F00B         	call	_INTERRUPT_Initialize	;wreg free
  2386   001732  0012               	return		;funcret
  2387   001734                     __end_of_SYSTEM_Initialize:
  2388                           	callstack 0
  2389                           
  2390 ;; *************** function _PIN_MANAGER_Initialize *****************
  2391 ;; Defined at:
  2392 ;;		line 38 in file "mcc_generated_files/system/src/pins.c"
  2393 ;; Parameters:    Size  Location     Type
  2394 ;;		None
  2395 ;; Auto vars:     Size  Location     Type
  2396 ;;		None
  2397 ;; Return value:  Size  Location     Type
  2398 ;;                  1    wreg      void 
  2399 ;; Registers used:
  2400 ;;		wreg, status,2
  2401 ;; Tracked objects:
  2402 ;;		On entry : 0/0
  2403 ;;		On exit  : 0/0
  2404 ;;		Unchanged: 0/0
  2405 ;; Data sizes:     COMRAM   BANK0   BANK1   BANK2   BANK3   BANK4   BANK5   BANK6   BANK7   BANK8   BANK9  BANK10  BANK1
      +1  BANK12  BANK13  BANK14  BANK15
  2406 ;;      Params:         0       0       0       0       0       0       0       0       0       0       0       0       
      +0       0       0       0       0
  2407 ;;      Locals:         0       0       0       0       0       0       0       0       0       0       0       0       
      +0       0       0       0       0
  2408 ;;      Temps:          0       0       0       0       0       0       0       0       0       0       0       0       
      +0       0       0       0       0
  2409 ;;      Totals:         0       0       0       0       0       0       0       0       0       0       0       0       
      +0       0       0       0       0
  2410 ;;Total ram usage:        0 bytes
  2411 ;; Hardware stack levels used: 1
  2412 ;; Hardware stack levels required when called: 6
  2413 ;; This function calls:
  2414 ;;		Nothing
  2415 ;; This function is called by:
  2416 ;;		_SYSTEM_Initialize
  2417 ;; This function uses a non-reentrant model
  2418 ;;
  2419                           
  2420                           	psect	text5
  2421   001696                     __ptext5:
  2422                           	callstack 0
  2423   001696                     _PIN_MANAGER_Initialize:
  2424                           	callstack 23
  2425   001696                     
  2426                           ;mcc_generated_files/system/src/pins.c: 43:     LATA = 0x0;
  2427   001696  6A89               	clrf	137,c	;volatile
  2428                           
  2429                           ;mcc_generated_files/system/src/pins.c: 44:     LATB = 0x0;
  2430   001698  6A8A               	clrf	138,c	;volatile
  2431   00169A                     
  2432                           ;mcc_generated_files/system/src/pins.c: 45:     LATC = 0x58;
  2433   00169A  0E58               	movlw	88
  2434   00169C  6E8B               	movwf	139,c	;volatile
  2435   00169E                     
  2436                           ;mcc_generated_files/system/src/pins.c: 46:     LATD = 0x0;
  2437   00169E  6A8C               	clrf	140,c	;volatile
  2438   0016A0                     
  2439                           ;mcc_generated_files/system/src/pins.c: 47:     LATE = 0x0;
  2440   0016A0  6A8D               	clrf	141,c	;volatile
  2441   0016A2                     
  2442                           ;mcc_generated_files/system/src/pins.c: 55:     TRISA = 0xFF;
  2443   0016A2  6892               	setf	146,c	;volatile
  2444   0016A4                     
  2445                           ;mcc_generated_files/system/src/pins.c: 56:     TRISB = 0xFF;
  2446   0016A4  6893               	setf	147,c	;volatile
  2447                           
  2448                           ;mcc_generated_files/system/src/pins.c: 57:     TRISC = 0xBF;
  2449   0016A6  0EBF               	movlw	191
  2450   0016A8  6E94               	movwf	148,c	;volatile
  2451   0016AA                     
  2452                           ;mcc_generated_files/system/src/pins.c: 58:     TRISD = 0xFF;
  2453   0016AA  6895               	setf	149,c	;volatile
  2454                           
  2455                           ;mcc_generated_files/system/src/pins.c: 59:     TRISE = 0x7;
  2456   0016AC  0E07               	movlw	7
  2457   0016AE  6E96               	movwf	150,c	;volatile
  2458                           
  2459                           ;mcc_generated_files/system/src/pins.c: 64:     ANSELH = 0x1F;
  2460   0016B0  0E1F               	movlw	31
  2461   0016B2  6E7F               	movwf	127,c	;volatile
  2462   0016B4                     
  2463                           ;mcc_generated_files/system/src/pins.c: 69:     WPUB = 0xFF;
  2464   0016B4  687C               	setf	124,c	;volatile
  2465   0016B6                     
  2466                           ;mcc_generated_files/system/src/pins.c: 90:     IOCB = 0x0;
  2467   0016B6  6A7D               	clrf	125,c	;volatile
  2468   0016B8                     
  2469                           ;mcc_generated_files/system/src/pins.c: 94:     INTCONbits.RBIE = 1;
  2470   0016B8  86F2               	bsf	242,3,c	;volatile
  2471   0016BA  0012               	return		;funcret
  2472   0016BC                     __end_of_PIN_MANAGER_Initialize:
  2473                           	callstack 0
  2474                           
  2475 ;; *************** function _NVM_Initialize *****************
  2476 ;; Defined at:
  2477 ;;		line 44 in file "mcc_generated_files/nvm/src/nvm.c"
  2478 ;; Parameters:    Size  Location     Type
  2479 ;;		None
  2480 ;; Auto vars:     Size  Location     Type
  2481 ;;		None
  2482 ;; Return value:  Size  Location     Type
  2483 ;;                  1    wreg      void 
  2484 ;; Registers used:
  2485 ;;		cstack
  2486 ;; Tracked objects:
  2487 ;;		On entry : 0/0
  2488 ;;		On exit  : 0/0
  2489 ;;		Unchanged: 0/0
  2490 ;; Data sizes:     COMRAM   BANK0   BANK1   BANK2   BANK3   BANK4   BANK5   BANK6   BANK7   BANK8   BANK9  BANK10  BANK1
      +1  BANK12  BANK13  BANK14  BANK15
  2491 ;;      Params:         0       0       0       0       0       0       0       0       0       0       0       0       
      +0       0       0       0       0
  2492 ;;      Locals:         0       0       0       0       0       0       0       0       0       0       0       0       
      +0       0       0       0       0
  2493 ;;      Temps:          0       0       0       0       0       0       0       0       0       0       0       0       
      +0       0       0       0       0
  2494 ;;      Totals:         0       0       0       0       0       0       0       0       0       0       0       0       
      +0       0       0       0       0
  2495 ;;Total ram usage:        0 bytes
  2496 ;; Hardware stack levels used: 1
  2497 ;; Hardware stack levels required when called: 7
  2498 ;; This function calls:
  2499 ;;		_NVM_StatusClear
  2500 ;; This function is called by:
  2501 ;;		_SYSTEM_Initialize
  2502 ;; This function uses a non-reentrant model
  2503 ;;
  2504                           
  2505                           	psect	text6
  2506   001762                     __ptext6:
  2507                           	callstack 0
  2508   001762                     _NVM_Initialize:
  2509                           	callstack 22
  2510   001762                     
  2511                           ;mcc_generated_files/nvm/src/nvm.c: 46:     NVM_StatusClear();
  2512   001762  ECFE  F00B         	call	_NVM_StatusClear	;wreg free
  2513   001766                     
  2514                           ;mcc_generated_files/nvm/src/nvm.c: 48:     PIR2bits.EEIF = 0;
  2515   001766  98A1               	bcf	161,4,c	;volatile
  2516   001768                     
  2517                           ;mcc_generated_files/nvm/src/nvm.c: 50:     PIE2bits.EEIE = 1;
  2518   001768  88A0               	bsf	160,4,c	;volatile
  2519   00176A  0012               	return		;funcret
  2520   00176C                     __end_of_NVM_Initialize:
  2521                           	callstack 0
  2522                           
  2523 ;; *************** function _NVM_StatusClear *****************
  2524 ;; Defined at:
  2525 ;;		line 72 in file "mcc_generated_files/nvm/src/nvm.c"
  2526 ;; Parameters:    Size  Location     Type
  2527 ;;		None
  2528 ;; Auto vars:     Size  Location     Type
  2529 ;;		None
  2530 ;; Return value:  Size  Location     Type
  2531 ;;                  1    wreg      void 
  2532 ;; Registers used:
  2533 ;;		None
  2534 ;; Tracked objects:
  2535 ;;		On entry : 0/0
  2536 ;;		On exit  : 0/0
  2537 ;;		Unchanged: 0/0
  2538 ;; Data sizes:     COMRAM   BANK0   BANK1   BANK2   BANK3   BANK4   BANK5   BANK6   BANK7   BANK8   BANK9  BANK10  BANK1
      +1  BANK12  BANK13  BANK14  BANK15
  2539 ;;      Params:         0       0       0       0       0       0       0       0       0       0       0       0       
      +0       0       0       0       0
  2540 ;;      Locals:         0       0       0       0       0       0       0       0       0       0       0       0       
      +0       0       0       0       0
  2541 ;;      Temps:          0       0       0       0       0       0       0       0       0       0       0       0       
      +0       0       0       0       0
  2542 ;;      Totals:         0       0       0       0       0       0       0       0       0       0       0       0       
      +0       0       0       0       0
  2543 ;;Total ram usage:        0 bytes
  2544 ;; Hardware stack levels used: 1
  2545 ;; Hardware stack levels required when called: 6
  2546 ;; This function calls:
  2547 ;;		Nothing
  2548 ;; This function is called by:
  2549 ;;		_NVM_Initialize
  2550 ;; This function uses a non-reentrant model
  2551 ;;
  2552                           
  2553                           	psect	text7
  2554   0017FC                     __ptext7:
  2555                           	callstack 0
  2556   0017FC                     _NVM_StatusClear:
  2557                           	callstack 22
  2558   0017FC                     
  2559                           ;mcc_generated_files/nvm/src/nvm.c: 74:     EECON1bits.WRERR = 0;
  2560   0017FC  96A6               	bcf	166,3,c	;volsfr
  2561   0017FE  0012               	return		;funcret
  2562   001800                     __end_of_NVM_StatusClear:
  2563                           	callstack 0
  2564                           
  2565 ;; *************** function _INTERRUPT_Initialize *****************
  2566 ;; Defined at:
  2567 ;;		line 42 in file "mcc_generated_files/system/src/interrupt.c"
  2568 ;; Parameters:    Size  Location     Type
  2569 ;;		None
  2570 ;; Auto vars:     Size  Location     Type
  2571 ;;		None
  2572 ;; Return value:  Size  Location     Type
  2573 ;;                  1    wreg      void 
  2574 ;; Registers used:
  2575 ;;		wreg, status,2, status,0, cstack
  2576 ;; Tracked objects:
  2577 ;;		On entry : 0/0
  2578 ;;		On exit  : 0/0
  2579 ;;		Unchanged: 0/0
  2580 ;; Data sizes:     COMRAM   BANK0   BANK1   BANK2   BANK3   BANK4   BANK5   BANK6   BANK7   BANK8   BANK9  BANK10  BANK1
      +1  BANK12  BANK13  BANK14  BANK15
  2581 ;;      Params:         0       0       0       0       0       0       0       0       0       0       0       0       
      +0       0       0       0       0
  2582 ;;      Locals:         0       0       0       0       0       0       0       0       0       0       0       0       
      +0       0       0       0       0
  2583 ;;      Temps:          0       0       0       0       0       0       0       0       0       0       0       0       
      +0       0       0       0       0
  2584 ;;      Totals:         0       0       0       0       0       0       0       0       0       0       0       0       
      +0       0       0       0       0
  2585 ;;Total ram usage:        0 bytes
  2586 ;; Hardware stack levels used: 1
  2587 ;; Hardware stack levels required when called: 7
  2588 ;; This function calls:
  2589 ;;		_INT0_SetInterruptHandler
  2590 ;;		_INT1_SetInterruptHandler
  2591 ;;		_INT2_SetInterruptHandler
  2592 ;; This function is called by:
  2593 ;;		_SYSTEM_Initialize
  2594 ;; This function uses a non-reentrant model
  2595 ;;
  2596                           
  2597                           	psect	text8
  2598   00162E                     __ptext8:
  2599                           	callstack 0
  2600   00162E                     _INTERRUPT_Initialize:
  2601                           	callstack 22
  2602   00162E                     
  2603                           ;mcc_generated_files/system/src/interrupt.c: 45:     RCONbits.IPEN = 0;
  2604   00162E  9ED0               	bcf	208,7,c	;volatile
  2605                           
  2606                           ;mcc_generated_files/system/src/interrupt.c: 49:     (INTCONbits.INT0IF = 0);
  2607   001630  92F2               	bcf	242,1,c	;volatile
  2608                           
  2609                           ;mcc_generated_files/system/src/interrupt.c: 50:     (INTCON2bits.INTEDG0 = 1);
  2610   001632  8CF1               	bsf	241,6,c	;volatile
  2611   001634                     
  2612                           ;mcc_generated_files/system/src/interrupt.c: 52:     INT0_SetInterruptHandler(INT0_Defau
      +                          ltInterruptHandler);
  2613   001634  0E00               	movlw	0
  2614   001636  6E45               	movwf	INT0_SetInterruptHandler@InterruptHandler^0,c
  2615   001638  0E00               	movlw	0
  2616   00163A  6E46               	movwf	(INT0_SetInterruptHandler@InterruptHandler+1)^0,c
  2617   00163C  ECC0  F00B         	call	_INT0_SetInterruptHandler	;wreg free
  2618   001640                     
  2619                           ;mcc_generated_files/system/src/interrupt.c: 57:     (INTCON3bits.INT1IF = 0);
  2620   001640  90F0               	bcf	240,0,c	;volatile
  2621   001642                     
  2622                           ;mcc_generated_files/system/src/interrupt.c: 58:     (INTCON2bits.INTEDG1 = 1);
  2623   001642  8AF1               	bsf	241,5,c	;volatile
  2624                           
  2625                           ;mcc_generated_files/system/src/interrupt.c: 60:     INT1_SetInterruptHandler(INT1_Defau
      +                          ltInterruptHandler);
  2626   001644  0E00               	movlw	0
  2627   001646  6E45               	movwf	INT1_SetInterruptHandler@InterruptHandler^0,c
  2628   001648  0E00               	movlw	0
  2629   00164A  6E46               	movwf	(INT1_SetInterruptHandler@InterruptHandler+1)^0,c
  2630   00164C  ECBB  F00B         	call	_INT1_SetInterruptHandler	;wreg free
  2631   001650                     
  2632                           ;mcc_generated_files/system/src/interrupt.c: 65:     (INTCON3bits.INT2IF = 0);
  2633   001650  92F0               	bcf	240,1,c	;volatile
  2634   001652                     
  2635                           ;mcc_generated_files/system/src/interrupt.c: 66:     (INTCON2bits.INTEDG2 = 1);
  2636   001652  88F1               	bsf	241,4,c	;volatile
  2637                           
  2638                           ;mcc_generated_files/system/src/interrupt.c: 68:     INT2_SetInterruptHandler(INT2_Defau
      +                          ltInterruptHandler);
  2639   001654  0E00               	movlw	0
  2640   001656  6E45               	movwf	INT2_SetInterruptHandler@InterruptHandler^0,c
  2641   001658  0E00               	movlw	0
  2642   00165A  6E46               	movwf	(INT2_SetInterruptHandler@InterruptHandler+1)^0,c
  2643   00165C  ECB6  F00B         	call	_INT2_SetInterruptHandler	;wreg free
  2644   001660  0012               	return		;funcret
  2645   001662                     __end_of_INTERRUPT_Initialize:
  2646                           	callstack 0
  2647                           
  2648 ;; *************** function _INT2_SetInterruptHandler *****************
  2649 ;; Defined at:
  2650 ;;		line 178 in file "mcc_generated_files/system/src/interrupt.c"
  2651 ;; Parameters:    Size  Location     Type
  2652 ;;  InterruptHan    2   14[COMRAM] PTR FTN()void 
  2653 ;;		 -> INT2_DefaultInterruptHandler(1), 
  2654 ;; Auto vars:     Size  Location     Type
  2655 ;;		None
  2656 ;; Return value:  Size  Location     Type
  2657 ;;                  1    wreg      void 
  2658 ;; Registers used:
  2659 ;;		wreg, status,2, status,0
  2660 ;; Tracked objects:
  2661 ;;		On entry : 0/0
  2662 ;;		On exit  : 0/0
  2663 ;;		Unchanged: 0/0
  2664 ;; Data sizes:     COMRAM   BANK0   BANK1   BANK2   BANK3   BANK4   BANK5   BANK6   BANK7   BANK8   BANK9  BANK10  BANK1
      +1  BANK12  BANK13  BANK14  BANK15
  2665 ;;      Params:         2       0       0       0       0       0       0       0       0       0       0       0       
      +0       0       0       0       0
  2666 ;;      Locals:         0       0       0       0       0       0       0       0       0       0       0       0       
      +0       0       0       0       0
  2667 ;;      Temps:          0       0       0       0       0       0       0       0       0       0       0       0       
      +0       0       0       0       0
  2668 ;;      Totals:         2       0       0       0       0       0       0       0       0       0       0       0       
      +0       0       0       0       0
  2669 ;;Total ram usage:        2 bytes
  2670 ;; Hardware stack levels used: 1
  2671 ;; Hardware stack levels required when called: 6
  2672 ;; This function calls:
  2673 ;;		Nothing
  2674 ;; This function is called by:
  2675 ;;		_INTERRUPT_Initialize
  2676 ;; This function uses a non-reentrant model
  2677 ;;
  2678                           
  2679                           	psect	text9
  2680   00176C                     __ptext9:
  2681                           	callstack 0
  2682   00176C                     _INT2_SetInterruptHandler:
  2683                           	callstack 22
  2684   00176C                     
  2685                           ;mcc_generated_files/system/src/interrupt.c: 179:     INT2_InterruptHandler = InterruptH
      +                          andler;
  2686   00176C  C045  F020         	movff	INT2_SetInterruptHandler@InterruptHandler,_INT2_InterruptHandler
  2687   001770  C046  F021         	movff	INT2_SetInterruptHandler@InterruptHandler+1,_INT2_InterruptHandler+1
  2688   001774  0012               	return		;funcret
  2689   001776                     __end_of_INT2_SetInterruptHandler:
  2690                           	callstack 0
  2691                           
  2692 ;; *************** function _INT1_SetInterruptHandler *****************
  2693 ;; Defined at:
  2694 ;;		line 152 in file "mcc_generated_files/system/src/interrupt.c"
  2695 ;; Parameters:    Size  Location     Type
  2696 ;;  InterruptHan    2   14[COMRAM] PTR FTN()void 
  2697 ;;		 -> INT1_DefaultInterruptHandler(1), 
  2698 ;; Auto vars:     Size  Location     Type
  2699 ;;		None
  2700 ;; Return value:  Size  Location     Type
  2701 ;;                  1    wreg      void 
  2702 ;; Registers used:
  2703 ;;		wreg, status,2, status,0
  2704 ;; Tracked objects:
  2705 ;;		On entry : 0/0
  2706 ;;		On exit  : 0/0
  2707 ;;		Unchanged: 0/0
  2708 ;; Data sizes:     COMRAM   BANK0   BANK1   BANK2   BANK3   BANK4   BANK5   BANK6   BANK7   BANK8   BANK9  BANK10  BANK1
      +1  BANK12  BANK13  BANK14  BANK15
  2709 ;;      Params:         2       0       0       0       0       0       0       0       0       0       0       0       
      +0       0       0       0       0
  2710 ;;      Locals:         0       0       0       0       0       0       0       0       0       0       0       0       
      +0       0       0       0       0
  2711 ;;      Temps:          0       0       0       0       0       0       0       0       0       0       0       0       
      +0       0       0       0       0
  2712 ;;      Totals:         2       0       0       0       0       0       0       0       0       0       0       0       
      +0       0       0       0       0
  2713 ;;Total ram usage:        2 bytes
  2714 ;; Hardware stack levels used: 1
  2715 ;; Hardware stack levels required when called: 6
  2716 ;; This function calls:
  2717 ;;		Nothing
  2718 ;; This function is called by:
  2719 ;;		_INTERRUPT_Initialize
  2720 ;; This function uses a non-reentrant model
  2721 ;;
  2722                           
  2723                           	psect	text10
  2724   001776                     __ptext10:
  2725                           	callstack 0
  2726   001776                     _INT1_SetInterruptHandler:
  2727                           	callstack 22
  2728   001776                     
  2729                           ;mcc_generated_files/system/src/interrupt.c: 153:     INT1_InterruptHandler = InterruptH
      +                          andler;
  2730   001776  C045  F022         	movff	INT1_SetInterruptHandler@InterruptHandler,_INT1_InterruptHandler
  2731   00177A  C046  F023         	movff	INT1_SetInterruptHandler@InterruptHandler+1,_INT1_InterruptHandler+1
  2732   00177E  0012               	return		;funcret
  2733   001780                     __end_of_INT1_SetInterruptHandler:
  2734                           	callstack 0
  2735                           
  2736 ;; *************** function _INT0_SetInterruptHandler *****************
  2737 ;; Defined at:
  2738 ;;		line 126 in file "mcc_generated_files/system/src/interrupt.c"
  2739 ;; Parameters:    Size  Location     Type
  2740 ;;  InterruptHan    2   14[COMRAM] PTR FTN()void 
  2741 ;;		 -> INT0_DefaultInterruptHandler(1), 
  2742 ;; Auto vars:     Size  Location     Type
  2743 ;;		None
  2744 ;; Return value:  Size  Location     Type
  2745 ;;                  1    wreg      void 
  2746 ;; Registers used:
  2747 ;;		wreg, status,2, status,0
  2748 ;; Tracked objects:
  2749 ;;		On entry : 0/0
  2750 ;;		On exit  : 0/0
  2751 ;;		Unchanged: 0/0
  2752 ;; Data sizes:     COMRAM   BANK0   BANK1   BANK2   BANK3   BANK4   BANK5   BANK6   BANK7   BANK8   BANK9  BANK10  BANK1
      +1  BANK12  BANK13  BANK14  BANK15
  2753 ;;      Params:         2       0       0       0       0       0       0       0       0       0       0       0       
      +0       0       0       0       0
  2754 ;;      Locals:         0       0       0       0       0       0       0       0       0       0       0       0       
      +0       0       0       0       0
  2755 ;;      Temps:          0       0       0       0       0       0       0       0       0       0       0       0       
      +0       0       0       0       0
  2756 ;;      Totals:         2       0       0       0       0       0       0       0       0       0       0       0       
      +0       0       0       0       0
  2757 ;;Total ram usage:        2 bytes
  2758 ;; Hardware stack levels used: 1
  2759 ;; Hardware stack levels required when called: 6
  2760 ;; This function calls:
  2761 ;;		Nothing
  2762 ;; This function is called by:
  2763 ;;		_INTERRUPT_Initialize
  2764 ;; This function uses a non-reentrant model
  2765 ;;
  2766                           
  2767                           	psect	text11
  2768   001780                     __ptext11:
  2769                           	callstack 0
  2770   001780                     _INT0_SetInterruptHandler:
  2771                           	callstack 22
  2772   001780                     
  2773                           ;mcc_generated_files/system/src/interrupt.c: 127:     INT0_InterruptHandler = InterruptH
      +                          andler;
  2774   001780  C045  F024         	movff	INT0_SetInterruptHandler@InterruptHandler,_INT0_InterruptHandler
  2775   001784  C046  F025         	movff	INT0_SetInterruptHandler@InterruptHandler+1,_INT0_InterruptHandler+1
  2776   001788  0012               	return		;funcret
  2777   00178A                     __end_of_INT0_SetInterruptHandler:
  2778                           	callstack 0
  2779                           
  2780 ;; *************** function _I2C1_Initialize *****************
  2781 ;; Defined at:
  2782 ;;		line 84 in file "mcc_generated_files/i2c_host/src/mssp.c"
  2783 ;; Parameters:    Size  Location     Type
  2784 ;;		None
  2785 ;; Auto vars:     Size  Location     Type
  2786 ;;		None
  2787 ;; Return value:  Size  Location     Type
  2788 ;;                  1    wreg      void 
  2789 ;; Registers used:
  2790 ;;		wreg, status,2
  2791 ;; Tracked objects:
  2792 ;;		On entry : 0/0
  2793 ;;		On exit  : 0/0
  2794 ;;		Unchanged: 0/0
  2795 ;; Data sizes:     COMRAM   BANK0   BANK1   BANK2   BANK3   BANK4   BANK5   BANK6   BANK7   BANK8   BANK9  BANK10  BANK1
      +1  BANK12  BANK13  BANK14  BANK15
  2796 ;;      Params:         0       0       0       0       0       0       0       0       0       0       0       0       
      +0       0       0       0       0
  2797 ;;      Locals:         0       0       0       0       0       0       0       0       0       0       0       0       
      +0       0       0       0       0
  2798 ;;      Temps:          0       0       0       0       0       0       0       0       0       0       0       0       
      +0       0       0       0       0
  2799 ;;      Totals:         0       0       0       0       0       0       0       0       0       0       0       0       
      +0       0       0       0       0
  2800 ;;Total ram usage:        0 bytes
  2801 ;; Hardware stack levels used: 1
  2802 ;; Hardware stack levels required when called: 6
  2803 ;; This function calls:
  2804 ;;		Nothing
  2805 ;; This function is called by:
  2806 ;;		_SYSTEM_Initialize
  2807 ;; This function uses a non-reentrant model
  2808 ;;
  2809                           
  2810                           	psect	text12
  2811   00174C                     __ptext12:
  2812                           	callstack 0
  2813   00174C                     _I2C1_Initialize:
  2814                           	callstack 23
  2815   00174C                     
  2816                           ;mcc_generated_files/i2c_host/src/mssp.c: 87:     SSPSTAT = 0x80;
  2817   00174C  0E80               	movlw	128
  2818   00174E  6EC7               	movwf	199,c	;volatile
  2819                           
  2820                           ;mcc_generated_files/i2c_host/src/mssp.c: 89:     SSPCON1 = 0x8;
  2821   001750  0E08               	movlw	8
  2822   001752  6EC6               	movwf	198,c	;volatile
  2823   001754                     
  2824                           ;mcc_generated_files/i2c_host/src/mssp.c: 91:     SSPCON2 = 0x0;
  2825   001754  6AC5               	clrf	197,c	;volatile
  2826                           
  2827                           ;mcc_generated_files/i2c_host/src/mssp.c: 93:     SSPADD = 0x27;
  2828   001756  0E27               	movlw	39
  2829   001758  6EC8               	movwf	200,c	;volatile
  2830   00175A                     
  2831                           ;mcc_generated_files/i2c_host/src/mssp.c: 94:     PIE1bits.SSPIE = 1;
  2832   00175A  869D               	bsf	157,3,c	;volatile
  2833   00175C                     
  2834                           ;mcc_generated_files/i2c_host/src/mssp.c: 95:     PIE2bits.BCLIE = 1;
  2835   00175C  86A0               	bsf	160,3,c	;volatile
  2836   00175E                     
  2837                           ;mcc_generated_files/i2c_host/src/mssp.c: 96:     SSPCON1bits.SSPEN = 1;
  2838   00175E  8AC6               	bsf	198,5,c	;volatile
  2839   001760  0012               	return		;funcret
  2840   001762                     __end_of_I2C1_Initialize:
  2841                           	callstack 0
  2842                           
  2843 ;; *************** function _EUSART_Initialize *****************
  2844 ;; Defined at:
  2845 ;;		line 68 in file "mcc_generated_files/uart/src/eusart.c"
  2846 ;; Parameters:    Size  Location     Type
  2847 ;;		None
  2848 ;; Auto vars:     Size  Location     Type
  2849 ;;		None
  2850 ;; Return value:  Size  Location     Type
  2851 ;;                  1    wreg      void 
  2852 ;; Registers used:
  2853 ;;		wreg, status,2, status,0, cstack
  2854 ;; Tracked objects:
  2855 ;;		On entry : 0/0
  2856 ;;		On exit  : 0/0
  2857 ;;		Unchanged: 0/0
  2858 ;; Data sizes:     COMRAM   BANK0   BANK1   BANK2   BANK3   BANK4   BANK5   BANK6   BANK7   BANK8   BANK9  BANK10  BANK1
      +1  BANK12  BANK13  BANK14  BANK15
  2859 ;;      Params:         0       0       0       0       0       0       0       0       0       0       0       0       
      +0       0       0       0       0
  2860 ;;      Locals:         0       0       0       0       0       0       0       0       0       0       0       0       
      +0       0       0       0       0
  2861 ;;      Temps:          0       0       0       0       0       0       0       0       0       0       0       0       
      +0       0       0       0       0
  2862 ;;      Totals:         0       0       0       0       0       0       0       0       0       0       0       0       
      +0       0       0       0       0
  2863 ;;Total ram usage:        0 bytes
  2864 ;; Hardware stack levels used: 1
  2865 ;; Hardware stack levels required when called: 7
  2866 ;; This function calls:
  2867 ;;		_EUSART_FramingErrorCallbackRegister
  2868 ;;		_EUSART_OverrunErrorCallbackRegister
  2869 ;; This function is called by:
  2870 ;;		_SYSTEM_Initialize
  2871 ;; This function uses a non-reentrant model
  2872 ;;
  2873                           
  2874                           	psect	text13
  2875   001662                     __ptext13:
  2876                           	callstack 0
  2877   001662                     _EUSART_Initialize:
  2878                           	callstack 22
  2879   001662                     
  2880                           ;mcc_generated_files/uart/src/eusart.c: 73:     BAUDCON = 0x48;
  2881   001662  0E48               	movlw	72
  2882   001664  6EB8               	movwf	184,c	;volatile
  2883                           
  2884                           ;mcc_generated_files/uart/src/eusart.c: 75:     RCSTA = 0x90;
  2885   001666  0E90               	movlw	144
  2886   001668  6EAB               	movwf	171,c	;volatile
  2887                           
  2888                           ;mcc_generated_files/uart/src/eusart.c: 77:     TXSTA = 0x26;
  2889   00166A  0E26               	movlw	38
  2890   00166C  6EAC               	movwf	172,c	;volatile
  2891                           
  2892                           ;mcc_generated_files/uart/src/eusart.c: 79:     SPBRG = 0xA0;
  2893   00166E  0EA0               	movlw	160
  2894   001670  6EAF               	movwf	175,c	;volatile
  2895                           
  2896                           ;mcc_generated_files/uart/src/eusart.c: 81:     SPBRGH = 0x1;
  2897   001672  0E01               	movlw	1
  2898   001674  6EB0               	movwf	176,c	;volatile
  2899   001676                     
  2900                           ;mcc_generated_files/uart/src/eusart.c: 83:     EUSART_FramingErrorCallbackRegister(EUSA
      +                          RT_DefaultFramingErrorCallback);
  2901   001676  0E00               	movlw	0
  2902   001678  6E45               	movwf	EUSART_FramingErrorCallbackRegister@callbackHandler^0,c
  2903   00167A  0E00               	movlw	0
  2904   00167C  6E46               	movwf	(EUSART_FramingErrorCallbackRegister@callbackHandler+1)^0,c
  2905   00167E  EC7F  F00B         	call	_EUSART_FramingErrorCallbackRegister	;wreg free
  2906   001682                     
  2907                           ;mcc_generated_files/uart/src/eusart.c: 84:     EUSART_OverrunErrorCallbackRegister(EUSA
      +                          RT_DefaultOverrunErrorCallback);
  2908   001682  0E00               	movlw	0
  2909   001684  6E45               	movwf	EUSART_OverrunErrorCallbackRegister@callbackHandler^0,c
  2910   001686  0E00               	movlw	0
  2911   001688  6E46               	movwf	(EUSART_OverrunErrorCallbackRegister@callbackHandler+1)^0,c
  2912   00168A  EC71  F00B         	call	_EUSART_OverrunErrorCallbackRegister	;wreg free
  2913                           
  2914                           ;mcc_generated_files/uart/src/eusart.c: 85:     eusartRxLastError.status = 0;
  2915   00168E  6A1F               	clrf	(_eusartRxLastError+1)^0,c	;volatile
  2916   001690  0E00               	movlw	0
  2917   001692  6E1E               	movwf	_eusartRxLastError^0,c	;volatile
  2918   001694  0012               	return		;funcret
  2919   001696                     __end_of_EUSART_Initialize:
  2920                           	callstack 0
  2921                           
  2922 ;; *************** function _EUSART_OverrunErrorCallbackRegister *****************
  2923 ;; Defined at:
  2924 ;;		line 234 in file "mcc_generated_files/uart/src/eusart.c"
  2925 ;; Parameters:    Size  Location     Type
  2926 ;;  callbackHand    2   14[COMRAM] PTR FTN()void 
  2927 ;;		 -> EUSART_DefaultOverrunErrorCallback(1), 
  2928 ;; Auto vars:     Size  Location     Type
  2929 ;;		None
  2930 ;; Return value:  Size  Location     Type
  2931 ;;                  1    wreg      void 
  2932 ;; Registers used:
  2933 ;;		wreg, status,2, status,0
  2934 ;; Tracked objects:
  2935 ;;		On entry : 0/0
  2936 ;;		On exit  : 0/0
  2937 ;;		Unchanged: 0/0
  2938 ;; Data sizes:     COMRAM   BANK0   BANK1   BANK2   BANK3   BANK4   BANK5   BANK6   BANK7   BANK8   BANK9  BANK10  BANK1
      +1  BANK12  BANK13  BANK14  BANK15
  2939 ;;      Params:         2       0       0       0       0       0       0       0       0       0       0       0       
      +0       0       0       0       0
  2940 ;;      Locals:         0       0       0       0       0       0       0       0       0       0       0       0       
      +0       0       0       0       0
  2941 ;;      Temps:          0       0       0       0       0       0       0       0       0       0       0       0       
      +0       0       0       0       0
  2942 ;;      Totals:         2       0       0       0       0       0       0       0       0       0       0       0       
      +0       0       0       0       0
  2943 ;;Total ram usage:        2 bytes
  2944 ;; Hardware stack levels used: 1
  2945 ;; Hardware stack levels required when called: 6
  2946 ;; This function calls:
  2947 ;;		Nothing
  2948 ;; This function is called by:
  2949 ;;		_EUSART_Initialize
  2950 ;; This function uses a non-reentrant model
  2951 ;;
  2952                           
  2953                           	psect	text14
  2954   0016E2                     __ptext14:
  2955                           	callstack 0
  2956   0016E2                     _EUSART_OverrunErrorCallbackRegister:
  2957                           	callstack 22
  2958   0016E2                     
  2959                           ;mcc_generated_files/uart/src/eusart.c: 234: void EUSART_OverrunErrorCallbackRegister(vo
      +                          id (* callbackHandler)(void));mcc_generated_files/uart/src/eusart.c: 235: {;mcc_generate
      +                          d_files/uart/src/eusart.c: 236:     if(((void*)0) != callbackHandler)
  2960   0016E2  5045               	movf	EUSART_OverrunErrorCallbackRegister@callbackHandler^0,w,c
  2961   0016E4  1046               	iorwf	(EUSART_OverrunErrorCallbackRegister@callbackHandler+1)^0,w,c
  2962   0016E6  B4D8               	btfsc	status,2,c
  2963   0016E8  EF78  F00B         	goto	u731
  2964   0016EC  EF7A  F00B         	goto	u730
  2965   0016F0                     u731:
  2966   0016F0  EF7E  F00B         	goto	l662
  2967   0016F4                     u730:
  2968   0016F4                     
  2969                           ;mcc_generated_files/uart/src/eusart.c: 237:     {;mcc_generated_files/uart/src/eusart.c
      +                          : 238:         EUSART_OverrunErrorHandler = callbackHandler;
  2970   0016F4  C045  F01A         	movff	EUSART_OverrunErrorCallbackRegister@callbackHandler,_EUSART_OverrunErrorHandler
  2971   0016F8  C046  F01B         	movff	EUSART_OverrunErrorCallbackRegister@callbackHandler+1,_EUSART_OverrunErrorHandler
      +                          +1
  2972   0016FC                     l662:
  2973   0016FC  0012               	return		;funcret
  2974   0016FE                     __end_of_EUSART_OverrunErrorCallbackRegister:
  2975                           	callstack 0
  2976                           
  2977 ;; *************** function _EUSART_FramingErrorCallbackRegister *****************
  2978 ;; Defined at:
  2979 ;;		line 226 in file "mcc_generated_files/uart/src/eusart.c"
  2980 ;; Parameters:    Size  Location     Type
  2981 ;;  callbackHand    2   14[COMRAM] PTR FTN()void 
  2982 ;;		 -> EUSART_DefaultFramingErrorCallback(1), 
  2983 ;; Auto vars:     Size  Location     Type
  2984 ;;		None
  2985 ;; Return value:  Size  Location     Type
  2986 ;;                  1    wreg      void 
  2987 ;; Registers used:
  2988 ;;		wreg, status,2, status,0
  2989 ;; Tracked objects:
  2990 ;;		On entry : 0/0
  2991 ;;		On exit  : 0/0
  2992 ;;		Unchanged: 0/0
  2993 ;; Data sizes:     COMRAM   BANK0   BANK1   BANK2   BANK3   BANK4   BANK5   BANK6   BANK7   BANK8   BANK9  BANK10  BANK1
      +1  BANK12  BANK13  BANK14  BANK15
  2994 ;;      Params:         2       0       0       0       0       0       0       0       0       0       0       0       
      +0       0       0       0       0
  2995 ;;      Locals:         0       0       0       0       0       0       0       0       0       0       0       0       
      +0       0       0       0       0
  2996 ;;      Temps:          0       0       0       0       0       0       0       0       0       0       0       0       
      +0       0       0       0       0
  2997 ;;      Totals:         2       0       0       0       0       0       0       0       0       0       0       0       
      +0       0       0       0       0
  2998 ;;Total ram usage:        2 bytes
  2999 ;; Hardware stack levels used: 1
  3000 ;; Hardware stack levels required when called: 6
  3001 ;; This function calls:
  3002 ;;		Nothing
  3003 ;; This function is called by:
  3004 ;;		_EUSART_Initialize
  3005 ;; This function uses a non-reentrant model
  3006 ;;
  3007                           
  3008                           	psect	text15
  3009   0016FE                     __ptext15:
  3010                           	callstack 0
  3011   0016FE                     _EUSART_FramingErrorCallbackRegister:
  3012                           	callstack 22
  3013   0016FE                     
  3014                           ;mcc_generated_files/uart/src/eusart.c: 226: void EUSART_FramingErrorCallbackRegister(vo
      +                          id (* callbackHandler)(void));mcc_generated_files/uart/src/eusart.c: 227: {;mcc_generate
      +                          d_files/uart/src/eusart.c: 228:     if(((void*)0) != callbackHandler)
  3015   0016FE  5045               	movf	EUSART_FramingErrorCallbackRegister@callbackHandler^0,w,c
  3016   001700  1046               	iorwf	(EUSART_FramingErrorCallbackRegister@callbackHandler+1)^0,w,c
  3017   001702  B4D8               	btfsc	status,2,c
  3018   001704  EF86  F00B         	goto	u721
  3019   001708  EF88  F00B         	goto	u720
  3020   00170C                     u721:
  3021   00170C  EF8C  F00B         	goto	l658
  3022   001710                     u720:
  3023   001710                     
  3024                           ;mcc_generated_files/uart/src/eusart.c: 229:     {;mcc_generated_files/uart/src/eusart.c
      +                          : 230:         EUSART_FramingErrorHandler = callbackHandler;
  3025   001710  C045  F01C         	movff	EUSART_FramingErrorCallbackRegister@callbackHandler,_EUSART_FramingErrorHandler
  3026   001714  C046  F01D         	movff	EUSART_FramingErrorCallbackRegister@callbackHandler+1,_EUSART_FramingErrorHandler
      +                          +1
  3027   001718                     l658:
  3028   001718  0012               	return		;funcret
  3029   00171A                     __end_of_EUSART_FramingErrorCallbackRegister:
  3030                           	callstack 0
  3031                           
  3032 ;; *************** function _CLOCK_Initialize *****************
  3033 ;; Defined at:
  3034 ;;		line 40 in file "mcc_generated_files/system/src/clock.c"
  3035 ;; Parameters:    Size  Location     Type
  3036 ;;		None
  3037 ;; Auto vars:     Size  Location     Type
  3038 ;;		None
  3039 ;; Return value:  Size  Location     Type
  3040 ;;                  1    wreg      void 
  3041 ;; Registers used:
  3042 ;;		wreg, status,2
  3043 ;; Tracked objects:
  3044 ;;		On entry : 0/0
  3045 ;;		On exit  : 0/0
  3046 ;;		Unchanged: 0/0
  3047 ;; Data sizes:     COMRAM   BANK0   BANK1   BANK2   BANK3   BANK4   BANK5   BANK6   BANK7   BANK8   BANK9  BANK10  BANK1
      +1  BANK12  BANK13  BANK14  BANK15
  3048 ;;      Params:         0       0       0       0       0       0       0       0       0       0       0       0       
      +0       0       0       0       0
  3049 ;;      Locals:         0       0       0       0       0       0       0       0       0       0       0       0       
      +0       0       0       0       0
  3050 ;;      Temps:          0       0       0       0       0       0       0       0       0       0       0       0       
      +0       0       0       0       0
  3051 ;;      Totals:         0       0       0       0       0       0       0       0       0       0       0       0       
      +0       0       0       0       0
  3052 ;;Total ram usage:        0 bytes
  3053 ;; Hardware stack levels used: 1
  3054 ;; Hardware stack levels required when called: 6
  3055 ;; This function calls:
  3056 ;;		Nothing
  3057 ;; This function is called by:
  3058 ;;		_SYSTEM_Initialize
  3059 ;; This function uses a non-reentrant model
  3060 ;;
  3061                           
  3062                           	psect	text16
  3063   0017C4                     __ptext16:
  3064                           	callstack 0
  3065   0017C4                     _CLOCK_Initialize:
  3066                           	callstack 23
  3067   0017C4                     
  3068                           ;mcc_generated_files/system/src/clock.c: 42:     OSCCON = (0 << 0x0)
  3069   0017C4  0E70               	movlw	112
  3070   0017C6  6ED3               	movwf	211,c	;volatile
  3071   0017C8                     
  3072                           ;mcc_generated_files/system/src/clock.c: 46:     OSCTUNE = (0 << 0x0)
  3073   0017C8  6A9B               	clrf	155,c	;volatile
  3074   0017CA  0012               	return		;funcret
  3075   0017CC                     __end_of_CLOCK_Initialize:
  3076                           	callstack 0
  3077                           
  3078 ;; *************** function _RealTimeClock_DS1307_GET_DATE_TIME *****************
  3079 ;; Defined at:
  3080 ;;		line 47 in file "HAL_LAYER/RealTimeClock_DS1307/RealTimeClock_DS1307.c"
  3081 ;; Parameters:    Size  Location     Type
  3082 ;;		None
  3083 ;; Auto vars:     Size  Location     Type
  3084 ;;		None
  3085 ;; Return value:  Size  Location     Type
  3086 ;;                  6   22[COMRAM] struct .
  3087 ;; Registers used:
  3088 ;;		wreg, fsr0l, fsr0h, fsr2l, fsr2h, status,2, status,0, cstack
  3089 ;; Tracked objects:
  3090 ;;		On entry : 0/0
  3091 ;;		On exit  : 0/0
  3092 ;;		Unchanged: 0/0
  3093 ;; Data sizes:     COMRAM   BANK0   BANK1   BANK2   BANK3   BANK4   BANK5   BANK6   BANK7   BANK8   BANK9  BANK10  BANK1
      +1  BANK12  BANK13  BANK14  BANK15
  3094 ;;      Params:         6       0       0       0       0       0       0       0       0       0       0       0       
      +0       0       0       0       0
  3095 ;;      Locals:         0       0       0       0       0       0       0       0       0       0       0       0       
      +0       0       0       0       0
  3096 ;;      Temps:          0       0       0       0       0       0       0       0       0       0       0       0       
      +0       0       0       0       0
  3097 ;;      Totals:         6       0       0       0       0       0       0       0       0       0       0       0       
      +0       0       0       0       0
  3098 ;;Total ram usage:        6 bytes
  3099 ;; Hardware stack levels used: 1
  3100 ;; Hardware stack levels required when called: 9
  3101 ;; This function calls:
  3102 ;;		_RealTimeClock_DS1307_GET_DAY
  3103 ;;		_RealTimeClock_DS1307_GET_HOURS
  3104 ;;		_RealTimeClock_DS1307_GET_MINUTES
  3105 ;;		_RealTimeClock_DS1307_GET_MONTH
  3106 ;;		_RealTimeClock_DS1307_GET_SECONDS
  3107 ;;		_RealTimeClock_DS1307_GET_YEAR
  3108 ;; This function is called by:
  3109 ;;		_main
  3110 ;; This function uses a non-reentrant model
  3111 ;;
  3112                           
  3113                           	psect	text17
  3114   0014B2                     __ptext17:
  3115                           	callstack 0
  3116   0014B2                     _RealTimeClock_DS1307_GET_DATE_TIME:
  3117                           	callstack 21
  3118   0014B2                     
  3119                           ;HAL_LAYER/RealTimeClock_DS1307/RealTimeClock_DS1307.c: 48:     RealTimeClock_DS1307.Sec
      +                          onds = RealTimeClock_DS1307_GET_SECONDS();
  3120   0014B2  EC90  F00A         	call	_RealTimeClock_DS1307_GET_SECONDS	;wreg free
  3121   0014B6  6E14               	movwf	_RealTimeClock_DS1307@RealTimeClock_DS1307$F83^0,c
  3122                           
  3123                           ;HAL_LAYER/RealTimeClock_DS1307/RealTimeClock_DS1307.c: 49:     RealTimeClock_DS1307.Min
      +                          utes = RealTimeClock_DS1307_GET_MINUTES();
  3124   0014B8  ECC6  F00A         	call	_RealTimeClock_DS1307_GET_MINUTES	;wreg free
  3125   0014BC  6E15               	movwf	(_RealTimeClock_DS1307@RealTimeClock_DS1307$F83+1)^0,c
  3126                           
  3127                           ;HAL_LAYER/RealTimeClock_DS1307/RealTimeClock_DS1307.c: 50:     RealTimeClock_DS1307.Hou
      +                          rs = RealTimeClock_DS1307_GET_HOURS();
  3128   0014BE  ECE1  F00A         	call	_RealTimeClock_DS1307_GET_HOURS	;wreg free
  3129   0014C2  6E16               	movwf	(_RealTimeClock_DS1307@RealTimeClock_DS1307$F83+2)^0,c
  3130                           
  3131                           ;HAL_LAYER/RealTimeClock_DS1307/RealTimeClock_DS1307.c: 51:     RealTimeClock_DS1307.Day
      +                           = RealTimeClock_DS1307_GET_DAY();
  3132   0014C4  ECFC  F00A         	call	_RealTimeClock_DS1307_GET_DAY	;wreg free
  3133   0014C8  6E17               	movwf	(_RealTimeClock_DS1307@RealTimeClock_DS1307$F83+3)^0,c
  3134                           
  3135                           ;HAL_LAYER/RealTimeClock_DS1307/RealTimeClock_DS1307.c: 52:     RealTimeClock_DS1307.Mon
      +                          th = RealTimeClock_DS1307_GET_MONTH();
  3136   0014CA  ECAB  F00A         	call	_RealTimeClock_DS1307_GET_MONTH	;wreg free
  3137   0014CE  6E18               	movwf	(_RealTimeClock_DS1307@RealTimeClock_DS1307$F83+4)^0,c
  3138                           
  3139                           ;HAL_LAYER/RealTimeClock_DS1307/RealTimeClock_DS1307.c: 53:     RealTimeClock_DS1307.Yea
      +                          r = RealTimeClock_DS1307_GET_YEAR();
  3140   0014D0  EC75  F00A         	call	_RealTimeClock_DS1307_GET_YEAR	;wreg free
  3141   0014D4  6E19               	movwf	(_RealTimeClock_DS1307@RealTimeClock_DS1307$F83+5)^0,c
  3142   0014D6                     
  3143                           ;HAL_LAYER/RealTimeClock_DS1307/RealTimeClock_DS1307.c: 54:     return RealTimeClock_DS1
      +                          307;
  3144   0014D6  EE20  F014         	lfsr	2,_RealTimeClock_DS1307@RealTimeClock_DS1307$F83
  3145   0014DA  EE00  F04D         	lfsr	0,?_RealTimeClock_DS1307_GET_DATE_TIME
  3146   0014DE  0E05               	movlw	5
  3147   0014E0                     u861:
  3148   0014E0  CFDB FFEB          	movff	plusw2,plusw0
  3149   0014E4  06E8               	decf	wreg,f,c
  3150   0014E6  E2FC               	bc	u861
  3151   0014E8  0012               	return		;funcret
  3152   0014EA                     __end_of_RealTimeClock_DS1307_GET_DATE_TIME:
  3153                           	callstack 0
  3154                           
  3155 ;; *************** function _RealTimeClock_DS1307_GET_YEAR *****************
  3156 ;; Defined at:
  3157 ;;		line 42 in file "HAL_LAYER/RealTimeClock_DS1307/RealTimeClock_DS1307.c"
  3158 ;; Parameters:    Size  Location     Type
  3159 ;;		None
  3160 ;; Auto vars:     Size  Location     Type
  3161 ;;		None
  3162 ;; Return value:  Size  Location     Type
  3163 ;;                  1    wreg      unsigned char 
  3164 ;; Registers used:
  3165 ;;		wreg, status,2, status,0, cstack
  3166 ;; Tracked objects:
  3167 ;;		On entry : 0/0
  3168 ;;		On exit  : 0/0
  3169 ;;		Unchanged: 0/0
  3170 ;; Data sizes:     COMRAM   BANK0   BANK1   BANK2   BANK3   BANK4   BANK5   BANK6   BANK7   BANK8   BANK9  BANK10  BANK1
      +1  BANK12  BANK13  BANK14  BANK15
  3171 ;;      Params:         0       0       0       0       0       0       0       0       0       0       0       0       
      +0       0       0       0       0
  3172 ;;      Locals:         0       0       0       0       0       0       0       0       0       0       0       0       
      +0       0       0       0       0
  3173 ;;      Temps:          0       0       0       0       0       0       0       0       0       0       0       0       
      +0       0       0       0       0
  3174 ;;      Totals:         0       0       0       0       0       0       0       0       0       0       0       0       
      +0       0       0       0       0
  3175 ;;Total ram usage:        0 bytes
  3176 ;; Hardware stack levels used: 1
  3177 ;; Hardware stack levels required when called: 7
  3178 ;; This function calls:
  3179 ;;		_I2C1_IsBusy
  3180 ;;		_I2C1_WriteRead
  3181 ;; This function is called by:
  3182 ;;		_RealTimeClock_DS1307_GET_DATE_TIME
  3183 ;; This function uses a non-reentrant model
  3184 ;;
  3185                           
  3186                           	psect	text18
  3187   0014EA                     __ptext18:
  3188                           	callstack 0
  3189   0014EA                     _RealTimeClock_DS1307_GET_YEAR:
  3190                           	callstack 22
  3191   0014EA                     
  3192                           ;HAL_LAYER/RealTimeClock_DS1307/RealTimeClock_DS1307.c: 43:     I2C1_WriteRead(0xD0U, DS
      +                          1307_Reg + 5, 1, &ret_year, 1);
  3193   0014EA  6A46               	clrf	(I2C1_WriteRead@address+1)^0,c
  3194   0014EC  0ED0               	movlw	208
  3195   0014EE  6E45               	movwf	I2C1_WriteRead@address^0,c
  3196   0014F0  0E58               	movlw	low (_DS1307_Reg+5)
  3197   0014F2  6E47               	movwf	I2C1_WriteRead@writeData^0,c
  3198   0014F4  6A49               	clrf	(I2C1_WriteRead@writeLength+1)^0,c
  3199   0014F6  0E01               	movlw	1
  3200   0014F8  6E48               	movwf	I2C1_WriteRead@writeLength^0,c
  3201   0014FA  0E31               	movlw	low _ret_year
  3202   0014FC  6E4A               	movwf	I2C1_WriteRead@readData^0,c
  3203   0014FE  6A4C               	clrf	(I2C1_WriteRead@readLength+1)^0,c
  3204   001500  0E01               	movlw	1
  3205   001502  6E4B               	movwf	I2C1_WriteRead@readLength^0,c
  3206   001504  ECB9  F009         	call	_I2C1_WriteRead	;wreg free
  3207   001508                     l2351:
  3208   001508  EC00  F00C         	call	_I2C1_IsBusy	;wreg free
  3209   00150C  0900               	iorlw	0
  3210   00150E  A4D8               	btfss	status,2,c
  3211   001510  EF8C  F00A         	goto	u841
  3212   001514  EF8E  F00A         	goto	u840
  3213   001518                     u841:
  3214   001518  EF84  F00A         	goto	l2351
  3215   00151C                     u840:
  3216   00151C                     
  3217                           ;HAL_LAYER/RealTimeClock_DS1307/RealTimeClock_DS1307.c: 45:     return ret_year;
  3218   00151C  5031               	movf	_ret_year^0,w,c
  3219   00151E  0012               	return		;funcret
  3220   001520                     __end_of_RealTimeClock_DS1307_GET_YEAR:
  3221                           	callstack 0
  3222                           
  3223 ;; *************** function _RealTimeClock_DS1307_GET_SECONDS *****************
  3224 ;; Defined at:
  3225 ;;		line 17 in file "HAL_LAYER/RealTimeClock_DS1307/RealTimeClock_DS1307.c"
  3226 ;; Parameters:    Size  Location     Type
  3227 ;;		None
  3228 ;; Auto vars:     Size  Location     Type
  3229 ;;		None
  3230 ;; Return value:  Size  Location     Type
  3231 ;;                  1    wreg      unsigned char 
  3232 ;; Registers used:
  3233 ;;		wreg, status,2, status,0, cstack
  3234 ;; Tracked objects:
  3235 ;;		On entry : 0/0
  3236 ;;		On exit  : 0/0
  3237 ;;		Unchanged: 0/0
  3238 ;; Data sizes:     COMRAM   BANK0   BANK1   BANK2   BANK3   BANK4   BANK5   BANK6   BANK7   BANK8   BANK9  BANK10  BANK1
      +1  BANK12  BANK13  BANK14  BANK15
  3239 ;;      Params:         0       0       0       0       0       0       0       0       0       0       0       0       
      +0       0       0       0       0
  3240 ;;      Locals:         0       0       0       0       0       0       0       0       0       0       0       0       
      +0       0       0       0       0
  3241 ;;      Temps:          0       0       0       0       0       0       0       0       0       0       0       0       
      +0       0       0       0       0
  3242 ;;      Totals:         0       0       0       0       0       0       0       0       0       0       0       0       
      +0       0       0       0       0
  3243 ;;Total ram usage:        0 bytes
  3244 ;; Hardware stack levels used: 1
  3245 ;; Hardware stack levels required when called: 7
  3246 ;; This function calls:
  3247 ;;		_I2C1_IsBusy
  3248 ;;		_I2C1_WriteRead
  3249 ;; This function is called by:
  3250 ;;		_RealTimeClock_DS1307_GET_DATE_TIME
  3251 ;; This function uses a non-reentrant model
  3252 ;;
  3253                           
  3254                           	psect	text19
  3255   001520                     __ptext19:
  3256                           	callstack 0
  3257   001520                     _RealTimeClock_DS1307_GET_SECONDS:
  3258                           	callstack 22
  3259   001520                     
  3260                           ;HAL_LAYER/RealTimeClock_DS1307/RealTimeClock_DS1307.c: 18:     I2C1_WriteRead(0xD0U, DS
      +                          1307_Reg, 1, &ret_seconds, 1);
  3261   001520  6A46               	clrf	(I2C1_WriteRead@address+1)^0,c
  3262   001522  0ED0               	movlw	208
  3263   001524  6E45               	movwf	I2C1_WriteRead@address^0,c
  3264   001526  0E53               	movlw	low _DS1307_Reg
  3265   001528  6E47               	movwf	I2C1_WriteRead@writeData^0,c
  3266   00152A  6A49               	clrf	(I2C1_WriteRead@writeLength+1)^0,c
  3267   00152C  0E01               	movlw	1
  3268   00152E  6E48               	movwf	I2C1_WriteRead@writeLength^0,c
  3269   001530  0E36               	movlw	low _ret_seconds
  3270   001532  6E4A               	movwf	I2C1_WriteRead@readData^0,c
  3271   001534  6A4C               	clrf	(I2C1_WriteRead@readLength+1)^0,c
  3272   001536  0E01               	movlw	1
  3273   001538  6E4B               	movwf	I2C1_WriteRead@readLength^0,c
  3274   00153A  ECB9  F009         	call	_I2C1_WriteRead	;wreg free
  3275   00153E                     l2311:
  3276   00153E  EC00  F00C         	call	_I2C1_IsBusy	;wreg free
  3277   001542  0900               	iorlw	0
  3278   001544  A4D8               	btfss	status,2,c
  3279   001546  EFA7  F00A         	goto	u791
  3280   00154A  EFA9  F00A         	goto	u790
  3281   00154E                     u791:
  3282   00154E  EF9F  F00A         	goto	l2311
  3283   001552                     u790:
  3284   001552                     
  3285                           ;HAL_LAYER/RealTimeClock_DS1307/RealTimeClock_DS1307.c: 20:     return ret_seconds;
  3286   001552  5036               	movf	_ret_seconds^0,w,c
  3287   001554  0012               	return		;funcret
  3288   001556                     __end_of_RealTimeClock_DS1307_GET_SECONDS:
  3289                           	callstack 0
  3290                           
  3291 ;; *************** function _RealTimeClock_DS1307_GET_MONTH *****************
  3292 ;; Defined at:
  3293 ;;		line 37 in file "HAL_LAYER/RealTimeClock_DS1307/RealTimeClock_DS1307.c"
  3294 ;; Parameters:    Size  Location     Type
  3295 ;;		None
  3296 ;; Auto vars:     Size  Location     Type
  3297 ;;		None
  3298 ;; Return value:  Size  Location     Type
  3299 ;;                  1    wreg      unsigned char 
  3300 ;; Registers used:
  3301 ;;		wreg, status,2, status,0, cstack
  3302 ;; Tracked objects:
  3303 ;;		On entry : 0/0
  3304 ;;		On exit  : 0/0
  3305 ;;		Unchanged: 0/0
  3306 ;; Data sizes:     COMRAM   BANK0   BANK1   BANK2   BANK3   BANK4   BANK5   BANK6   BANK7   BANK8   BANK9  BANK10  BANK1
      +1  BANK12  BANK13  BANK14  BANK15
  3307 ;;      Params:         0       0       0       0       0       0       0       0       0       0       0       0       
      +0       0       0       0       0
  3308 ;;      Locals:         0       0       0       0       0       0       0       0       0       0       0       0       
      +0       0       0       0       0
  3309 ;;      Temps:          0       0       0       0       0       0       0       0       0       0       0       0       
      +0       0       0       0       0
  3310 ;;      Totals:         0       0       0       0       0       0       0       0       0       0       0       0       
      +0       0       0       0       0
  3311 ;;Total ram usage:        0 bytes
  3312 ;; Hardware stack levels used: 1
  3313 ;; Hardware stack levels required when called: 7
  3314 ;; This function calls:
  3315 ;;		_I2C1_IsBusy
  3316 ;;		_I2C1_WriteRead
  3317 ;; This function is called by:
  3318 ;;		_RealTimeClock_DS1307_GET_DATE_TIME
  3319 ;; This function uses a non-reentrant model
  3320 ;;
  3321                           
  3322                           	psect	text20
  3323   001556                     __ptext20:
  3324                           	callstack 0
  3325   001556                     _RealTimeClock_DS1307_GET_MONTH:
  3326                           	callstack 22
  3327   001556                     
  3328                           ;HAL_LAYER/RealTimeClock_DS1307/RealTimeClock_DS1307.c: 38:     I2C1_WriteRead(0xD0U, DS
      +                          1307_Reg + 4, 1, &ret_month, 1);
  3329   001556  6A46               	clrf	(I2C1_WriteRead@address+1)^0,c
  3330   001558  0ED0               	movlw	208
  3331   00155A  6E45               	movwf	I2C1_WriteRead@address^0,c
  3332   00155C  0E57               	movlw	low (_DS1307_Reg+4)
  3333   00155E  6E47               	movwf	I2C1_WriteRead@writeData^0,c
  3334   001560  6A49               	clrf	(I2C1_WriteRead@writeLength+1)^0,c
  3335   001562  0E01               	movlw	1
  3336   001564  6E48               	movwf	I2C1_WriteRead@writeLength^0,c
  3337   001566  0E32               	movlw	low _ret_month
  3338   001568  6E4A               	movwf	I2C1_WriteRead@readData^0,c
  3339   00156A  6A4C               	clrf	(I2C1_WriteRead@readLength+1)^0,c
  3340   00156C  0E01               	movlw	1
  3341   00156E  6E4B               	movwf	I2C1_WriteRead@readLength^0,c
  3342   001570  ECB9  F009         	call	_I2C1_WriteRead	;wreg free
  3343   001574                     l2343:
  3344   001574  EC00  F00C         	call	_I2C1_IsBusy	;wreg free
  3345   001578  0900               	iorlw	0
  3346   00157A  A4D8               	btfss	status,2,c
  3347   00157C  EFC2  F00A         	goto	u831
  3348   001580  EFC4  F00A         	goto	u830
  3349   001584                     u831:
  3350   001584  EFBA  F00A         	goto	l2343
  3351   001588                     u830:
  3352   001588                     
  3353                           ;HAL_LAYER/RealTimeClock_DS1307/RealTimeClock_DS1307.c: 40:     return ret_month;
  3354   001588  5032               	movf	_ret_month^0,w,c
  3355   00158A  0012               	return		;funcret
  3356   00158C                     __end_of_RealTimeClock_DS1307_GET_MONTH:
  3357                           	callstack 0
  3358                           
  3359 ;; *************** function _RealTimeClock_DS1307_GET_MINUTES *****************
  3360 ;; Defined at:
  3361 ;;		line 22 in file "HAL_LAYER/RealTimeClock_DS1307/RealTimeClock_DS1307.c"
  3362 ;; Parameters:    Size  Location     Type
  3363 ;;		None
  3364 ;; Auto vars:     Size  Location     Type
  3365 ;;		None
  3366 ;; Return value:  Size  Location     Type
  3367 ;;                  1    wreg      unsigned char 
  3368 ;; Registers used:
  3369 ;;		wreg, status,2, status,0, cstack
  3370 ;; Tracked objects:
  3371 ;;		On entry : 0/0
  3372 ;;		On exit  : 0/0
  3373 ;;		Unchanged: 0/0
  3374 ;; Data sizes:     COMRAM   BANK0   BANK1   BANK2   BANK3   BANK4   BANK5   BANK6   BANK7   BANK8   BANK9  BANK10  BANK1
      +1  BANK12  BANK13  BANK14  BANK15
  3375 ;;      Params:         0       0       0       0       0       0       0       0       0       0       0       0       
      +0       0       0       0       0
  3376 ;;      Locals:         0       0       0       0       0       0       0       0       0       0       0       0       
      +0       0       0       0       0
  3377 ;;      Temps:          0       0       0       0       0       0       0       0       0       0       0       0       
      +0       0       0       0       0
  3378 ;;      Totals:         0       0       0       0       0       0       0       0       0       0       0       0       
      +0       0       0       0       0
  3379 ;;Total ram usage:        0 bytes
  3380 ;; Hardware stack levels used: 1
  3381 ;; Hardware stack levels required when called: 7
  3382 ;; This function calls:
  3383 ;;		_I2C1_IsBusy
  3384 ;;		_I2C1_WriteRead
  3385 ;; This function is called by:
  3386 ;;		_RealTimeClock_DS1307_GET_DATE_TIME
  3387 ;; This function uses a non-reentrant model
  3388 ;;
  3389                           
  3390                           	psect	text21
  3391   00158C                     __ptext21:
  3392                           	callstack 0
  3393   00158C                     _RealTimeClock_DS1307_GET_MINUTES:
  3394                           	callstack 22
  3395   00158C                     
  3396                           ;HAL_LAYER/RealTimeClock_DS1307/RealTimeClock_DS1307.c: 23:     I2C1_WriteRead(0xD0U, DS
      +                          1307_Reg + 1, 1, &ret_minutes, 1);
  3397   00158C  6A46               	clrf	(I2C1_WriteRead@address+1)^0,c
  3398   00158E  0ED0               	movlw	208
  3399   001590  6E45               	movwf	I2C1_WriteRead@address^0,c
  3400   001592  0E54               	movlw	low (_DS1307_Reg+1)
  3401   001594  6E47               	movwf	I2C1_WriteRead@writeData^0,c
  3402   001596  6A49               	clrf	(I2C1_WriteRead@writeLength+1)^0,c
  3403   001598  0E01               	movlw	1
  3404   00159A  6E48               	movwf	I2C1_WriteRead@writeLength^0,c
  3405   00159C  0E35               	movlw	low _ret_minutes
  3406   00159E  6E4A               	movwf	I2C1_WriteRead@readData^0,c
  3407   0015A0  6A4C               	clrf	(I2C1_WriteRead@readLength+1)^0,c
  3408   0015A2  0E01               	movlw	1
  3409   0015A4  6E4B               	movwf	I2C1_WriteRead@readLength^0,c
  3410   0015A6  ECB9  F009         	call	_I2C1_WriteRead	;wreg free
  3411   0015AA                     l2319:
  3412   0015AA  EC00  F00C         	call	_I2C1_IsBusy	;wreg free
  3413   0015AE  0900               	iorlw	0
  3414   0015B0  A4D8               	btfss	status,2,c
  3415   0015B2  EFDD  F00A         	goto	u801
  3416   0015B6  EFDF  F00A         	goto	u800
  3417   0015BA                     u801:
  3418   0015BA  EFD5  F00A         	goto	l2319
  3419   0015BE                     u800:
  3420   0015BE                     
  3421                           ;HAL_LAYER/RealTimeClock_DS1307/RealTimeClock_DS1307.c: 25:     return ret_minutes;
  3422   0015BE  5035               	movf	_ret_minutes^0,w,c
  3423   0015C0  0012               	return		;funcret
  3424   0015C2                     __end_of_RealTimeClock_DS1307_GET_MINUTES:
  3425                           	callstack 0
  3426                           
  3427 ;; *************** function _RealTimeClock_DS1307_GET_HOURS *****************
  3428 ;; Defined at:
  3429 ;;		line 27 in file "HAL_LAYER/RealTimeClock_DS1307/RealTimeClock_DS1307.c"
  3430 ;; Parameters:    Size  Location     Type
  3431 ;;		None
  3432 ;; Auto vars:     Size  Location     Type
  3433 ;;		None
  3434 ;; Return value:  Size  Location     Type
  3435 ;;                  1    wreg      unsigned char 
  3436 ;; Registers used:
  3437 ;;		wreg, status,2, status,0, cstack
  3438 ;; Tracked objects:
  3439 ;;		On entry : 0/0
  3440 ;;		On exit  : 0/0
  3441 ;;		Unchanged: 0/0
  3442 ;; Data sizes:     COMRAM   BANK0   BANK1   BANK2   BANK3   BANK4   BANK5   BANK6   BANK7   BANK8   BANK9  BANK10  BANK1
      +1  BANK12  BANK13  BANK14  BANK15
  3443 ;;      Params:         0       0       0       0       0       0       0       0       0       0       0       0       
      +0       0       0       0       0
  3444 ;;      Locals:         0       0       0       0       0       0       0       0       0       0       0       0       
      +0       0       0       0       0
  3445 ;;      Temps:          0       0       0       0       0       0       0       0       0       0       0       0       
      +0       0       0       0       0
  3446 ;;      Totals:         0       0       0       0       0       0       0       0       0       0       0       0       
      +0       0       0       0       0
  3447 ;;Total ram usage:        0 bytes
  3448 ;; Hardware stack levels used: 1
  3449 ;; Hardware stack levels required when called: 7
  3450 ;; This function calls:
  3451 ;;		_I2C1_IsBusy
  3452 ;;		_I2C1_WriteRead
  3453 ;; This function is called by:
  3454 ;;		_RealTimeClock_DS1307_GET_DATE_TIME
  3455 ;; This function uses a non-reentrant model
  3456 ;;
  3457                           
  3458                           	psect	text22
  3459   0015C2                     __ptext22:
  3460                           	callstack 0
  3461   0015C2                     _RealTimeClock_DS1307_GET_HOURS:
  3462                           	callstack 22
  3463   0015C2                     
  3464                           ;HAL_LAYER/RealTimeClock_DS1307/RealTimeClock_DS1307.c: 28:     I2C1_WriteRead(0xD0U, DS
      +                          1307_Reg + 2, 1, &ret_hours, 1);
  3465   0015C2  6A46               	clrf	(I2C1_WriteRead@address+1)^0,c
  3466   0015C4  0ED0               	movlw	208
  3467   0015C6  6E45               	movwf	I2C1_WriteRead@address^0,c
  3468   0015C8  0E55               	movlw	low (_DS1307_Reg+2)
  3469   0015CA  6E47               	movwf	I2C1_WriteRead@writeData^0,c
  3470   0015CC  6A49               	clrf	(I2C1_WriteRead@writeLength+1)^0,c
  3471   0015CE  0E01               	movlw	1
  3472   0015D0  6E48               	movwf	I2C1_WriteRead@writeLength^0,c
  3473   0015D2  0E34               	movlw	low _ret_hours
  3474   0015D4  6E4A               	movwf	I2C1_WriteRead@readData^0,c
  3475   0015D6  6A4C               	clrf	(I2C1_WriteRead@readLength+1)^0,c
  3476   0015D8  0E01               	movlw	1
  3477   0015DA  6E4B               	movwf	I2C1_WriteRead@readLength^0,c
  3478   0015DC  ECB9  F009         	call	_I2C1_WriteRead	;wreg free
  3479   0015E0                     l2327:
  3480   0015E0  EC00  F00C         	call	_I2C1_IsBusy	;wreg free
  3481   0015E4  0900               	iorlw	0
  3482   0015E6  A4D8               	btfss	status,2,c
  3483   0015E8  EFF8  F00A         	goto	u811
  3484   0015EC  EFFA  F00A         	goto	u810
  3485   0015F0                     u811:
  3486   0015F0  EFF0  F00A         	goto	l2327
  3487   0015F4                     u810:
  3488   0015F4                     
  3489                           ;HAL_LAYER/RealTimeClock_DS1307/RealTimeClock_DS1307.c: 30:     return ret_hours;
  3490   0015F4  5034               	movf	_ret_hours^0,w,c
  3491   0015F6  0012               	return		;funcret
  3492   0015F8                     __end_of_RealTimeClock_DS1307_GET_HOURS:
  3493                           	callstack 0
  3494                           
  3495 ;; *************** function _RealTimeClock_DS1307_GET_DAY *****************
  3496 ;; Defined at:
  3497 ;;		line 32 in file "HAL_LAYER/RealTimeClock_DS1307/RealTimeClock_DS1307.c"
  3498 ;; Parameters:    Size  Location     Type
  3499 ;;		None
  3500 ;; Auto vars:     Size  Location     Type
  3501 ;;		None
  3502 ;; Return value:  Size  Location     Type
  3503 ;;                  1    wreg      unsigned char 
  3504 ;; Registers used:
  3505 ;;		wreg, status,2, status,0, cstack
  3506 ;; Tracked objects:
  3507 ;;		On entry : 0/0
  3508 ;;		On exit  : 0/0
  3509 ;;		Unchanged: 0/0
  3510 ;; Data sizes:     COMRAM   BANK0   BANK1   BANK2   BANK3   BANK4   BANK5   BANK6   BANK7   BANK8   BANK9  BANK10  BANK1
      +1  BANK12  BANK13  BANK14  BANK15
  3511 ;;      Params:         0       0       0       0       0       0       0       0       0       0       0       0       
      +0       0       0       0       0
  3512 ;;      Locals:         0       0       0       0       0       0       0       0       0       0       0       0       
      +0       0       0       0       0
  3513 ;;      Temps:          0       0       0       0       0       0       0       0       0       0       0       0       
      +0       0       0       0       0
  3514 ;;      Totals:         0       0       0       0       0       0       0       0       0       0       0       0       
      +0       0       0       0       0
  3515 ;;Total ram usage:        0 bytes
  3516 ;; Hardware stack levels used: 1
  3517 ;; Hardware stack levels required when called: 8
  3518 ;; This function calls:
  3519 ;;		_I2C1_IsBusy
  3520 ;;		_I2C1_WriteRead
  3521 ;; This function is called by:
  3522 ;;		_RealTimeClock_DS1307_GET_DATE_TIME
  3523 ;; This function uses a non-reentrant model
  3524 ;;
  3525                           
  3526                           	psect	text23
  3527   0015F8                     __ptext23:
  3528                           	callstack 0
  3529   0015F8                     _RealTimeClock_DS1307_GET_DAY:
  3530                           	callstack 21
  3531   0015F8                     
  3532                           ;HAL_LAYER/RealTimeClock_DS1307/RealTimeClock_DS1307.c: 33:     I2C1_WriteRead(0xD0U, DS
      +                          1307_Reg + 3, 1, &ret_day, 1);
  3533   0015F8  6A46               	clrf	(I2C1_WriteRead@address+1)^0,c
  3534   0015FA  0ED0               	movlw	208
  3535   0015FC  6E45               	movwf	I2C1_WriteRead@address^0,c
  3536   0015FE  0E56               	movlw	low (_DS1307_Reg+3)
  3537   001600  6E47               	movwf	I2C1_WriteRead@writeData^0,c
  3538   001602  6A49               	clrf	(I2C1_WriteRead@writeLength+1)^0,c
  3539   001604  0E01               	movlw	1
  3540   001606  6E48               	movwf	I2C1_WriteRead@writeLength^0,c
  3541   001608  0E33               	movlw	low _ret_day
  3542   00160A  6E4A               	movwf	I2C1_WriteRead@readData^0,c
  3543   00160C  6A4C               	clrf	(I2C1_WriteRead@readLength+1)^0,c
  3544   00160E  0E01               	movlw	1
  3545   001610  6E4B               	movwf	I2C1_WriteRead@readLength^0,c
  3546   001612  ECB9  F009         	call	_I2C1_WriteRead	;wreg free
  3547   001616                     l2335:
  3548   001616  EC00  F00C         	call	_I2C1_IsBusy	;wreg free
  3549   00161A  0900               	iorlw	0
  3550   00161C  A4D8               	btfss	status,2,c
  3551   00161E  EF13  F00B         	goto	u821
  3552   001622  EF15  F00B         	goto	u820
  3553   001626                     u821:
  3554   001626  EF0B  F00B         	goto	l2335
  3555   00162A                     u820:
  3556   00162A                     
  3557                           ;HAL_LAYER/RealTimeClock_DS1307/RealTimeClock_DS1307.c: 35:     return ret_day;
  3558   00162A  5033               	movf	_ret_day^0,w,c
  3559   00162C  0012               	return		;funcret
  3560   00162E                     __end_of_RealTimeClock_DS1307_GET_DAY:
  3561                           	callstack 0
  3562                           
  3563 ;; *************** function _I2C1_WriteRead *****************
  3564 ;; Defined at:
  3565 ;;		line 147 in file "mcc_generated_files/i2c_host/src/mssp.c"
  3566 ;; Parameters:    Size  Location     Type
  3567 ;;  address         2   14[COMRAM] unsigned short 
  3568 ;;  writeData       1   16[COMRAM] PTR unsigned char 
  3569 ;;		 -> DS1307_Reg(6), 
  3570 ;;  writeLength     2   17[COMRAM] unsigned int 
  3571 ;;  readData        1   19[COMRAM] PTR unsigned char 
  3572 ;;		 -> ret_year(1), ret_month(1), ret_day(1), ret_hours(1), 
  3573 ;;		 -> ret_minutes(1), ret_seconds(1), 
  3574 ;;  readLength      2   20[COMRAM] unsigned int 
  3575 ;; Auto vars:     Size  Location     Type
  3576 ;;  retStatus       1    0        _Bool 
  3577 ;; Return value:  Size  Location     Type
  3578 ;;                  1    wreg      _Bool 
  3579 ;; Registers used:
  3580 ;;		wreg, status,2, status,0, cstack
  3581 ;; Tracked objects:
  3582 ;;		On entry : 0/0
  3583 ;;		On exit  : 0/0
  3584 ;;		Unchanged: 0/0
  3585 ;; Data sizes:     COMRAM   BANK0   BANK1   BANK2   BANK3   BANK4   BANK5   BANK6   BANK7   BANK8   BANK9  BANK10  BANK1
      +1  BANK12  BANK13  BANK14  BANK15
  3586 ;;      Params:         8       0       0       0       0       0       0       0       0       0       0       0       
      +0       0       0       0       0
  3587 ;;      Locals:         0       0       0       0       0       0       0       0       0       0       0       0       
      +0       0       0       0       0
  3588 ;;      Temps:          0       0       0       0       0       0       0       0       0       0       0       0       
      +0       0       0       0       0
  3589 ;;      Totals:         8       0       0       0       0       0       0       0       0       0       0       0       
      +0       0       0       0       0
  3590 ;;Total ram usage:        8 bytes
  3591 ;; Hardware stack levels used: 1
  3592 ;; Hardware stack levels required when called: 6
  3593 ;; This function calls:
  3594 ;;		_I2C1_IsBusy
  3595 ;;		_I2C1_WriteStart
  3596 ;; This function is called by:
  3597 ;;		_RealTimeClock_DS1307_GET_SECONDS
  3598 ;;		_RealTimeClock_DS1307_GET_MINUTES
  3599 ;;		_RealTimeClock_DS1307_GET_HOURS
  3600 ;;		_RealTimeClock_DS1307_GET_DAY
  3601 ;;		_RealTimeClock_DS1307_GET_MONTH
  3602 ;;		_RealTimeClock_DS1307_GET_YEAR
  3603 ;; This function uses a non-reentrant model
  3604 ;;
  3605                           
  3606                           	psect	text24
  3607   001372                     __ptext24:
  3608                           	callstack 0
  3609   001372                     _I2C1_WriteRead:
  3610                           	callstack 22
  3611   001372                     
  3612                           ;mcc_generated_files/i2c_host/src/mssp.c: 150:     if (!I2C1_IsBusy())
  3613   001372  EC00  F00C         	call	_I2C1_IsBusy	;wreg free
  3614   001376  0900               	iorlw	0
  3615   001378  A4D8               	btfss	status,2,c
  3616   00137A  EFC1  F009         	goto	u711
  3617   00137E  EFC3  F009         	goto	u710
  3618   001382                     u711:
  3619   001382  EFDA  F009         	goto	l217
  3620   001386                     u710:
  3621   001386                     
  3622                           ;mcc_generated_files/i2c_host/src/mssp.c: 151:     {;mcc_generated_files/i2c_host/src/ms
      +                          sp.c: 152:         i2c1Status.busy = 1;
  3623   001386  0E01               	movlw	1
  3624   001388  6E02               	movwf	_i2c1Status^0,c	;volatile
  3625   00138A                     
  3626                           ;mcc_generated_files/i2c_host/src/mssp.c: 153:         i2c1Status.address = address;
  3627   00138A  C045  F003         	movff	I2C1_WriteRead@address,_i2c1Status+1	;volatile
  3628   00138E  C046  F004         	movff	I2C1_WriteRead@address+1,_i2c1Status+2	;volatile
  3629                           
  3630                           ;mcc_generated_files/i2c_host/src/mssp.c: 154:         i2c1Status.switchToRead = 1;
  3631   001392  0E01               	movlw	1
  3632   001394  6E0B               	movwf	(_i2c1Status+9)^0,c	;volatile
  3633   001396                     
  3634                           ;mcc_generated_files/i2c_host/src/mssp.c: 155:         i2c1Status.writePtr = writeData;
  3635   001396  C047  F005         	movff	I2C1_WriteRead@writeData,_i2c1Status+3	;volatile
  3636   00139A                     
  3637                           ;mcc_generated_files/i2c_host/src/mssp.c: 156:         i2c1Status.writeLength = writeLen
      +                          gth;
  3638   00139A  C048  F006         	movff	I2C1_WriteRead@writeLength,_i2c1Status+4	;volatile
  3639   00139E  C049  F007         	movff	I2C1_WriteRead@writeLength+1,_i2c1Status+5	;volatile
  3640   0013A2                     
  3641                           ;mcc_generated_files/i2c_host/src/mssp.c: 157:         i2c1Status.readPtr = readData;
  3642   0013A2  C04A  F008         	movff	I2C1_WriteRead@readData,_i2c1Status+6	;volatile
  3643   0013A6                     
  3644                           ;mcc_generated_files/i2c_host/src/mssp.c: 158:         i2c1Status.readLength = readLengt
      +                          h;
  3645   0013A6  C04B  F009         	movff	I2C1_WriteRead@readLength,_i2c1Status+7	;volatile
  3646   0013AA  C04C  F00A         	movff	I2C1_WriteRead@readLength+1,_i2c1Status+8	;volatile
  3647   0013AE                     
  3648                           ;mcc_generated_files/i2c_host/src/mssp.c: 159:         i2c1Status.errorState = I2C_ERROR
      +                          _NONE;
  3649   0013AE  6A0C               	clrf	(_i2c1Status+10)^0,c	;volatile
  3650   0013B0                     
  3651                           ;mcc_generated_files/i2c_host/src/mssp.c: 160:         I2C1_WriteStart();
  3652   0013B0  ECEA  F00B         	call	_I2C1_WriteStart	;wreg free
  3653   0013B4                     l217:
  3654   0013B4  0012               	return		;funcret
  3655   0013B6                     __end_of_I2C1_WriteRead:
  3656                           	callstack 0
  3657                           
  3658 ;; *************** function _PRINT_RealTimeClock_DATA *****************
  3659 ;; Defined at:
  3660 ;;		line 57 in file "HAL_LAYER/RealTimeClock_DS1307/RealTimeClock_DS1307.c"
  3661 ;; Parameters:    Size  Location     Type
  3662 ;;		None
  3663 ;; Auto vars:     Size  Location     Type
  3664 ;;		None
  3665 ;; Return value:  Size  Location     Type
  3666 ;;                  1    wreg      void 
  3667 ;; Registers used:
  3668 ;;		wreg, fsr0l, fsr0h, status,2, status,0, tblptrl, tblptrh, tblptru, cstack
  3669 ;; Tracked objects:
  3670 ;;		On entry : 0/0
  3671 ;;		On exit  : 0/0
  3672 ;;		Unchanged: 0/0
  3673 ;; Data sizes:     COMRAM   BANK0   BANK1   BANK2   BANK3   BANK4   BANK5   BANK6   BANK7   BANK8   BANK9  BANK10  BANK1
      +1  BANK12  BANK13  BANK14  BANK15
  3674 ;;      Params:         0       0       0       0       0       0       0       0       0       0       0       0       
      +0       0       0       0       0
  3675 ;;      Locals:         0       0       0       0       0       0       0       0       0       0       0       0       
      +0       0       0       0       0
  3676 ;;      Temps:          0       0       0       0       0       0       0       0       0       0       0       0       
      +0       0       0       0       0
  3677 ;;      Totals:         0       0       0       0       0       0       0       0       0       0       0       0       
      +0       0       0       0       0
  3678 ;;Total ram usage:        0 bytes
  3679 ;; Hardware stack levels used: 1
  3680 ;; Hardware stack levels required when called: 8
  3681 ;; This function calls:
  3682 ;;		_EUSART_LoggingDebugData_Send_String
  3683 ;; This function is called by:
  3684 ;;		_main
  3685 ;; This function uses a non-reentrant model
  3686 ;;
  3687                           
  3688                           	psect	text25
  3689   0011B8                     __ptext25:
  3690                           	callstack 0
  3691   0011B8                     _PRINT_RealTimeClock_DATA:
  3692                           	callstack 22
  3693   0011B8                     
  3694                           ;HAL_LAYER/RealTimeClock_DS1307/RealTimeClock_DS1307.c: 58:     EUSART_LoggingDebugData_
      +                          Send_String("Date: ", 7);
  3695   0011B8  0E27               	movlw	low STR_1
  3696   0011BA  6E46               	movwf	EUSART_LoggingDebugData_Send_String@String^0,c
  3697   0011BC  5046               	movf	EUSART_LoggingDebugData_Send_String@String^0,w,c
  3698   0011BE  A4D8               	btfss	status,2,c
  3699   0011C0  0E10               	movlw	high __smallconst
  3700   0011C2  6E47               	movwf	(EUSART_LoggingDebugData_Send_String@String+1)^0,c
  3701   0011C4  6A49               	clrf	(EUSART_LoggingDebugData_Send_String@String_len+1)^0,c
  3702   0011C6  0E07               	movlw	7
  3703   0011C8  6E48               	movwf	EUSART_LoggingDebugData_Send_String@String_len^0,c
  3704   0011CA  ECA3  F008         	call	_EUSART_LoggingDebugData_Send_String	;wreg free
  3705   0011CE                     
  3706                           ;HAL_LAYER/RealTimeClock_DS1307/RealTimeClock_DS1307.c: 59:     Real_Time_Clock_Frame[0]
      +                           = ((RealTimeClock_DS1307.Day >> 4) + 0x30);
  3707   0011CE  3817               	swapf	(_RealTimeClock_DS1307@RealTimeClock_DS1307$F83+3)^0,w,c
  3708   0011D0  0B0F               	andlw	15
  3709   0011D2  0F30               	addlw	48
  3710   0011D4  0100               	movlb	0	; () banked
  3711   0011D6  6F60               	movwf	_Real_Time_Clock_Frame& (0+255),b
  3712   0011D8                     
  3713                           ; BSR set to: 0
  3714                           ;HAL_LAYER/RealTimeClock_DS1307/RealTimeClock_DS1307.c: 60:     Real_Time_Clock_Frame[1]
      +                           = ((RealTimeClock_DS1307.Day & 0x0F) + 0x30);
  3715   0011D8  5017               	movf	(_RealTimeClock_DS1307@RealTimeClock_DS1307$F83+3)^0,w,c
  3716   0011DA  0B0F               	andlw	15
  3717   0011DC  0F30               	addlw	48
  3718   0011DE  6F61               	movwf	(_Real_Time_Clock_Frame+1)& (0+255),b
  3719   0011E0                     
  3720                           ; BSR set to: 0
  3721                           ;HAL_LAYER/RealTimeClock_DS1307/RealTimeClock_DS1307.c: 61:     Real_Time_Clock_Frame[2]
      +                           = '//';
  3722   0011E0  0E2F               	movlw	47
  3723   0011E2  6F62               	movwf	(_Real_Time_Clock_Frame+2)& (0+255),b
  3724   0011E4                     
  3725                           ; BSR set to: 0
  3726                           ;HAL_LAYER/RealTimeClock_DS1307/RealTimeClock_DS1307.c: 62:     Real_Time_Clock_Frame[3]
      +                           = ((RealTimeClock_DS1307.Month >> 4) + 0x30);
  3727   0011E4  3818               	swapf	(_RealTimeClock_DS1307@RealTimeClock_DS1307$F83+4)^0,w,c
  3728   0011E6  0B0F               	andlw	15
  3729   0011E8  0F30               	addlw	48
  3730   0011EA  6F63               	movwf	(_Real_Time_Clock_Frame+3)& (0+255),b
  3731   0011EC                     
  3732                           ; BSR set to: 0
  3733                           ;HAL_LAYER/RealTimeClock_DS1307/RealTimeClock_DS1307.c: 63:     Real_Time_Clock_Frame[4]
      +                           = ((RealTimeClock_DS1307.Month & 0x0F) + 0x30);
  3734   0011EC  5018               	movf	(_RealTimeClock_DS1307@RealTimeClock_DS1307$F83+4)^0,w,c
  3735   0011EE  0B0F               	andlw	15
  3736   0011F0  0F30               	addlw	48
  3737   0011F2  6F64               	movwf	(_Real_Time_Clock_Frame+4)& (0+255),b
  3738   0011F4                     
  3739                           ; BSR set to: 0
  3740                           ;HAL_LAYER/RealTimeClock_DS1307/RealTimeClock_DS1307.c: 64:     Real_Time_Clock_Frame[5]
      +                           = '//';
  3741   0011F4  0E2F               	movlw	47
  3742   0011F6  6F65               	movwf	(_Real_Time_Clock_Frame+5)& (0+255),b
  3743   0011F8                     
  3744                           ; BSR set to: 0
  3745                           ;HAL_LAYER/RealTimeClock_DS1307/RealTimeClock_DS1307.c: 65:     Real_Time_Clock_Frame[6]
      +                           = ((RealTimeClock_DS1307.Year >> 4) + 0x30);
  3746   0011F8  3819               	swapf	(_RealTimeClock_DS1307@RealTimeClock_DS1307$F83+5)^0,w,c
  3747   0011FA  0B0F               	andlw	15
  3748   0011FC  0F30               	addlw	48
  3749   0011FE  6F66               	movwf	(_Real_Time_Clock_Frame+6)& (0+255),b
  3750   001200                     
  3751                           ; BSR set to: 0
  3752                           ;HAL_LAYER/RealTimeClock_DS1307/RealTimeClock_DS1307.c: 66:     Real_Time_Clock_Frame[7]
      +                           = ((RealTimeClock_DS1307.Year & 0x0F) + 0x30);
  3753   001200  5019               	movf	(_RealTimeClock_DS1307@RealTimeClock_DS1307$F83+5)^0,w,c
  3754   001202  0B0F               	andlw	15
  3755   001204  0F30               	addlw	48
  3756   001206  6F67               	movwf	(_Real_Time_Clock_Frame+7)& (0+255),b
  3757   001208                     
  3758                           ; BSR set to: 0
  3759                           ;HAL_LAYER/RealTimeClock_DS1307/RealTimeClock_DS1307.c: 67:     Real_Time_Clock_Frame[8]
      +                           = '\r';
  3760   001208  0E0D               	movlw	13
  3761   00120A  6F68               	movwf	(_Real_Time_Clock_Frame+8)& (0+255),b
  3762   00120C                     
  3763                           ; BSR set to: 0
  3764                           ;HAL_LAYER/RealTimeClock_DS1307/RealTimeClock_DS1307.c: 68:     EUSART_LoggingDebugData_
      +                          Send_String(Real_Time_Clock_Frame, 9);
  3765   00120C  0E60               	movlw	low _Real_Time_Clock_Frame
  3766   00120E  6E46               	movwf	EUSART_LoggingDebugData_Send_String@String^0,c
  3767   001210  6A47               	clrf	(EUSART_LoggingDebugData_Send_String@String+1)^0,c
  3768   001212  6A49               	clrf	(EUSART_LoggingDebugData_Send_String@String_len+1)^0,c
  3769   001214  0E09               	movlw	9
  3770   001216  6E48               	movwf	EUSART_LoggingDebugData_Send_String@String_len^0,c
  3771   001218  ECA3  F008         	call	_EUSART_LoggingDebugData_Send_String	;wreg free
  3772   00121C  0012               	return		;funcret
  3773   00121E                     __end_of_PRINT_RealTimeClock_DATA:
  3774                           	callstack 0
  3775                           
  3776 ;; *************** function _EUSART_LoggingDebugData_Send_String *****************
  3777 ;; Defined at:
  3778 ;;		line 12 in file "HAL_LAYER/EUSART_LoggingDebugData/EUSART_LoggingDebugData.c"
  3779 ;; Parameters:    Size  Location     Type
  3780 ;;  String          2   15[COMRAM] PTR unsigned char 
  3781 ;;		 -> Real_Time_Clock_Frame(15), STR_1(7), 
  3782 ;;  String_len      2   17[COMRAM] unsigned short 
  3783 ;; Auto vars:     Size  Location     Type
  3784 ;;  L_str_len       2   21[COMRAM] unsigned short 
  3785 ;; Return value:  Size  Location     Type
  3786 ;;                  1    wreg      void 
  3787 ;; Registers used:
  3788 ;;		wreg, fsr0l, fsr0h, status,2, status,0, tblptrl, tblptrh, tblptru, cstack
  3789 ;; Tracked objects:
  3790 ;;		On entry : 0/0
  3791 ;;		On exit  : 0/0
  3792 ;;		Unchanged: 0/0
  3793 ;; Data sizes:     COMRAM   BANK0   BANK1   BANK2   BANK3   BANK4   BANK5   BANK6   BANK7   BANK8   BANK9  BANK10  BANK1
      +1  BANK12  BANK13  BANK14  BANK15
  3794 ;;      Params:         4       0       0       0       0       0       0       0       0       0       0       0       
      +0       0       0       0       0
  3795 ;;      Locals:         2       0       0       0       0       0       0       0       0       0       0       0       
      +0       0       0       0       0
  3796 ;;      Temps:          2       0       0       0       0       0       0       0       0       0       0       0       
      +0       0       0       0       0
  3797 ;;      Totals:         8       0       0       0       0       0       0       0       0       0       0       0       
      +0       0       0       0       0
  3798 ;;Total ram usage:        8 bytes
  3799 ;; Hardware stack levels used: 1
  3800 ;; Hardware stack levels required when called: 7
  3801 ;; This function calls:
  3802 ;;		_EUSART_IsTxReady
  3803 ;;		_EUSART_Write
  3804 ;; This function is called by:
  3805 ;;		_PRINT_RealTimeClock_DATA
  3806 ;; This function uses a non-reentrant model
  3807 ;;
  3808                           
  3809                           	psect	text26
  3810   001146                     __ptext26:
  3811                           	callstack 0
  3812   001146                     _EUSART_LoggingDebugData_Send_String:
  3813                           	callstack 22
  3814   001146                     
  3815                           ;HAL_LAYER/EUSART_LoggingDebugData/EUSART_LoggingDebugData.c: 13:     uint16_t L_str_len
      +                           = 0;
  3816   001146  6A4D               	clrf	(EUSART_LoggingDebugData_Send_String@L_str_len+1)^0,c
  3817   001148  0E00               	movlw	0
  3818   00114A  6E4C               	movwf	EUSART_LoggingDebugData_Send_String@L_str_len^0,c
  3819                           
  3820                           ;HAL_LAYER/EUSART_LoggingDebugData/EUSART_LoggingDebugData.c: 14:     for(L_str_len = 0;
      +                           L_str_len < String_len; L_str_len++){
  3821   00114C  6A4D               	clrf	(EUSART_LoggingDebugData_Send_String@L_str_len+1)^0,c
  3822   00114E  0E00               	movlw	0
  3823   001150  6E4C               	movwf	EUSART_LoggingDebugData_Send_String@L_str_len^0,c
  3824   001152  EFD0  F008         	goto	l2255
  3825   001156                     l2249:
  3826   001156  EC5E  F00B         	call	_EUSART_IsTxReady	;wreg free
  3827   00115A  0900               	iorlw	0
  3828   00115C  B4D8               	btfsc	status,2,c
  3829   00115E  EFB3  F008         	goto	u741
  3830   001162  EFB5  F008         	goto	u740
  3831   001166                     u741:
  3832   001166  EFAB  F008         	goto	l2249
  3833   00116A                     u740:
  3834   00116A                     
  3835                           ;HAL_LAYER/EUSART_LoggingDebugData/EUSART_LoggingDebugData.c: 16:         EUSART_Write(*
      +                          (String + L_str_len));
  3836   00116A  504C               	movf	EUSART_LoggingDebugData_Send_String@L_str_len^0,w,c
  3837   00116C  2446               	addwf	EUSART_LoggingDebugData_Send_String@String^0,w,c
  3838   00116E  6E4A               	movwf	??_EUSART_LoggingDebugData_Send_String^0,c
  3839   001170  504D               	movf	(EUSART_LoggingDebugData_Send_String@L_str_len+1)^0,w,c
  3840   001172  2047               	addwfc	(EUSART_LoggingDebugData_Send_String@String+1)^0,w,c
  3841   001174  6E4B               	movwf	(??_EUSART_LoggingDebugData_Send_String+1)^0,c
  3842   001176  C04A  FFF6         	movff	??_EUSART_LoggingDebugData_Send_String,tblptrl
  3843   00117A  C04B  FFF7         	movff	??_EUSART_LoggingDebugData_Send_String+1,tblptrh
  3844   00117E  0E00               	movlw	low (__smallconst shr (0+16))
  3845   001180  6EF8               	movwf	tblptru,c
  3846   001182  0E0F               	movlw	(high __ramtop+-1)
  3847   001184  64F7               	cpfsgt	tblptrh,c
  3848   001186  D003               	bra	u757
  3849   001188  0008               	tblrd		*
  3850   00118A  50F5               	movf	tablat,w,c
  3851   00118C  D005               	bra	u750
  3852   00118E                     u757:
  3853   00118E  CFF6 FFE9          	movff	tblptrl,fsr0l
  3854   001192  CFF7 FFEA          	movff	tblptrh,fsr0h
  3855   001196  50EF               	movf	indf0,w,c
  3856   001198                     u750:
  3857   001198  ECE6  F00B         	call	_EUSART_Write
  3858   00119C                     
  3859                           ;HAL_LAYER/EUSART_LoggingDebugData/EUSART_LoggingDebugData.c: 17:     }
  3860   00119C  4A4C               	infsnz	EUSART_LoggingDebugData_Send_String@L_str_len^0,f,c
  3861   00119E  2A4D               	incf	(EUSART_LoggingDebugData_Send_String@L_str_len+1)^0,f,c
  3862   0011A0                     l2255:
  3863   0011A0  5048               	movf	EUSART_LoggingDebugData_Send_String@String_len^0,w,c
  3864   0011A2  5C4C               	subwf	EUSART_LoggingDebugData_Send_String@L_str_len^0,w,c
  3865   0011A4  5049               	movf	(EUSART_LoggingDebugData_Send_String@String_len+1)^0,w,c
  3866   0011A6  584D               	subwfb	(EUSART_LoggingDebugData_Send_String@L_str_len+1)^0,w,c
  3867   0011A8  A0D8               	btfss	status,0,c
  3868   0011AA  EFD9  F008         	goto	u761
  3869   0011AE  EFDB  F008         	goto	u760
  3870   0011B2                     u761:
  3871   0011B2  EFAB  F008         	goto	l2249
  3872   0011B6                     u760:
  3873   0011B6  0012               	return		;funcret
  3874   0011B8                     __end_of_EUSART_LoggingDebugData_Send_String:
  3875                           	callstack 0
  3876                           
  3877 ;; *************** function _EUSART_Write *****************
  3878 ;; Defined at:
  3879 ;;		line 209 in file "mcc_generated_files/uart/src/eusart.c"
  3880 ;; Parameters:    Size  Location     Type
  3881 ;;  txData          1    wreg     unsigned char 
  3882 ;; Auto vars:     Size  Location     Type
  3883 ;;  txData          1   14[COMRAM] unsigned char 
  3884 ;; Return value:  Size  Location     Type
  3885 ;;                  1    wreg      void 
  3886 ;; Registers used:
  3887 ;;		wreg
  3888 ;; Tracked objects:
  3889 ;;		On entry : 0/0
  3890 ;;		On exit  : 0/0
  3891 ;;		Unchanged: 0/0
  3892 ;; Data sizes:     COMRAM   BANK0   BANK1   BANK2   BANK3   BANK4   BANK5   BANK6   BANK7   BANK8   BANK9  BANK10  BANK1
      +1  BANK12  BANK13  BANK14  BANK15
  3893 ;;      Params:         0       0       0       0       0       0       0       0       0       0       0       0       
      +0       0       0       0       0
  3894 ;;      Locals:         1       0       0       0       0       0       0       0       0       0       0       0       
      +0       0       0       0       0
  3895 ;;      Temps:          0       0       0       0       0       0       0       0       0       0       0       0       
      +0       0       0       0       0
  3896 ;;      Totals:         1       0       0       0       0       0       0       0       0       0       0       0       
      +0       0       0       0       0
  3897 ;;Total ram usage:        1 bytes
  3898 ;; Hardware stack levels used: 1
  3899 ;; Hardware stack levels required when called: 6
  3900 ;; This function calls:
  3901 ;;		Nothing
  3902 ;; This function is called by:
  3903 ;;		_EUSART_LoggingDebugData_Send_String
  3904 ;; This function uses a non-reentrant model
  3905 ;;
  3906                           
  3907                           	psect	text27
  3908   0017CC                     __ptext27:
  3909                           	callstack 0
  3910   0017CC                     _EUSART_Write:
  3911                           	callstack 22
  3912                           
  3913                           ;incstack = 0
  3914                           ;EUSART_Write@txData stored from wreg
  3915   0017CC  6E45               	movwf	EUSART_Write@txData^0,c
  3916   0017CE                     
  3917                           ;mcc_generated_files/uart/src/eusart.c: 209: void EUSART_Write(uint8_t txData);mcc_gener
      +                          ated_files/uart/src/eusart.c: 210: {;mcc_generated_files/uart/src/eusart.c: 211:     TXR
      +                          EG = txData;
  3918   0017CE  C045  FFAD         	movff	EUSART_Write@txData,4013	;volatile
  3919   0017D2  0012               	return		;funcret
  3920   0017D4                     __end_of_EUSART_Write:
  3921                           	callstack 0
  3922                           
  3923 ;; *************** function _EUSART_IsTxReady *****************
  3924 ;; Defined at:
  3925 ;;		line 172 in file "mcc_generated_files/uart/src/eusart.c"
  3926 ;; Parameters:    Size  Location     Type
  3927 ;;		None
  3928 ;; Auto vars:     Size  Location     Type
  3929 ;;		None
  3930 ;; Return value:  Size  Location     Type
  3931 ;;                  1    wreg      _Bool 
  3932 ;; Registers used:
  3933 ;;		wreg, status,2
  3934 ;; Tracked objects:
  3935 ;;		On entry : 0/0
  3936 ;;		On exit  : 0/0
  3937 ;;		Unchanged: 0/0
  3938 ;; Data sizes:     COMRAM   BANK0   BANK1   BANK2   BANK3   BANK4   BANK5   BANK6   BANK7   BANK8   BANK9  BANK10  BANK1
      +1  BANK12  BANK13  BANK14  BANK15
  3939 ;;      Params:         0       0       0       0       0       0       0       0       0       0       0       0       
      +0       0       0       0       0
  3940 ;;      Locals:         1       0       0       0       0       0       0       0       0       0       0       0       
      +0       0       0       0       0
  3941 ;;      Temps:          0       0       0       0       0       0       0       0       0       0       0       0       
      +0       0       0       0       0
  3942 ;;      Totals:         1       0       0       0       0       0       0       0       0       0       0       0       
      +0       0       0       0       0
  3943 ;;Total ram usage:        1 bytes
  3944 ;; Hardware stack levels used: 1
  3945 ;; Hardware stack levels required when called: 6
  3946 ;; This function calls:
  3947 ;;		Nothing
  3948 ;; This function is called by:
  3949 ;;		_EUSART_LoggingDebugData_Send_String
  3950 ;; This function uses a non-reentrant model
  3951 ;;
  3952                           
  3953                           	psect	text28
  3954   0016BC                     __ptext28:
  3955                           	callstack 0
  3956   0016BC                     _EUSART_IsTxReady:
  3957                           	callstack 22
  3958   0016BC                     
  3959                           ;mcc_generated_files/uart/src/eusart.c: 174:     return (_Bool)(PIR1bits.TX1IF && TXSTAb
      +                          its.TXEN);
  3960   0016BC  6A45               	clrf	_EUSART_IsTxReady$1628^0,c
  3961   0016BE  A89E               	btfss	158,4,c	;volatile
  3962   0016C0  EF64  F00B         	goto	u691
  3963   0016C4  EF66  F00B         	goto	u690
  3964   0016C8                     u691:
  3965   0016C8  EF6F  F00B         	goto	l631
  3966   0016CC                     u690:
  3967   0016CC  AAAC               	btfss	172,5,c	;volatile
  3968   0016CE  EF6B  F00B         	goto	u701
  3969   0016D2  EF6D  F00B         	goto	u700
  3970   0016D6                     u701:
  3971   0016D6  EF6F  F00B         	goto	l631
  3972   0016DA                     u700:
  3973   0016DA  0E01               	movlw	1
  3974   0016DC  6E45               	movwf	_EUSART_IsTxReady$1628^0,c
  3975   0016DE                     l631:
  3976   0016DE  5045               	movf	_EUSART_IsTxReady$1628^0,w,c
  3977   0016E0  0012               	return		;funcret
  3978   0016E2                     __end_of_EUSART_IsTxReady:
  3979                           	callstack 0
  3980                           
  3981 ;; *************** function _EXT_EEPROM_24C02C_WRITE_BYTE *****************
  3982 ;; Defined at:
  3983 ;;		line 15 in file "HAL_LAYER/EXT_EEPROM_24C02C/EXT_EEPROM_24C02C.c"
  3984 ;; Parameters:    Size  Location     Type
  3985 ;;  address         1    wreg     unsigned char 
  3986 ;;  ee_address      1   19[COMRAM] unsigned char 
  3987 ;;  data            1   20[COMRAM] unsigned char 
  3988 ;; Auto vars:     Size  Location     Type
  3989 ;;  address         1   23[COMRAM] unsigned char 
  3990 ;; Return value:  Size  Location     Type
  3991 ;;                  1    wreg      void 
  3992 ;; Registers used:
  3993 ;;		wreg, status,2, status,0, cstack
  3994 ;; Tracked objects:
  3995 ;;		On entry : 0/0
  3996 ;;		On exit  : 0/0
  3997 ;;		Unchanged: 0/0
  3998 ;; Data sizes:     COMRAM   BANK0   BANK1   BANK2   BANK3   BANK4   BANK5   BANK6   BANK7   BANK8   BANK9  BANK10  BANK1
      +1  BANK12  BANK13  BANK14  BANK15
  3999 ;;      Params:         2       0       0       0       0       0       0       0       0       0       0       0       
      +0       0       0       0       0
  4000 ;;      Locals:         1       0       0       0       0       0       0       0       0       0       0       0       
      +0       0       0       0       0
  4001 ;;      Temps:          2       0       0       0       0       0       0       0       0       0       0       0       
      +0       0       0       0       0
  4002 ;;      Totals:         5       0       0       0       0       0       0       0       0       0       0       0       
      +0       0       0       0       0
  4003 ;;Total ram usage:        5 bytes
  4004 ;; Hardware stack levels used: 1
  4005 ;; Hardware stack levels required when called: 8
  4006 ;; This function calls:
  4007 ;;		_I2C1_IsBusy
  4008 ;;		_I2C1_Write
  4009 ;; This function is called by:
  4010 ;;		_main
  4011 ;; This function uses a non-reentrant model
  4012 ;;
  4013                           
  4014                           	psect	text29
  4015   001436                     __ptext29:
  4016                           	callstack 0
  4017   001436                     _EXT_EEPROM_24C02C_WRITE_BYTE:
  4018                           	callstack 22
  4019                           
  4020                           ;incstack = 0
  4021                           ;EXT_EEPROM_24C02C_WRITE_BYTE@address stored from wreg
  4022   001436  6E4E               	movwf	EXT_EEPROM_24C02C_WRITE_BYTE@address^0,c
  4023   001438                     
  4024                           ;HAL_LAYER/EXT_EEPROM_24C02C/EXT_EEPROM_24C02C.c: 16:     data_buffer = ee_address + (da
      +                          ta << 8);
  4025   001438  504B               	movf	EXT_EEPROM_24C02C_WRITE_BYTE@data^0,w,c
  4026   00143A  6E4D               	movwf	(??_EXT_EEPROM_24C02C_WRITE_BYTE+1)^0,c
  4027   00143C  6A4C               	clrf	??_EXT_EEPROM_24C02C_WRITE_BYTE^0,c
  4028   00143E  504A               	movf	EXT_EEPROM_24C02C_WRITE_BYTE@ee_address^0,w,c
  4029   001440  244C               	addwf	??_EXT_EEPROM_24C02C_WRITE_BYTE^0,w,c
  4030   001442  6E2E               	movwf	_data_buffer^0,c
  4031   001444  0E00               	movlw	0
  4032   001446  204D               	addwfc	(??_EXT_EEPROM_24C02C_WRITE_BYTE+1)^0,w,c
  4033   001448  6E2F               	movwf	(_data_buffer+1)^0,c
  4034   00144A                     
  4035                           ;HAL_LAYER/EXT_EEPROM_24C02C/EXT_EEPROM_24C02C.c: 17:     I2C1_Write(address, &data_buff
      +                          er, 2);
  4036   00144A  C04E  F045         	movff	EXT_EEPROM_24C02C_WRITE_BYTE@address,I2C1_Write@address
  4037   00144E  6A46               	clrf	(I2C1_Write@address+1)^0,c
  4038   001450  0E2E               	movlw	low _data_buffer
  4039   001452  6E47               	movwf	I2C1_Write@data^0,c
  4040   001454  6A49               	clrf	(I2C1_Write@dataLength+1)^0,c
  4041   001456  0E02               	movlw	2
  4042   001458  6E48               	movwf	I2C1_Write@dataLength^0,c
  4043   00145A  EC3A  F00A         	call	_I2C1_Write	;wreg free
  4044   00145E                     l2379:
  4045   00145E  EC00  F00C         	call	_I2C1_IsBusy	;wreg free
  4046   001462  0900               	iorlw	0
  4047   001464  A4D8               	btfss	status,2,c
  4048   001466  EF37  F00A         	goto	u851
  4049   00146A  EF39  F00A         	goto	u850
  4050   00146E                     u851:
  4051   00146E  EF2F  F00A         	goto	l2379
  4052   001472                     u850:
  4053   001472  0012               	return		;funcret
  4054   001474                     __end_of_EXT_EEPROM_24C02C_WRITE_BYTE:
  4055                           	callstack 0
  4056                           
  4057 ;; *************** function _I2C1_Write *****************
  4058 ;; Defined at:
  4059 ;;		line 109 in file "mcc_generated_files/i2c_host/src/mssp.c"
  4060 ;; Parameters:    Size  Location     Type
  4061 ;;  address         2   14[COMRAM] unsigned short 
  4062 ;;  data            1   16[COMRAM] PTR unsigned char 
  4063 ;;		 -> TEMPERATURE_VALUE(1), TEMP_SENSOR_TC74_READ_DATA@command(1), temp_sensor_data_buffer(2), EXT_EEPROM_24C02C_READ_
      +BYTE@ee_address(1), 
  4064 ;;		 -> data_buffer(2), 
  4065 ;;  dataLength      2   17[COMRAM] unsigned int 
  4066 ;; Auto vars:     Size  Location     Type
  4067 ;;  retStatus       1    0        _Bool 
  4068 ;; Return value:  Size  Location     Type
  4069 ;;                  1    wreg      _Bool 
  4070 ;; Registers used:
  4071 ;;		wreg, status,2, status,0, cstack
  4072 ;; Tracked objects:
  4073 ;;		On entry : 0/0
  4074 ;;		On exit  : 0/0
  4075 ;;		Unchanged: 0/0
  4076 ;; Data sizes:     COMRAM   BANK0   BANK1   BANK2   BANK3   BANK4   BANK5   BANK6   BANK7   BANK8   BANK9  BANK10  BANK1
      +1  BANK12  BANK13  BANK14  BANK15
  4077 ;;      Params:         5       0       0       0       0       0       0       0       0       0       0       0       
      +0       0       0       0       0
  4078 ;;      Locals:         0       0       0       0       0       0       0       0       0       0       0       0       
      +0       0       0       0       0
  4079 ;;      Temps:          0       0       0       0       0       0       0       0       0       0       0       0       
      +0       0       0       0       0
  4080 ;;      Totals:         5       0       0       0       0       0       0       0       0       0       0       0       
      +0       0       0       0       0
  4081 ;;Total ram usage:        5 bytes
  4082 ;; Hardware stack levels used: 1
  4083 ;; Hardware stack levels required when called: 6
  4084 ;; This function calls:
  4085 ;;		_I2C1_IsBusy
  4086 ;;		_I2C1_WriteStart
  4087 ;; This function is called by:
  4088 ;;		_EXT_EEPROM_24C02C_WRITE_BYTE
  4089 ;;		_TEMP_SENSOR_TC74_READ_DATA
  4090 ;;		_main
  4091 ;;		_EXT_EEPROM_24C02C_READ_BYTE
  4092 ;;		_TEMP_SENSOR_TC74_WRITE_DATA
  4093 ;; This function uses a non-reentrant model
  4094 ;;
  4095                           
  4096                           	psect	text30
  4097   001474                     __ptext30:
  4098                           	callstack 0
  4099   001474                     _I2C1_Write:
  4100                           	callstack 23
  4101   001474                     
  4102                           ;mcc_generated_files/i2c_host/src/mssp.c: 112:     if (!I2C1_IsBusy())
  4103   001474  EC00  F00C         	call	_I2C1_IsBusy	;wreg free
  4104   001478  0900               	iorlw	0
  4105   00147A  A4D8               	btfss	status,2,c
  4106   00147C  EF42  F00A         	goto	u771
  4107   001480  EF44  F00A         	goto	u770
  4108   001484                     u771:
  4109   001484  EF58  F00A         	goto	l209
  4110   001488                     u770:
  4111   001488                     
  4112                           ;mcc_generated_files/i2c_host/src/mssp.c: 113:     {;mcc_generated_files/i2c_host/src/ms
      +                          sp.c: 114:         i2c1Status.busy = 1;
  4113   001488  0E01               	movlw	1
  4114   00148A  6E02               	movwf	_i2c1Status^0,c	;volatile
  4115   00148C                     
  4116                           ;mcc_generated_files/i2c_host/src/mssp.c: 115:         i2c1Status.address = address;
  4117   00148C  C045  F003         	movff	I2C1_Write@address,_i2c1Status+1	;volatile
  4118   001490  C046  F004         	movff	I2C1_Write@address+1,_i2c1Status+2	;volatile
  4119   001494                     
  4120                           ;mcc_generated_files/i2c_host/src/mssp.c: 116:         i2c1Status.switchToRead = 0;
  4121   001494  6A0B               	clrf	(_i2c1Status+9)^0,c	;volatile
  4122   001496                     
  4123                           ;mcc_generated_files/i2c_host/src/mssp.c: 117:         i2c1Status.writePtr = data;
  4124   001496  C047  F005         	movff	I2C1_Write@data,_i2c1Status+3	;volatile
  4125   00149A                     
  4126                           ;mcc_generated_files/i2c_host/src/mssp.c: 118:         i2c1Status.writeLength = dataLeng
      +                          th;
  4127   00149A  C048  F006         	movff	I2C1_Write@dataLength,_i2c1Status+4	;volatile
  4128   00149E  C049  F007         	movff	I2C1_Write@dataLength+1,_i2c1Status+5	;volatile
  4129   0014A2                     
  4130                           ;mcc_generated_files/i2c_host/src/mssp.c: 119:         i2c1Status.readPtr = ((void*)0);
  4131   0014A2  6A08               	clrf	(_i2c1Status+6)^0,c	;volatile
  4132   0014A4                     
  4133                           ;mcc_generated_files/i2c_host/src/mssp.c: 120:         i2c1Status.readLength = 0;
  4134   0014A4  6A0A               	clrf	(_i2c1Status+8)^0,c	;volatile
  4135   0014A6  0E00               	movlw	0
  4136   0014A8  6E09               	movwf	(_i2c1Status+7)^0,c	;volatile
  4137   0014AA                     
  4138                           ;mcc_generated_files/i2c_host/src/mssp.c: 121:         i2c1Status.errorState = I2C_ERROR
      +                          _NONE;
  4139   0014AA  6A0C               	clrf	(_i2c1Status+10)^0,c	;volatile
  4140   0014AC                     
  4141                           ;mcc_generated_files/i2c_host/src/mssp.c: 122:         I2C1_WriteStart();
  4142   0014AC  ECEA  F00B         	call	_I2C1_WriteStart	;wreg free
  4143   0014B0                     l209:
  4144   0014B0  0012               	return		;funcret
  4145   0014B2                     __end_of_I2C1_Write:
  4146                           	callstack 0
  4147                           
  4148 ;; *************** function _I2C1_WriteStart *****************
  4149 ;; Defined at:
  4150 ;;		line 205 in file "mcc_generated_files/i2c_host/src/mssp.c"
  4151 ;; Parameters:    Size  Location     Type
  4152 ;;		None
  4153 ;; Auto vars:     Size  Location     Type
  4154 ;;		None
  4155 ;; Return value:  Size  Location     Type
  4156 ;;                  1    wreg      void 
  4157 ;; Registers used:
  4158 ;;		wreg, status,2
  4159 ;; Tracked objects:
  4160 ;;		On entry : 0/0
  4161 ;;		On exit  : 0/0
  4162 ;;		Unchanged: 0/0
  4163 ;; Data sizes:     COMRAM   BANK0   BANK1   BANK2   BANK3   BANK4   BANK5   BANK6   BANK7   BANK8   BANK9  BANK10  BANK1
      +1  BANK12  BANK13  BANK14  BANK15
  4164 ;;      Params:         0       0       0       0       0       0       0       0       0       0       0       0       
      +0       0       0       0       0
  4165 ;;      Locals:         0       0       0       0       0       0       0       0       0       0       0       0       
      +0       0       0       0       0
  4166 ;;      Temps:          0       0       0       0       0       0       0       0       0       0       0       0       
      +0       0       0       0       0
  4167 ;;      Totals:         0       0       0       0       0       0       0       0       0       0       0       0       
      +0       0       0       0       0
  4168 ;;Total ram usage:        0 bytes
  4169 ;; Hardware stack levels used: 1
  4170 ;; Hardware stack levels required when called: 6
  4171 ;; This function calls:
  4172 ;;		Nothing
  4173 ;; This function is called by:
  4174 ;;		_I2C1_Write
  4175 ;;		_I2C1_WriteRead
  4176 ;; This function uses a non-reentrant model
  4177 ;;
  4178                           
  4179                           	psect	text31
  4180   0017D4                     __ptext31:
  4181                           	callstack 0
  4182   0017D4                     _I2C1_WriteStart:
  4183                           	callstack 21
  4184   0017D4                     
  4185                           ;mcc_generated_files/i2c_host/src/mssp.c: 207:     SSPCON2bits.SEN = 1;
  4186   0017D4  80C5               	bsf	197,0,c	;volatile
  4187   0017D6                     
  4188                           ;mcc_generated_files/i2c_host/src/mssp.c: 208:     i2c1Status.state = I2C_STATE_SEND_WR_
      +                          ADDR;
  4189   0017D6  0E02               	movlw	2
  4190   0017D8  6E0D               	movwf	(_i2c1Status+11)^0,c	;volatile
  4191   0017DA  0012               	return		;funcret
  4192   0017DC                     __end_of_I2C1_WriteStart:
  4193                           	callstack 0
  4194                           
  4195 ;; *************** function _I2C1_IsBusy *****************
  4196 ;; Defined at:
  4197 ;;		line 173 in file "mcc_generated_files/i2c_host/src/mssp.c"
  4198 ;; Parameters:    Size  Location     Type
  4199 ;;		None
  4200 ;; Auto vars:     Size  Location     Type
  4201 ;;		None
  4202 ;; Return value:  Size  Location     Type
  4203 ;;                  1    wreg      _Bool 
  4204 ;; Registers used:
  4205 ;;		wreg, status,2
  4206 ;; Tracked objects:
  4207 ;;		On entry : 0/0
  4208 ;;		On exit  : 0/0
  4209 ;;		Unchanged: 0/0
  4210 ;; Data sizes:     COMRAM   BANK0   BANK1   BANK2   BANK3   BANK4   BANK5   BANK6   BANK7   BANK8   BANK9  BANK10  BANK1
      +1  BANK12  BANK13  BANK14  BANK15
  4211 ;;      Params:         0       0       0       0       0       0       0       0       0       0       0       0       
      +0       0       0       0       0
  4212 ;;      Locals:         0       0       0       0       0       0       0       0       0       0       0       0       
      +0       0       0       0       0
  4213 ;;      Temps:          0       0       0       0       0       0       0       0       0       0       0       0       
      +0       0       0       0       0
  4214 ;;      Totals:         0       0       0       0       0       0       0       0       0       0       0       0       
      +0       0       0       0       0
  4215 ;;Total ram usage:        0 bytes
  4216 ;; Hardware stack levels used: 1
  4217 ;; Hardware stack levels required when called: 6
  4218 ;; This function calls:
  4219 ;;		Nothing
  4220 ;; This function is called by:
  4221 ;;		_EXT_EEPROM_24C02C_WRITE_BYTE
  4222 ;;		_RealTimeClock_DS1307_GET_SECONDS
  4223 ;;		_RealTimeClock_DS1307_GET_MINUTES
  4224 ;;		_RealTimeClock_DS1307_GET_HOURS
  4225 ;;		_RealTimeClock_DS1307_GET_DAY
  4226 ;;		_RealTimeClock_DS1307_GET_MONTH
  4227 ;;		_RealTimeClock_DS1307_GET_YEAR
  4228 ;;		_TEMP_SENSOR_TC74_READ_DATA
  4229 ;;		_I2C1_Write
  4230 ;;		_I2C1_Read
  4231 ;;		_I2C1_WriteRead
  4232 ;;		_main
  4233 ;;		_EXT_EEPROM_24C02C_READ_BYTE
  4234 ;;		_TEMP_SENSOR_TC74_WRITE_DATA
  4235 ;; This function uses a non-reentrant model
  4236 ;;
  4237                           
  4238                           	psect	text32
  4239   001800                     __ptext32:
  4240                           	callstack 0
  4241   001800                     _I2C1_IsBusy:
  4242                           	callstack 21
  4243   001800                     
  4244                           ;mcc_generated_files/i2c_host/src/mssp.c: 175:     return i2c1Status.busy;
  4245   001800  5002               	movf	_i2c1Status^0,w,c	;volatile
  4246   001802  0012               	return		;funcret
  4247   001804                     __end_of_I2C1_IsBusy:
  4248                           	callstack 0
  4249                           
  4250 ;; *************** function _INTERRUPT_InterruptManager *****************
  4251 ;; Defined at:
  4252 ;;		line 80 in file "mcc_generated_files/system/src/interrupt.c"
  4253 ;; Parameters:    Size  Location     Type
  4254 ;;		None
  4255 ;; Auto vars:     Size  Location     Type
  4256 ;;		None
  4257 ;; Return value:  Size  Location     Type
  4258 ;;                  1    wreg      void 
  4259 ;; Registers used:
  4260 ;;		wreg, fsr2l, fsr2h, status,2, status,0, pcl, pclath, pclatu, tosl, tblptrl, tblptrh, tblptru, prodl, prodh, cstack
  4261 ;; Tracked objects:
  4262 ;;		On entry : 0/0
  4263 ;;		On exit  : 0/0
  4264 ;;		Unchanged: 0/0
  4265 ;; Data sizes:     COMRAM   BANK0   BANK1   BANK2   BANK3   BANK4   BANK5   BANK6   BANK7   BANK8   BANK9  BANK10  BANK1
      +1  BANK12  BANK13  BANK14  BANK15
  4266 ;;      Params:         0       0       0       0       0       0       0       0       0       0       0       0       
      +0       0       0       0       0
  4267 ;;      Locals:         0       0       0       0       0       0       0       0       0       0       0       0       
      +0       0       0       0       0
  4268 ;;      Temps:         10       0       0       0       0       0       0       0       0       0       0       0       
      +0       0       0       0       0
  4269 ;;      Totals:        10       0       0       0       0       0       0       0       0       0       0       0       
      +0       0       0       0       0
  4270 ;;Total ram usage:       10 bytes
  4271 ;; Hardware stack levels used: 1
  4272 ;; Hardware stack levels required when called: 5
  4273 ;; This function calls:
  4274 ;;		_I2C1_ERROR_ISR
  4275 ;;		_I2C1_ISR
  4276 ;;		_NVM_ISR
  4277 ;; This function is called by:
  4278 ;;		Interrupt level 2
  4279 ;; This function uses a non-reentrant model
  4280 ;;
  4281                           
  4282                           	psect	intcode
  4283   000008                     __pintcode:
  4284                           	callstack 0
  4285   000008                     _INTERRUPT_InterruptManager:
  4286                           	callstack 21
  4287                           
  4288                           ;incstack = 0
  4289   000008  8201               	bsf	int$flags,1,c	;set compiler interrupt flag (level 2)
  4290   00000A  CFFA F03B          	movff	pclath,??_INTERRUPT_InterruptManager
  4291   00000E  CFFB F03C          	movff	pclatu,??_INTERRUPT_InterruptManager+1
  4292   000012  CFD9 F03D          	movff	fsr2l,??_INTERRUPT_InterruptManager+2
  4293   000016  CFDA F03E          	movff	fsr2h,??_INTERRUPT_InterruptManager+3
  4294   00001A  CFF3 F03F          	movff	prodl,??_INTERRUPT_InterruptManager+4
  4295   00001E  CFF4 F040          	movff	prodh,??_INTERRUPT_InterruptManager+5
  4296   000022  CFF6 F041          	movff	tblptrl,??_INTERRUPT_InterruptManager+6
  4297   000026  CFF7 F042          	movff	tblptrh,??_INTERRUPT_InterruptManager+7
  4298   00002A  CFF8 F043          	movff	tblptru,??_INTERRUPT_InterruptManager+8
  4299   00002E  CFF5 F044          	movff	tablat,??_INTERRUPT_InterruptManager+9
  4300   000032                     
  4301                           ;mcc_generated_files/system/src/interrupt.c: 83:     if(INTCONbits.PEIE == 1)
  4302   000032  ACF2               	btfss	242,6,c	;volatile
  4303   000034  EF1E  F000         	goto	i2u47_41
  4304   000038  EF20  F000         	goto	i2u47_40
  4305   00003C                     i2u47_41:
  4306   00003C  EF54  F000         	goto	i2l449
  4307   000040                     i2u47_40:
  4308   000040                     
  4309                           ;mcc_generated_files/system/src/interrupt.c: 84:     {;mcc_generated_files/system/src/in
      +                          terrupt.c: 85:         if(PIE1bits.SSPIE == 1 && PIR1bits.SSPIF == 1)
  4310   000040  A69D               	btfss	157,3,c	;volatile
  4311   000042  EF25  F000         	goto	i2u48_41
  4312   000046  EF27  F000         	goto	i2u48_40
  4313   00004A                     i2u48_41:
  4314   00004A  EF32  F000         	goto	i2l442
  4315   00004E                     i2u48_40:
  4316   00004E  A69E               	btfss	158,3,c	;volatile
  4317   000050  EF2C  F000         	goto	i2u49_41
  4318   000054  EF2E  F000         	goto	i2u49_40
  4319   000058                     i2u49_41:
  4320   000058  EF32  F000         	goto	i2l442
  4321   00005C                     i2u49_40:
  4322   00005C                     
  4323                           ;mcc_generated_files/system/src/interrupt.c: 86:         {;mcc_generated_files/system/sr
      +                          c/interrupt.c: 87:             I2C1_ISR();
  4324   00005C  ECF5  F00B         	call	_I2C1_ISR	;wreg free
  4325                           
  4326                           ;mcc_generated_files/system/src/interrupt.c: 88:         }
  4327   000060  EF54  F000         	goto	i2l449
  4328   000064                     i2l442:
  4329   000064  A8A0               	btfss	160,4,c	;volatile
  4330   000066  EF37  F000         	goto	i2u50_41
  4331   00006A  EF39  F000         	goto	i2u50_40
  4332   00006E                     i2u50_41:
  4333   00006E  EF44  F000         	goto	i2l444
  4334   000072                     i2u50_40:
  4335   000072  A8A1               	btfss	161,4,c	;volatile
  4336   000074  EF3E  F000         	goto	i2u51_41
  4337   000078  EF40  F000         	goto	i2u51_40
  4338   00007C                     i2u51_41:
  4339   00007C  EF44  F000         	goto	i2l444
  4340   000080                     i2u51_40:
  4341   000080                     
  4342                           ;mcc_generated_files/system/src/interrupt.c: 90:         {;mcc_generated_files/system/sr
      +                          c/interrupt.c: 91:             NVM_ISR();
  4343   000080  EC02  F00C         	call	_NVM_ISR	;wreg free
  4344                           
  4345                           ;mcc_generated_files/system/src/interrupt.c: 92:         }
  4346   000084  EF54  F000         	goto	i2l449
  4347   000088                     i2l444:
  4348   000088  A6A0               	btfss	160,3,c	;volatile
  4349   00008A  EF49  F000         	goto	i2u52_41
  4350   00008E  EF4B  F000         	goto	i2u52_40
  4351   000092                     i2u52_41:
  4352   000092  EF54  F000         	goto	i2l449
  4353   000096                     i2u52_40:
  4354   000096  A6A1               	btfss	161,3,c	;volatile
  4355   000098  EF50  F000         	goto	i2u53_41
  4356   00009C  EF52  F000         	goto	i2u53_40
  4357   0000A0                     i2u53_41:
  4358   0000A0  EF54  F000         	goto	i2l449
  4359   0000A4                     i2u53_40:
  4360   0000A4                     
  4361                           ;mcc_generated_files/system/src/interrupt.c: 94:         {;mcc_generated_files/system/sr
      +                          c/interrupt.c: 95:             I2C1_ERROR_ISR();
  4362   0000A4  ECF8  F00B         	call	_I2C1_ERROR_ISR	;wreg free
  4363   0000A8                     i2l449:
  4364   0000A8  C044  FFF5         	movff	??_INTERRUPT_InterruptManager+9,tablat
  4365   0000AC  C043  FFF8         	movff	??_INTERRUPT_InterruptManager+8,tblptru
  4366   0000B0  C042  FFF7         	movff	??_INTERRUPT_InterruptManager+7,tblptrh
  4367   0000B4  C041  FFF6         	movff	??_INTERRUPT_InterruptManager+6,tblptrl
  4368   0000B8  C040  FFF4         	movff	??_INTERRUPT_InterruptManager+5,prodh
  4369   0000BC  C03F  FFF3         	movff	??_INTERRUPT_InterruptManager+4,prodl
  4370   0000C0  C03E  FFDA         	movff	??_INTERRUPT_InterruptManager+3,fsr2h
  4371   0000C4  C03D  FFD9         	movff	??_INTERRUPT_InterruptManager+2,fsr2l
  4372   0000C8  C03C  FFFB         	movff	??_INTERRUPT_InterruptManager+1,pclatu
  4373   0000CC  C03B  FFFA         	movff	??_INTERRUPT_InterruptManager,pclath
  4374   0000D0  9201               	bcf	int$flags,1,c	;clear compiler interrupt flag (level 2)
  4375   0000D2  0011               	retfie		f
  4376   0000D4                     __end_of_INTERRUPT_InterruptManager:
  4377                           	callstack 0
  4378                           
  4379 ;; *************** function _NVM_ISR *****************
  4380 ;; Defined at:
  4381 ;;		line 314 in file "mcc_generated_files/nvm/src/nvm.c"
  4382 ;; Parameters:    Size  Location     Type
  4383 ;;		None
  4384 ;; Auto vars:     Size  Location     Type
  4385 ;;		None
  4386 ;; Return value:  Size  Location     Type
  4387 ;;                  1    wreg      void 
  4388 ;; Registers used:
  4389 ;;		None
  4390 ;; Tracked objects:
  4391 ;;		On entry : 0/0
  4392 ;;		On exit  : 0/0
  4393 ;;		Unchanged: 0/0
  4394 ;; Data sizes:     COMRAM   BANK0   BANK1   BANK2   BANK3   BANK4   BANK5   BANK6   BANK7   BANK8   BANK9  BANK10  BANK1
      +1  BANK12  BANK13  BANK14  BANK15
  4395 ;;      Params:         0       0       0       0       0       0       0       0       0       0       0       0       
      +0       0       0       0       0
  4396 ;;      Locals:         0       0       0       0       0       0       0       0       0       0       0       0       
      +0       0       0       0       0
  4397 ;;      Temps:          0       0       0       0       0       0       0       0       0       0       0       0       
      +0       0       0       0       0
  4398 ;;      Totals:         0       0       0       0       0       0       0       0       0       0       0       0       
      +0       0       0       0       0
  4399 ;;Total ram usage:        0 bytes
  4400 ;; Hardware stack levels used: 1
  4401 ;; This function calls:
  4402 ;;		Nothing
  4403 ;; This function is called by:
  4404 ;;		_INTERRUPT_InterruptManager
  4405 ;; This function uses a non-reentrant model
  4406 ;;
  4407                           
  4408                           	psect	text34
  4409   001804                     __ptext34:
  4410                           	callstack 0
  4411   001804                     _NVM_ISR:
  4412                           	callstack 25
  4413   001804                     
  4414                           ;mcc_generated_files/nvm/src/nvm.c: 317:     PIR2bits.EEIF = 0;
  4415   001804  98A1               	bcf	161,4,c	;volatile
  4416   001806  0012               	return		;funcret
  4417   001808                     __end_of_NVM_ISR:
  4418                           	callstack 0
  4419                           
  4420 ;; *************** function _I2C1_ISR *****************
  4421 ;; Defined at:
  4422 ;;		line 186 in file "mcc_generated_files/i2c_host/src/mssp.c"
  4423 ;; Parameters:    Size  Location     Type
  4424 ;;		None
  4425 ;; Auto vars:     Size  Location     Type
  4426 ;;		None
  4427 ;; Return value:  Size  Location     Type
  4428 ;;                  1    wreg      void 
  4429 ;; Registers used:
  4430 ;;		wreg, fsr2l, fsr2h, status,2, status,0, pcl, pclath, pclatu, tosl, tblptrl, tblptrh, tblptru, prodl, prodh, cstack
  4431 ;; Tracked objects:
  4432 ;;		On entry : 0/0
  4433 ;;		On exit  : 0/0
  4434 ;;		Unchanged: 0/0
  4435 ;; Data sizes:     COMRAM   BANK0   BANK1   BANK2   BANK3   BANK4   BANK5   BANK6   BANK7   BANK8   BANK9  BANK10  BANK1
      +1  BANK12  BANK13  BANK14  BANK15
  4436 ;;      Params:         0       0       0       0       0       0       0       0       0       0       0       0       
      +0       0       0       0       0
  4437 ;;      Locals:         0       0       0       0       0       0       0       0       0       0       0       0       
      +0       0       0       0       0
  4438 ;;      Temps:          0       0       0       0       0       0       0       0       0       0       0       0       
      +0       0       0       0       0
  4439 ;;      Totals:         0       0       0       0       0       0       0       0       0       0       0       0       
      +0       0       0       0       0
  4440 ;;Total ram usage:        0 bytes
  4441 ;; Hardware stack levels used: 1
  4442 ;; Hardware stack levels required when called: 2
  4443 ;; This function calls:
  4444 ;;		_I2C1_EventHandler
  4445 ;; This function is called by:
  4446 ;;		_INTERRUPT_InterruptManager
  4447 ;; This function uses a non-reentrant model
  4448 ;;
  4449                           
  4450                           	psect	text35
  4451   0017EA                     __ptext35:
  4452                           	callstack 0
  4453   0017EA                     _I2C1_ISR:
  4454                           	callstack 23
  4455   0017EA                     
  4456                           ;mcc_generated_files/i2c_host/src/mssp.c: 188:     I2C1_EventHandler();
  4457   0017EA  EC18  F008         	call	_I2C1_EventHandler	;wreg free
  4458   0017EE  0012               	return		;funcret
  4459   0017F0                     __end_of_I2C1_ISR:
  4460                           	callstack 0
  4461                           
  4462 ;; *************** function _I2C1_EventHandler *****************
  4463 ;; Defined at:
  4464 ;;		line 224 in file "mcc_generated_files/i2c_host/src/mssp.c"
  4465 ;; Parameters:    Size  Location     Type
  4466 ;;		None
  4467 ;; Auto vars:     Size  Location     Type
  4468 ;;		None
  4469 ;; Return value:  Size  Location     Type
  4470 ;;                  1    wreg      void 
  4471 ;; Registers used:
  4472 ;;		wreg, fsr2l, fsr2h, status,2, status,0, pcl, pclath, pclatu, tosl, tblptrl, tblptrh, tblptru, prodl, prodh, cstack
  4473 ;; Tracked objects:
  4474 ;;		On entry : 0/0
  4475 ;;		On exit  : 0/0
  4476 ;;		Unchanged: 0/0
  4477 ;; Data sizes:     COMRAM   BANK0   BANK1   BANK2   BANK3   BANK4   BANK5   BANK6   BANK7   BANK8   BANK9  BANK10  BANK1
      +1  BANK12  BANK13  BANK14  BANK15
  4478 ;;      Params:         0       0       0       0       0       0       0       0       0       0       0       0       
      +0       0       0       0       0
  4479 ;;      Locals:         0       0       0       0       0       0       0       0       0       0       0       0       
      +0       0       0       0       0
  4480 ;;      Temps:          3       0       0       0       0       0       0       0       0       0       0       0       
      +0       0       0       0       0
  4481 ;;      Totals:         3       0       0       0       0       0       0       0       0       0       0       0       
      +0       0       0       0       0
  4482 ;;Total ram usage:        3 bytes
  4483 ;; Hardware stack levels used: 1
  4484 ;; Hardware stack levels required when called: 1
  4485 ;; This function calls:
  4486 ;;		_I2C1_Close
  4487 ;;		_I2C1_EVENT_ERROR
  4488 ;;		_I2C1_EVENT_IDLE
  4489 ;;		_I2C1_EVENT_NACK
  4490 ;;		_I2C1_EVENT_RESET
  4491 ;;		_I2C1_EVENT_RX
  4492 ;;		_I2C1_EVENT_SEND_RD_ADDR
  4493 ;;		_I2C1_EVENT_SEND_WR_ADDR
  4494 ;;		_I2C1_EVENT_STOP
  4495 ;;		_I2C1_EVENT_TX
  4496 ;; This function is called by:
  4497 ;;		_I2C1_ISR
  4498 ;; This function uses a non-reentrant model
  4499 ;;
  4500                           
  4501                           	psect	text36
  4502   001030                     __ptext36:
  4503                           	callstack 0
  4504   001030                     _I2C1_EventHandler:
  4505                           	callstack 23
  4506   001030                     
  4507                           ;mcc_generated_files/i2c_host/src/mssp.c: 226:     PIR1bits.SSPIF = 0;
  4508   001030  969E               	bcf	158,3,c	;volatile
  4509                           
  4510                           ;mcc_generated_files/i2c_host/src/mssp.c: 227:     if (0U != SSPSTATbits.P)
  4511   001032  A8C7               	btfss	199,4,c	;volatile
  4512   001034  EF1E  F008         	goto	i2u22_41
  4513   001038  EF20  F008         	goto	i2u22_40
  4514   00103C                     i2u22_41:
  4515   00103C  EF24  F008         	goto	i2l245
  4516   001040                     i2u22_40:
  4517   001040                     
  4518                           ;mcc_generated_files/i2c_host/src/mssp.c: 228:     {;mcc_generated_files/i2c_host/src/ms
      +                          sp.c: 229:         I2C1_Close();
  4519   001040  EC9A  F00B         	call	_I2C1_Close	;wreg free
  4520                           
  4521                           ;mcc_generated_files/i2c_host/src/mssp.c: 230:     }
  4522   001044  EF4A  F008         	goto	i2l1787
  4523   001048                     i2l245:
  4524                           
  4525                           ;mcc_generated_files/i2c_host/src/mssp.c: 232:     {;mcc_generated_files/i2c_host/src/ms
      +                          sp.c: 233:         if ((SSPSTATbits.D_nA == 0U) && (SSPCON2bits.ACKSTAT == 1U))
  4526   001048  BAC7               	btfsc	199,5,c	;volatile
  4527   00104A  EF29  F008         	goto	i2u23_41
  4528   00104E  EF2B  F008         	goto	i2u23_40
  4529   001052                     i2u23_41:
  4530   001052  EF38  F008         	goto	i2l247
  4531   001056                     i2u23_40:
  4532   001056  ACC5               	btfss	197,6,c	;volatile
  4533   001058  EF30  F008         	goto	i2u24_41
  4534   00105C  EF32  F008         	goto	i2u24_40
  4535   001060                     i2u24_41:
  4536   001060  EF38  F008         	goto	i2l247
  4537   001064                     i2u24_40:
  4538   001064                     
  4539                           ;mcc_generated_files/i2c_host/src/mssp.c: 234:         {;mcc_generated_files/i2c_host/sr
      +                          c/mssp.c: 235:             i2c1Status.state = I2C_STATE_NACK;
  4540   001064  0E05               	movlw	5
  4541   001066  6E0D               	movwf	(_i2c1Status+11)^0,c	;volatile
  4542                           
  4543                           ;mcc_generated_files/i2c_host/src/mssp.c: 236:             i2c1Status.errorState = I2C_E
      +                          RROR_ADDR_NACK;
  4544   001068  0E01               	movlw	1
  4545   00106A  6E0C               	movwf	(_i2c1Status+10)^0,c	;volatile
  4546                           
  4547                           ;mcc_generated_files/i2c_host/src/mssp.c: 237:         }
  4548   00106C  EF4A  F008         	goto	i2l1787
  4549   001070                     i2l247:
  4550   001070  AAC7               	btfss	199,5,c	;volatile
  4551   001072  EF3D  F008         	goto	i2u25_41
  4552   001076  EF3F  F008         	goto	i2u25_40
  4553   00107A                     i2u25_41:
  4554   00107A  EF4A  F008         	goto	i2l1787
  4555   00107E                     i2u25_40:
  4556   00107E  ACC5               	btfss	197,6,c	;volatile
  4557   001080  EF44  F008         	goto	i2u26_41
  4558   001084  EF46  F008         	goto	i2u26_40
  4559   001088                     i2u26_41:
  4560   001088  EF4A  F008         	goto	i2l1787
  4561   00108C                     i2u26_40:
  4562   00108C                     
  4563                           ;mcc_generated_files/i2c_host/src/mssp.c: 239:         {;mcc_generated_files/i2c_host/sr
      +                          c/mssp.c: 240:             i2c1Status.state = I2C_STATE_NACK;
  4564   00108C  0E05               	movlw	5
  4565   00108E  6E0D               	movwf	(_i2c1Status+11)^0,c	;volatile
  4566                           
  4567                           ;mcc_generated_files/i2c_host/src/mssp.c: 241:             i2c1Status.errorState = I2C_E
      +                          RROR_DATA_NACK;
  4568   001090  0E02               	movlw	2
  4569   001092  6E0C               	movwf	(_i2c1Status+10)^0,c	;volatile
  4570   001094                     i2l1787:
  4571                           
  4572                           ;mcc_generated_files/i2c_host/src/mssp.c: 249:     i2c1Status.state = i2c1_eventTable[i2
      +                          c1Status.state]();
  4573   001094  500D               	movf	(_i2c1Status+11)^0,w,c	;volatile
  4574   001096  0D02               	mullw	2
  4575   001098  50F3               	movf	243,w,c
  4576   00109A  0F15               	addlw	low _i2c1_eventTable
  4577   00109C  6E38               	movwf	??_I2C1_EventHandler^0,c
  4578   00109E  C038  FFF6         	movff	??_I2C1_EventHandler,tblptrl
  4579   0010A2                     	if	1	;There is more than 1 active tblptr byte
  4580   0010A2  0E10               	movlw	high __smallconst
  4581   0010A4  6EF7               	movwf	tblptrh,c
  4582   0010A6                     	endif
  4583   0010A6                     	if	1	;Program memory is < 0x10000, tblptru is always zero
  4584   0010A6  6AF8               	clrf	tblptru,c
  4585   0010A8                     	endif
  4586   0010A8                     	if	0	;tblptru may be non-zero
  4587   0010A8                     	endif
  4588   0010A8  0009               	tblrd		*+
  4589   0010AA  CFF5 F039          	movff	tablat,??_I2C1_EventHandler+1
  4590   0010AE  0009               	tblrd		*+
  4591   0010B0  CFF5 F03A          	movff	tablat,??_I2C1_EventHandler+2
  4592   0010B4  D802               	call	i2u27_48
  4593   0010B6  EF66  F008         	goto	i2u27_49
  4594   0010BA                     i2u27_48:
  4595   0010BA  0005               	push	
  4596   0010BC  6EFA               	movwf	pclath,c
  4597   0010BE  5039               	movf	(??_I2C1_EventHandler+1)^0,w,c
  4598   0010C0  6EFD               	movwf	tosl,c
  4599   0010C2  503A               	movf	(??_I2C1_EventHandler+2)^0,w,c
  4600   0010C4  6EFE               	movwf	tosh,c
  4601   0010C6  6AFF               	clrf	tosu,c
  4602   0010C8  50FA               	movf	pclath,w,c
  4603   0010CA  0012               	return		;indir
  4604   0010CC                     i2u27_49:
  4605   0010CC  6E0D               	movwf	(_i2c1Status+11)^0,c	;volatile
  4606   0010CE  0012               	return		;funcret
  4607   0010D0                     __end_of_I2C1_EventHandler:
  4608                           	callstack 0
  4609                           
  4610 ;; *************** function _I2C1_ERROR_ISR *****************
  4611 ;; Defined at:
  4612 ;;		line 191 in file "mcc_generated_files/i2c_host/src/mssp.c"
  4613 ;; Parameters:    Size  Location     Type
  4614 ;;		None
  4615 ;; Auto vars:     Size  Location     Type
  4616 ;;		None
  4617 ;; Return value:  Size  Location     Type
  4618 ;;                  1    wreg      void 
  4619 ;; Registers used:
  4620 ;;		wreg, fsr2l, fsr2h, status,2, status,0, pcl, pclath, pclatu, tosl, tblptrl, tblptrh, tblptru, prodl, prodh, cstack
  4621 ;; Tracked objects:
  4622 ;;		On entry : 0/0
  4623 ;;		On exit  : 0/0
  4624 ;;		Unchanged: 0/0
  4625 ;; Data sizes:     COMRAM   BANK0   BANK1   BANK2   BANK3   BANK4   BANK5   BANK6   BANK7   BANK8   BANK9  BANK10  BANK1
      +1  BANK12  BANK13  BANK14  BANK15
  4626 ;;      Params:         0       0       0       0       0       0       0       0       0       0       0       0       
      +0       0       0       0       0
  4627 ;;      Locals:         0       0       0       0       0       0       0       0       0       0       0       0       
      +0       0       0       0       0
  4628 ;;      Temps:          0       0       0       0       0       0       0       0       0       0       0       0       
      +0       0       0       0       0
  4629 ;;      Totals:         0       0       0       0       0       0       0       0       0       0       0       0       
      +0       0       0       0       0
  4630 ;;Total ram usage:        0 bytes
  4631 ;; Hardware stack levels used: 1
  4632 ;; Hardware stack levels required when called: 4
  4633 ;; This function calls:
  4634 ;;		_I2C1_ErrorEventHandler
  4635 ;; This function is called by:
  4636 ;;		_INTERRUPT_InterruptManager
  4637 ;; This function uses a non-reentrant model
  4638 ;;
  4639                           
  4640                           	psect	text37
  4641   0017F0                     __ptext37:
  4642                           	callstack 0
  4643   0017F0                     _I2C1_ERROR_ISR:
  4644                           	callstack 21
  4645   0017F0                     
  4646                           ;mcc_generated_files/i2c_host/src/mssp.c: 193:     I2C1_ErrorEventHandler();
  4647   0017F0  EC96  F009         	call	_I2C1_ErrorEventHandler	;wreg free
  4648   0017F4  0012               	return		;funcret
  4649   0017F6                     __end_of_I2C1_ERROR_ISR:
  4650                           	callstack 0
  4651                           
  4652 ;; *************** function _I2C1_ErrorEventHandler *****************
  4653 ;; Defined at:
  4654 ;;		line 252 in file "mcc_generated_files/i2c_host/src/mssp.c"
  4655 ;; Parameters:    Size  Location     Type
  4656 ;;		None
  4657 ;; Auto vars:     Size  Location     Type
  4658 ;;		None
  4659 ;; Return value:  Size  Location     Type
  4660 ;;                  1    wreg      void 
  4661 ;; Registers used:
  4662 ;;		wreg, fsr2l, fsr2h, status,2, status,0, pcl, pclath, pclatu, tosl, tblptrl, tblptrh, tblptru, prodl, prodh, cstack
  4663 ;; Tracked objects:
  4664 ;;		On entry : 0/0
  4665 ;;		On exit  : 0/0
  4666 ;;		Unchanged: 0/0
  4667 ;; Data sizes:     COMRAM   BANK0   BANK1   BANK2   BANK3   BANK4   BANK5   BANK6   BANK7   BANK8   BANK9  BANK10  BANK1
      +1  BANK12  BANK13  BANK14  BANK15
  4668 ;;      Params:         0       0       0       0       0       0       0       0       0       0       0       0       
      +0       0       0       0       0
  4669 ;;      Locals:         0       0       0       0       0       0       0       0       0       0       0       0       
      +0       0       0       0       0
  4670 ;;      Temps:          3       0       0       0       0       0       0       0       0       0       0       0       
      +0       0       0       0       0
  4671 ;;      Totals:         3       0       0       0       0       0       0       0       0       0       0       0       
      +0       0       0       0       0
  4672 ;;Total ram usage:        3 bytes
  4673 ;; Hardware stack levels used: 1
  4674 ;; Hardware stack levels required when called: 3
  4675 ;; This function calls:
  4676 ;;		_I2C1_EVENT_ERROR
  4677 ;;		_I2C1_EVENT_IDLE
  4678 ;;		_I2C1_EVENT_NACK
  4679 ;;		_I2C1_EVENT_RESET
  4680 ;;		_I2C1_EVENT_RX
  4681 ;;		_I2C1_EVENT_SEND_RD_ADDR
  4682 ;;		_I2C1_EVENT_SEND_WR_ADDR
  4683 ;;		_I2C1_EVENT_STOP
  4684 ;;		_I2C1_EVENT_TX
  4685 ;; This function is called by:
  4686 ;;		_I2C1_ERROR_ISR
  4687 ;; This function uses a non-reentrant model
  4688 ;;
  4689                           
  4690                           	psect	text38
  4691   00132C                     __ptext38:
  4692                           	callstack 0
  4693   00132C                     _I2C1_ErrorEventHandler:
  4694                           	callstack 21
  4695   00132C                     
  4696                           ;mcc_generated_files/i2c_host/src/mssp.c: 254:     i2c1Status.state = I2C_STATE_ERROR;
  4697   00132C  0E06               	movlw	6
  4698   00132E  6E0D               	movwf	(_i2c1Status+11)^0,c	;volatile
  4699                           
  4700                           ;mcc_generated_files/i2c_host/src/mssp.c: 255:     i2c1Status.errorState = I2C_ERROR_BUS
      +                          _COLLISION;
  4701   001330  0E03               	movlw	3
  4702   001332  6E0C               	movwf	(_i2c1Status+10)^0,c	;volatile
  4703   001334                     
  4704                           ;mcc_generated_files/i2c_host/src/mssp.c: 256:     PIR2bits.BCLIF = 0;
  4705   001334  96A1               	bcf	161,3,c	;volatile
  4706   001336                     
  4707                           ;mcc_generated_files/i2c_host/src/mssp.c: 258:     I2C1_Callback();
  4708   001336  500D               	movf	(_i2c1Status+11)^0,w,c	;volatile
  4709   001338  0D02               	mullw	2
  4710   00133A  50F3               	movf	243,w,c
  4711   00133C  0F15               	addlw	low _i2c1_eventTable
  4712   00133E  6E38               	movwf	??_I2C1_ErrorEventHandler^0,c
  4713   001340  C038  FFF6         	movff	??_I2C1_ErrorEventHandler,tblptrl
  4714   001344                     	if	1	;There is more than 1 active tblptr byte
  4715   001344  0E10               	movlw	high __smallconst
  4716   001346  6EF7               	movwf	tblptrh,c
  4717   001348                     	endif
  4718   001348                     	if	1	;Program memory is < 0x10000, tblptru is always zero
  4719   001348  6AF8               	clrf	tblptru,c
  4720   00134A                     	endif
  4721   00134A                     	if	0	;tblptru may be non-zero
  4722   00134A                     	endif
  4723   00134A  0009               	tblrd		*+
  4724   00134C  CFF5 F039          	movff	tablat,??_I2C1_ErrorEventHandler+1
  4725   001350  0009               	tblrd		*+
  4726   001352  CFF5 F03A          	movff	tablat,??_I2C1_ErrorEventHandler+2
  4727   001356  D802               	call	i2u28_48
  4728   001358  EFB7  F009         	goto	i2u28_49
  4729   00135C                     i2u28_48:
  4730   00135C  0005               	push	
  4731   00135E  6EFA               	movwf	pclath,c
  4732   001360  5039               	movf	(??_I2C1_ErrorEventHandler+1)^0,w,c
  4733   001362  6EFD               	movwf	tosl,c
  4734   001364  503A               	movf	(??_I2C1_ErrorEventHandler+2)^0,w,c
  4735   001366  6EFE               	movwf	tosh,c
  4736   001368  6AFF               	clrf	tosu,c
  4737   00136A  50FA               	movf	pclath,w,c
  4738   00136C  0012               	return		;indir
  4739   00136E                     i2u28_49:
  4740   00136E  6E0D               	movwf	(_i2c1Status+11)^0,c	;volatile
  4741   001370  0012               	return		;funcret
  4742   001372                     __end_of_I2C1_ErrorEventHandler:
  4743                           	callstack 0
  4744                           
  4745 ;; *************** function _I2C1_EVENT_RESET *****************
  4746 ;; Defined at:
  4747 ;;		line 362 in file "mcc_generated_files/i2c_host/src/mssp.c"
  4748 ;; Parameters:    Size  Location     Type
  4749 ;;		None
  4750 ;; Auto vars:     Size  Location     Type
  4751 ;;		None
  4752 ;; Return value:  Size  Location     Type
  4753 ;;                  1    wreg      enum E2864
  4754 ;; Registers used:
  4755 ;;		wreg
  4756 ;; Tracked objects:
  4757 ;;		On entry : 0/0
  4758 ;;		On exit  : 0/0
  4759 ;;		Unchanged: 0/0
  4760 ;; Data sizes:     COMRAM   BANK0   BANK1   BANK2   BANK3   BANK4   BANK5   BANK6   BANK7   BANK8   BANK9  BANK10  BANK1
      +1  BANK12  BANK13  BANK14  BANK15
  4761 ;;      Params:         0       0       0       0       0       0       0       0       0       0       0       0       
      +0       0       0       0       0
  4762 ;;      Locals:         0       0       0       0       0       0       0       0       0       0       0       0       
      +0       0       0       0       0
  4763 ;;      Temps:          0       0       0       0       0       0       0       0       0       0       0       0       
      +0       0       0       0       0
  4764 ;;      Totals:         0       0       0       0       0       0       0       0       0       0       0       0       
      +0       0       0       0       0
  4765 ;;Total ram usage:        0 bytes
  4766 ;; Hardware stack levels used: 1
  4767 ;; This function calls:
  4768 ;;		Nothing
  4769 ;; This function is called by:
  4770 ;;		_I2C1_EVENT_ERROR
  4771 ;;		_I2C1_EventHandler
  4772 ;;		_I2C1_ErrorEventHandler
  4773 ;; This function uses a non-reentrant model
  4774 ;;
  4775                           
  4776                           	psect	text39
  4777   00178A                     __ptext39:
  4778                           	callstack 0
  4779   00178A                     _I2C1_EVENT_RESET:
  4780                           	callstack 22
  4781   00178A                     
  4782                           ;mcc_generated_files/i2c_host/src/mssp.c: 364:     SSPCON1bits.SSPEN = 0;
  4783   00178A  9AC6               	bcf	198,5,c	;volatile
  4784                           
  4785                           ;mcc_generated_files/i2c_host/src/mssp.c: 365:     SSPCON1bits.SSPEN = 1;
  4786   00178C  8AC6               	bsf	198,5,c	;volatile
  4787                           
  4788                           ;mcc_generated_files/i2c_host/src/mssp.c: 366:     i2c1Status.busy = 0;
  4789   00178E  6A02               	clrf	_i2c1Status^0,c	;volatile
  4790   001790                     
  4791                           ;mcc_generated_files/i2c_host/src/mssp.c: 367:     return I2C_STATE_IDLE;
  4792   001790  0E00               	movlw	0
  4793   001792  0012               	return		;funcret
  4794   001794                     __end_of_I2C1_EVENT_RESET:
  4795                           	callstack 0
  4796                           
  4797 ;; *************** function _I2C1_EVENT_STOP *****************
  4798 ;; Defined at:
  4799 ;;		line 355 in file "mcc_generated_files/i2c_host/src/mssp.c"
  4800 ;; Parameters:    Size  Location     Type
  4801 ;;		None
  4802 ;; Auto vars:     Size  Location     Type
  4803 ;;		None
  4804 ;; Return value:  Size  Location     Type
  4805 ;;                  1    wreg      enum E2864
  4806 ;; Registers used:
  4807 ;;		wreg, status,2, cstack
  4808 ;; Tracked objects:
  4809 ;;		On entry : 0/0
  4810 ;;		On exit  : 0/0
  4811 ;;		Unchanged: 0/0
  4812 ;; Data sizes:     COMRAM   BANK0   BANK1   BANK2   BANK3   BANK4   BANK5   BANK6   BANK7   BANK8   BANK9  BANK10  BANK1
      +1  BANK12  BANK13  BANK14  BANK15
  4813 ;;      Params:         0       0       0       0       0       0       0       0       0       0       0       0       
      +0       0       0       0       0
  4814 ;;      Locals:         0       0       0       0       0       0       0       0       0       0       0       0       
      +0       0       0       0       0
  4815 ;;      Temps:          0       0       0       0       0       0       0       0       0       0       0       0       
      +0       0       0       0       0
  4816 ;;      Totals:         0       0       0       0       0       0       0       0       0       0       0       0       
      +0       0       0       0       0
  4817 ;;Total ram usage:        0 bytes
  4818 ;; Hardware stack levels used: 1
  4819 ;; This function calls:
  4820 ;;		_I2C1_Close
  4821 ;; This function is called by:
  4822 ;;		_I2C1_EVENT_TX
  4823 ;;		_I2C1_EVENT_NACK
  4824 ;;		_I2C1_EventHandler
  4825 ;;		_I2C1_ErrorEventHandler
  4826 ;; This function uses a non-reentrant model
  4827 ;;
  4828                           
  4829                           	psect	text40
  4830   001794                     __ptext40:
  4831                           	callstack 0
  4832   001794                     _I2C1_EVENT_STOP:
  4833                           	callstack 22
  4834   001794                     
  4835                           ;mcc_generated_files/i2c_host/src/mssp.c: 357:     SSPCON2bits.PEN = 1;
  4836   001794  84C5               	bsf	197,2,c	;volatile
  4837   001796                     
  4838                           ;mcc_generated_files/i2c_host/src/mssp.c: 358:     I2C1_Close();
  4839   001796  EC9A  F00B         	call	_I2C1_Close	;wreg free
  4840   00179A                     
  4841                           ;mcc_generated_files/i2c_host/src/mssp.c: 359:     return I2C_STATE_IDLE;
  4842   00179A  0E00               	movlw	0
  4843   00179C  0012               	return		;funcret
  4844   00179E                     __end_of_I2C1_EVENT_STOP:
  4845                           	callstack 0
  4846                           
  4847 ;; *************** function _I2C1_EVENT_ERROR *****************
  4848 ;; Defined at:
  4849 ;;		line 348 in file "mcc_generated_files/i2c_host/src/mssp.c"
  4850 ;; Parameters:    Size  Location     Type
  4851 ;;		None
  4852 ;; Auto vars:     Size  Location     Type
  4853 ;;  retEventStat    1    0[COMRAM] enum E2864
  4854 ;; Return value:  Size  Location     Type
  4855 ;;                  1    wreg      enum E2864
  4856 ;; Registers used:
  4857 ;;		wreg, status,2, cstack
  4858 ;; Tracked objects:
  4859 ;;		On entry : 0/0
  4860 ;;		On exit  : 0/0
  4861 ;;		Unchanged: 0/0
  4862 ;; Data sizes:     COMRAM   BANK0   BANK1   BANK2   BANK3   BANK4   BANK5   BANK6   BANK7   BANK8   BANK9  BANK10  BANK1
      +1  BANK12  BANK13  BANK14  BANK15
  4863 ;;      Params:         0       0       0       0       0       0       0       0       0       0       0       0       
      +0       0       0       0       0
  4864 ;;      Locals:         1       0       0       0       0       0       0       0       0       0       0       0       
      +0       0       0       0       0
  4865 ;;      Temps:          0       0       0       0       0       0       0       0       0       0       0       0       
      +0       0       0       0       0
  4866 ;;      Totals:         1       0       0       0       0       0       0       0       0       0       0       0       
      +0       0       0       0       0
  4867 ;;Total ram usage:        1 bytes
  4868 ;; Hardware stack levels used: 1
  4869 ;; This function calls:
  4870 ;;		_I2C1_EVENT_RESET
  4871 ;; This function is called by:
  4872 ;;		_I2C1_EventHandler
  4873 ;;		_I2C1_ErrorEventHandler
  4874 ;; This function uses a non-reentrant model
  4875 ;;
  4876                           
  4877                           	psect	text41
  4878   00179E                     __ptext41:
  4879                           	callstack 0
  4880   00179E                     _I2C1_EVENT_ERROR:
  4881                           	callstack 23
  4882   00179E                     
  4883                           ;mcc_generated_files/i2c_host/src/mssp.c: 351:     retEventState = I2C1_EVENT_RESET();
  4884   00179E  ECC5  F00B         	call	_I2C1_EVENT_RESET	;wreg free
  4885   0017A2  6E37               	movwf	I2C1_EVENT_ERROR@retEventState^0,c
  4886   0017A4                     
  4887                           ;mcc_generated_files/i2c_host/src/mssp.c: 352:     return retEventState;
  4888   0017A4  5037               	movf	I2C1_EVENT_ERROR@retEventState^0,w,c
  4889   0017A6  0012               	return		;funcret
  4890   0017A8                     __end_of_I2C1_EVENT_ERROR:
  4891                           	callstack 0
  4892                           
  4893 ;; *************** function _I2C1_EVENT_NACK *****************
  4894 ;; Defined at:
  4895 ;;		line 341 in file "mcc_generated_files/i2c_host/src/mssp.c"
  4896 ;; Parameters:    Size  Location     Type
  4897 ;;		None
  4898 ;; Auto vars:     Size  Location     Type
  4899 ;;  retEventStat    1    0[COMRAM] enum E2864
  4900 ;; Return value:  Size  Location     Type
  4901 ;;                  1    wreg      enum E2864
  4902 ;; Registers used:
  4903 ;;		wreg, status,2, cstack
  4904 ;; Tracked objects:
  4905 ;;		On entry : 0/0
  4906 ;;		On exit  : 0/0
  4907 ;;		Unchanged: 0/0
  4908 ;; Data sizes:     COMRAM   BANK0   BANK1   BANK2   BANK3   BANK4   BANK5   BANK6   BANK7   BANK8   BANK9  BANK10  BANK1
      +1  BANK12  BANK13  BANK14  BANK15
  4909 ;;      Params:         0       0       0       0       0       0       0       0       0       0       0       0       
      +0       0       0       0       0
  4910 ;;      Locals:         1       0       0       0       0       0       0       0       0       0       0       0       
      +0       0       0       0       0
  4911 ;;      Temps:          0       0       0       0       0       0       0       0       0       0       0       0       
      +0       0       0       0       0
  4912 ;;      Totals:         1       0       0       0       0       0       0       0       0       0       0       0       
      +0       0       0       0       0
  4913 ;;Total ram usage:        1 bytes
  4914 ;; Hardware stack levels used: 1
  4915 ;; This function calls:
  4916 ;;		_I2C1_EVENT_STOP
  4917 ;; This function is called by:
  4918 ;;		_I2C1_EventHandler
  4919 ;;		_I2C1_ErrorEventHandler
  4920 ;; This function uses a non-reentrant model
  4921 ;;
  4922                           
  4923                           	psect	text42
  4924   0017A8                     __ptext42:
  4925                           	callstack 0
  4926   0017A8                     _I2C1_EVENT_NACK:
  4927                           	callstack 23
  4928   0017A8                     
  4929                           ;mcc_generated_files/i2c_host/src/mssp.c: 344:     retEventState = I2C1_EVENT_STOP();
  4930   0017A8  ECCA  F00B         	call	_I2C1_EVENT_STOP	;wreg free
  4931   0017AC  6E37               	movwf	I2C1_EVENT_NACK@retEventState^0,c
  4932   0017AE                     
  4933                           ;mcc_generated_files/i2c_host/src/mssp.c: 345:     return retEventState;
  4934   0017AE  5037               	movf	I2C1_EVENT_NACK@retEventState^0,w,c
  4935   0017B0  0012               	return		;funcret
  4936   0017B2                     __end_of_I2C1_EVENT_NACK:
  4937                           	callstack 0
  4938                           
  4939 ;; *************** function _I2C1_EVENT_RX *****************
  4940 ;; Defined at:
  4941 ;;		line 306 in file "mcc_generated_files/i2c_host/src/mssp.c"
  4942 ;; Parameters:    Size  Location     Type
  4943 ;;		None
  4944 ;; Auto vars:     Size  Location     Type
  4945 ;;  retEventStat    1    0[COMRAM] enum E2864
  4946 ;; Return value:  Size  Location     Type
  4947 ;;                  1    wreg      enum E2864
  4948 ;; Registers used:
  4949 ;;		wreg, fsr2l, fsr2h, status,2, status,0
  4950 ;; Tracked objects:
  4951 ;;		On entry : 0/0
  4952 ;;		On exit  : 0/0
  4953 ;;		Unchanged: 0/0
  4954 ;; Data sizes:     COMRAM   BANK0   BANK1   BANK2   BANK3   BANK4   BANK5   BANK6   BANK7   BANK8   BANK9  BANK10  BANK1
      +1  BANK12  BANK13  BANK14  BANK15
  4955 ;;      Params:         0       0       0       0       0       0       0       0       0       0       0       0       
      +0       0       0       0       0
  4956 ;;      Locals:         1       0       0       0       0       0       0       0       0       0       0       0       
      +0       0       0       0       0
  4957 ;;      Temps:          0       0       0       0       0       0       0       0       0       0       0       0       
      +0       0       0       0       0
  4958 ;;      Totals:         1       0       0       0       0       0       0       0       0       0       0       0       
      +0       0       0       0       0
  4959 ;;Total ram usage:        1 bytes
  4960 ;; Hardware stack levels used: 1
  4961 ;; This function calls:
  4962 ;;		Nothing
  4963 ;; This function is called by:
  4964 ;;		_I2C1_EventHandler
  4965 ;;		_I2C1_ErrorEventHandler
  4966 ;; This function uses a non-reentrant model
  4967 ;;
  4968                           
  4969                           	psect	text43
  4970   00121E                     __ptext43:
  4971                           	callstack 0
  4972   00121E                     _I2C1_EVENT_RX:
  4973                           	callstack 23
  4974   00121E                     
  4975                           ;mcc_generated_files/i2c_host/src/mssp.c: 308:     i2c_host_event_states_t retEventState
      +                           = I2C_STATE_RX;
  4976   00121E  0E04               	movlw	4
  4977   001220  6E37               	movwf	I2C1_EVENT_RX@retEventState^0,c
  4978   001222                     
  4979                           ;mcc_generated_files/i2c_host/src/mssp.c: 310:     if (1U == SSPSTATbits.BF)
  4980   001222  A0C7               	btfss	199,0,c	;volatile
  4981   001224  EF16  F009         	goto	i2u6_41
  4982   001228  EF18  F009         	goto	i2u6_40
  4983   00122C                     i2u6_41:
  4984   00122C  EF3E  F009         	goto	i2l273
  4985   001230                     i2u6_40:
  4986   001230                     
  4987                           ;mcc_generated_files/i2c_host/src/mssp.c: 311:     {;mcc_generated_files/i2c_host/src/ms
      +                          sp.c: 312:         if (i2c1Status.readLength > 0U)
  4988   001230  5009               	movf	(_i2c1Status+7)^0,w,c	;volatile
  4989   001232  100A               	iorwf	(_i2c1Status+8)^0,w,c	;volatile
  4990   001234  B4D8               	btfsc	status,2,c
  4991   001236  EF1F  F009         	goto	i2u7_41
  4992   00123A  EF21  F009         	goto	i2u7_40
  4993   00123E                     i2u7_41:
  4994   00123E  EF2A  F009         	goto	i2l1613
  4995   001242                     i2u7_40:
  4996   001242                     
  4997                           ;mcc_generated_files/i2c_host/src/mssp.c: 313:         {;mcc_generated_files/i2c_host/sr
      +                          c/mssp.c: 314:             *i2c1Status.readPtr = SSPBUF;
  4998   001242  5008               	movf	(_i2c1Status+6)^0,w,c	;volatile
  4999   001244  6ED9               	movwf	fsr2l,c
  5000   001246  6ADA               	clrf	fsr2h,c
  5001   001248  CFC9 FFDF          	movff	4041,indf2	;volatile
  5002   00124C                     
  5003                           ;mcc_generated_files/i2c_host/src/mssp.c: 315:             i2c1Status.readPtr++;
  5004   00124C  2A08               	incf	(_i2c1Status+6)^0,f,c	;volatile
  5005   00124E                     
  5006                           ;mcc_generated_files/i2c_host/src/mssp.c: 316:             i2c1Status.readLength--;
  5007   00124E  0609               	decf	(_i2c1Status+7)^0,f,c	;volatile
  5008   001250  A0D8               	btfss	status,0,c
  5009   001252  060A               	decf	(_i2c1Status+8)^0,f,c	;volatile
  5010   001254                     i2l1613:
  5011                           
  5012                           ;mcc_generated_files/i2c_host/src/mssp.c: 320:         if (i2c1Status.readLength > 0U)
  5013   001254  5009               	movf	(_i2c1Status+7)^0,w,c	;volatile
  5014   001256  100A               	iorwf	(_i2c1Status+8)^0,w,c	;volatile
  5015   001258  B4D8               	btfsc	status,2,c
  5016   00125A  EF31  F009         	goto	i2u8_41
  5017   00125E  EF33  F009         	goto	i2u8_40
  5018   001262                     i2u8_41:
  5019   001262  EF37  F009         	goto	i2l275
  5020   001266                     i2u8_40:
  5021   001266                     
  5022                           ;mcc_generated_files/i2c_host/src/mssp.c: 321:         {;mcc_generated_files/i2c_host/sr
      +                          c/mssp.c: 322:             SSPCON2bits.ACKDT = 0;
  5023   001266  9AC5               	bcf	197,5,c	;volatile
  5024                           
  5025                           ;mcc_generated_files/i2c_host/src/mssp.c: 323:             SSPCON2bits.ACKEN = 1;
  5026   001268  88C5               	bsf	197,4,c	;volatile
  5027                           
  5028                           ;mcc_generated_files/i2c_host/src/mssp.c: 324:         }
  5029   00126A  EF3F  F009         	goto	i2l1619
  5030   00126E                     i2l275:
  5031                           
  5032                           ;mcc_generated_files/i2c_host/src/mssp.c: 326:         {;mcc_generated_files/i2c_host/sr
      +                          c/mssp.c: 327:             SSPCON2bits.RSEN = 0;
  5033   00126E  92C5               	bcf	197,1,c	;volatile
  5034                           
  5035                           ;mcc_generated_files/i2c_host/src/mssp.c: 328:             SSPCON2bits.ACKDT = 1;
  5036   001270  8AC5               	bsf	197,5,c	;volatile
  5037                           
  5038                           ;mcc_generated_files/i2c_host/src/mssp.c: 329:             SSPCON2bits.ACKEN = 1;
  5039   001272  88C5               	bsf	197,4,c	;volatile
  5040   001274                     
  5041                           ;mcc_generated_files/i2c_host/src/mssp.c: 330:             retEventState = I2C_STATE_STO
      +                          P;
  5042   001274  0E07               	movlw	7
  5043   001276  6E37               	movwf	I2C1_EVENT_RX@retEventState^0,c
  5044   001278  EF3F  F009         	goto	i2l1619
  5045   00127C                     i2l273:
  5046                           
  5047                           ;mcc_generated_files/i2c_host/src/mssp.c: 335:     {;mcc_generated_files/i2c_host/src/ms
      +                          sp.c: 336:         SSPCON2bits.RCEN = 1;
  5048   00127C  86C5               	bsf	197,3,c	;volatile
  5049   00127E                     i2l1619:
  5050                           
  5051                           ;mcc_generated_files/i2c_host/src/mssp.c: 338:     return retEventState;
  5052   00127E  5037               	movf	I2C1_EVENT_RX@retEventState^0,w,c
  5053   001280  0012               	return		;funcret
  5054   001282                     __end_of_I2C1_EVENT_RX:
  5055                           	callstack 0
  5056                           
  5057 ;; *************** function _I2C1_EVENT_SEND_WR_ADDR *****************
  5058 ;; Defined at:
  5059 ;;		line 273 in file "mcc_generated_files/i2c_host/src/mssp.c"
  5060 ;; Parameters:    Size  Location     Type
  5061 ;;		None
  5062 ;; Auto vars:     Size  Location     Type
  5063 ;;		None
  5064 ;; Return value:  Size  Location     Type
  5065 ;;                  1    wreg      enum E2864
  5066 ;; Registers used:
  5067 ;;		wreg
  5068 ;; Tracked objects:
  5069 ;;		On entry : 0/0
  5070 ;;		On exit  : 0/0
  5071 ;;		Unchanged: 0/0
  5072 ;; Data sizes:     COMRAM   BANK0   BANK1   BANK2   BANK3   BANK4   BANK5   BANK6   BANK7   BANK8   BANK9  BANK10  BANK1
      +1  BANK12  BANK13  BANK14  BANK15
  5073 ;;      Params:         0       0       0       0       0       0       0       0       0       0       0       0       
      +0       0       0       0       0
  5074 ;;      Locals:         0       0       0       0       0       0       0       0       0       0       0       0       
      +0       0       0       0       0
  5075 ;;      Temps:          0       0       0       0       0       0       0       0       0       0       0       0       
      +0       0       0       0       0
  5076 ;;      Totals:         0       0       0       0       0       0       0       0       0       0       0       0       
      +0       0       0       0       0
  5077 ;;Total ram usage:        0 bytes
  5078 ;; Hardware stack levels used: 1
  5079 ;; This function calls:
  5080 ;;		Nothing
  5081 ;; This function is called by:
  5082 ;;		_I2C1_EventHandler
  5083 ;;		_I2C1_ErrorEventHandler
  5084 ;; This function uses a non-reentrant model
  5085 ;;
  5086                           
  5087                           	psect	text44
  5088   0017DC                     __ptext44:
  5089                           	callstack 0
  5090   0017DC                     _I2C1_EVENT_SEND_WR_ADDR:
  5091                           	callstack 23
  5092   0017DC                     
  5093                           ;mcc_generated_files/i2c_host/src/mssp.c: 275:     SSPBUF = ((uint8_t) (i2c1Status.addre
      +                          ss));
  5094   0017DC  C003  FFC9         	movff	_i2c1Status+1,4041	;volatile
  5095   0017E0                     
  5096                           ;mcc_generated_files/i2c_host/src/mssp.c: 276:     return I2C_STATE_TX;
  5097   0017E0  0E03               	movlw	3
  5098   0017E2  0012               	return		;funcret
  5099   0017E4                     __end_of_I2C1_EVENT_SEND_WR_ADDR:
  5100                           	callstack 0
  5101                           
  5102 ;; *************** function _I2C1_EVENT_SEND_RD_ADDR *****************
  5103 ;; Defined at:
  5104 ;;		line 267 in file "mcc_generated_files/i2c_host/src/mssp.c"
  5105 ;; Parameters:    Size  Location     Type
  5106 ;;		None
  5107 ;; Auto vars:     Size  Location     Type
  5108 ;;		None
  5109 ;; Return value:  Size  Location     Type
  5110 ;;                  1    wreg      enum E2864
  5111 ;; Registers used:
  5112 ;;		wreg, status,2, status,0
  5113 ;; Tracked objects:
  5114 ;;		On entry : 0/0
  5115 ;;		On exit  : 0/0
  5116 ;;		Unchanged: 0/0
  5117 ;; Data sizes:     COMRAM   BANK0   BANK1   BANK2   BANK3   BANK4   BANK5   BANK6   BANK7   BANK8   BANK9  BANK10  BANK1
      +1  BANK12  BANK13  BANK14  BANK15
  5118 ;;      Params:         0       0       0       0       0       0       0       0       0       0       0       0       
      +0       0       0       0       0
  5119 ;;      Locals:         0       0       0       0       0       0       0       0       0       0       0       0       
      +0       0       0       0       0
  5120 ;;      Temps:          0       0       0       0       0       0       0       0       0       0       0       0       
      +0       0       0       0       0
  5121 ;;      Totals:         0       0       0       0       0       0       0       0       0       0       0       0       
      +0       0       0       0       0
  5122 ;;Total ram usage:        0 bytes
  5123 ;; Hardware stack levels used: 1
  5124 ;; This function calls:
  5125 ;;		Nothing
  5126 ;; This function is called by:
  5127 ;;		_I2C1_EventHandler
  5128 ;;		_I2C1_ErrorEventHandler
  5129 ;; This function uses a non-reentrant model
  5130 ;;
  5131                           
  5132                           	psect	text45
  5133   0017B2                     __ptext45:
  5134                           	callstack 0
  5135   0017B2                     _I2C1_EVENT_SEND_RD_ADDR:
  5136                           	callstack 23
  5137   0017B2                     
  5138                           ;mcc_generated_files/i2c_host/src/mssp.c: 269:     SSPBUF = ((uint8_t) ((i2c1Status.addr
      +                          ess) | 1U));
  5139   0017B2  5003               	movf	(_i2c1Status+1)^0,w,c	;volatile
  5140   0017B4  0901               	iorlw	1
  5141   0017B6  6EC9               	movwf	201,c	;volatile
  5142   0017B8                     
  5143                           ;mcc_generated_files/i2c_host/src/mssp.c: 270:     return I2C_STATE_RX;
  5144   0017B8  0E04               	movlw	4
  5145   0017BA  0012               	return		;funcret
  5146   0017BC                     __end_of_I2C1_EVENT_SEND_RD_ADDR:
  5147                           	callstack 0
  5148                           
  5149 ;; *************** function _I2C1_EVENT_IDLE *****************
  5150 ;; Defined at:
  5151 ;;		line 261 in file "mcc_generated_files/i2c_host/src/mssp.c"
  5152 ;; Parameters:    Size  Location     Type
  5153 ;;		None
  5154 ;; Auto vars:     Size  Location     Type
  5155 ;;		None
  5156 ;; Return value:  Size  Location     Type
  5157 ;;                  1    wreg      enum E2864
  5158 ;; Registers used:
  5159 ;;		wreg
  5160 ;; Tracked objects:
  5161 ;;		On entry : 0/0
  5162 ;;		On exit  : 0/0
  5163 ;;		Unchanged: 0/0
  5164 ;; Data sizes:     COMRAM   BANK0   BANK1   BANK2   BANK3   BANK4   BANK5   BANK6   BANK7   BANK8   BANK9  BANK10  BANK1
      +1  BANK12  BANK13  BANK14  BANK15
  5165 ;;      Params:         0       0       0       0       0       0       0       0       0       0       0       0       
      +0       0       0       0       0
  5166 ;;      Locals:         0       0       0       0       0       0       0       0       0       0       0       0       
      +0       0       0       0       0
  5167 ;;      Temps:          0       0       0       0       0       0       0       0       0       0       0       0       
      +0       0       0       0       0
  5168 ;;      Totals:         0       0       0       0       0       0       0       0       0       0       0       0       
      +0       0       0       0       0
  5169 ;;Total ram usage:        0 bytes
  5170 ;; Hardware stack levels used: 1
  5171 ;; This function calls:
  5172 ;;		Nothing
  5173 ;; This function is called by:
  5174 ;;		_I2C1_EventHandler
  5175 ;;		_I2C1_ErrorEventHandler
  5176 ;; This function uses a non-reentrant model
  5177 ;;
  5178                           
  5179                           	psect	text46
  5180   0017F6                     __ptext46:
  5181                           	callstack 0
  5182   0017F6                     _I2C1_EVENT_IDLE:
  5183                           	callstack 23
  5184   0017F6                     
  5185                           ;mcc_generated_files/i2c_host/src/mssp.c: 263:     i2c1Status.busy = 0;
  5186   0017F6  6A02               	clrf	_i2c1Status^0,c	;volatile
  5187   0017F8                     
  5188                           ;mcc_generated_files/i2c_host/src/mssp.c: 264:     return I2C_STATE_RESET;
  5189   0017F8  0E08               	movlw	8
  5190   0017FA  0012               	return		;funcret
  5191   0017FC                     __end_of_I2C1_EVENT_IDLE:
  5192                           	callstack 0
  5193                           
  5194 ;; *************** function _I2C1_EVENT_TX *****************
  5195 ;; Defined at:
  5196 ;;		line 279 in file "mcc_generated_files/i2c_host/src/mssp.c"
  5197 ;; Parameters:    Size  Location     Type
  5198 ;;		None
  5199 ;; Auto vars:     Size  Location     Type
  5200 ;;  retEventStat    1    0[COMRAM] enum E2864
  5201 ;; Return value:  Size  Location     Type
  5202 ;;                  1    wreg      enum E2864
  5203 ;; Registers used:
  5204 ;;		wreg, fsr2l, fsr2h, status,2, status,0, cstack
  5205 ;; Tracked objects:
  5206 ;;		On entry : 0/0
  5207 ;;		On exit  : 0/0
  5208 ;;		Unchanged: 0/0
  5209 ;; Data sizes:     COMRAM   BANK0   BANK1   BANK2   BANK3   BANK4   BANK5   BANK6   BANK7   BANK8   BANK9  BANK10  BANK1
      +1  BANK12  BANK13  BANK14  BANK15
  5210 ;;      Params:         0       0       0       0       0       0       0       0       0       0       0       0       
      +0       0       0       0       0
  5211 ;;      Locals:         1       0       0       0       0       0       0       0       0       0       0       0       
      +0       0       0       0       0
  5212 ;;      Temps:          0       0       0       0       0       0       0       0       0       0       0       0       
      +0       0       0       0       0
  5213 ;;      Totals:         1       0       0       0       0       0       0       0       0       0       0       0       
      +0       0       0       0       0
  5214 ;;Total ram usage:        1 bytes
  5215 ;; Hardware stack levels used: 1
  5216 ;; This function calls:
  5217 ;;		_I2C1_EVENT_STOP
  5218 ;; This function is called by:
  5219 ;;		_I2C1_EventHandler
  5220 ;;		_I2C1_ErrorEventHandler
  5221 ;; This function uses a non-reentrant model
  5222 ;;
  5223                           
  5224                           	psect	text47
  5225   0012DA                     __ptext47:
  5226                           	callstack 0
  5227   0012DA                     _I2C1_EVENT_TX:
  5228                           	callstack 23
  5229   0012DA                     
  5230                           ;mcc_generated_files/i2c_host/src/mssp.c: 282:     if (0U != i2c1Status.writeLength)
  5231   0012DA  5006               	movf	(_i2c1Status+4)^0,w,c	;volatile
  5232   0012DC  1007               	iorwf	(_i2c1Status+5)^0,w,c	;volatile
  5233   0012DE  B4D8               	btfsc	status,2,c
  5234   0012E0  EF74  F009         	goto	i2u4_41
  5235   0012E4  EF76  F009         	goto	i2u4_40
  5236   0012E8                     i2u4_41:
  5237   0012E8  EF83  F009         	goto	i2l1589
  5238   0012EC                     i2u4_40:
  5239   0012EC                     
  5240                           ;mcc_generated_files/i2c_host/src/mssp.c: 283:     {;mcc_generated_files/i2c_host/src/ms
      +                          sp.c: 284:         i2c1Status.writeLength--;
  5241   0012EC  0606               	decf	(_i2c1Status+4)^0,f,c	;volatile
  5242   0012EE  A0D8               	btfss	status,0,c
  5243   0012F0  0607               	decf	(_i2c1Status+5)^0,f,c	;volatile
  5244   0012F2                     
  5245                           ;mcc_generated_files/i2c_host/src/mssp.c: 285:         SSPBUF = *i2c1Status.writePtr;
  5246   0012F2  5005               	movf	(_i2c1Status+3)^0,w,c	;volatile
  5247   0012F4  6ED9               	movwf	fsr2l,c
  5248   0012F6  6ADA               	clrf	fsr2h,c
  5249   0012F8  50DF               	movf	indf2,w,c
  5250   0012FA  6EC9               	movwf	201,c	;volatile
  5251   0012FC                     
  5252                           ;mcc_generated_files/i2c_host/src/mssp.c: 286:         i2c1Status.writePtr++;
  5253   0012FC  2A05               	incf	(_i2c1Status+3)^0,f,c	;volatile
  5254   0012FE                     
  5255                           ;mcc_generated_files/i2c_host/src/mssp.c: 287:         retEventState = I2C_STATE_TX;
  5256   0012FE  0E03               	movlw	3
  5257   001300  6E37               	movwf	I2C1_EVENT_TX@retEventState^0,c
  5258                           
  5259                           ;mcc_generated_files/i2c_host/src/mssp.c: 288:     }
  5260   001302  EF94  F009         	goto	i2l1597
  5261   001306                     i2l1589:
  5262                           
  5263                           ;mcc_generated_files/i2c_host/src/mssp.c: 290:     {;mcc_generated_files/i2c_host/src/ms
      +                          sp.c: 291:         if (0U != i2c1Status.switchToRead)
  5264   001306  500B               	movf	(_i2c1Status+9)^0,w,c	;volatile
  5265   001308  B4D8               	btfsc	status,2,c
  5266   00130A  EF89  F009         	goto	i2u5_41
  5267   00130E  EF8B  F009         	goto	i2u5_40
  5268   001312                     i2u5_41:
  5269   001312  EF91  F009         	goto	i2l1595
  5270   001316                     i2u5_40:
  5271   001316                     
  5272                           ;mcc_generated_files/i2c_host/src/mssp.c: 292:         {;mcc_generated_files/i2c_host/sr
      +                          c/mssp.c: 293:             i2c1Status.switchToRead = 0;
  5273   001316  6A0B               	clrf	(_i2c1Status+9)^0,c	;volatile
  5274                           
  5275                           ;mcc_generated_files/i2c_host/src/mssp.c: 294:             SSPCON2bits.RSEN = 1;
  5276   001318  82C5               	bsf	197,1,c	;volatile
  5277   00131A                     
  5278                           ;mcc_generated_files/i2c_host/src/mssp.c: 295:             retEventState = I2C_STATE_SEN
      +                          D_RD_ADDR;
  5279   00131A  0E01               	movlw	1
  5280   00131C  6E37               	movwf	I2C1_EVENT_TX@retEventState^0,c
  5281                           
  5282                           ;mcc_generated_files/i2c_host/src/mssp.c: 296:         }
  5283   00131E  EF94  F009         	goto	i2l1597
  5284   001322                     i2l1595:
  5285                           
  5286                           ;mcc_generated_files/i2c_host/src/mssp.c: 298:         {;mcc_generated_files/i2c_host/sr
      +                          c/mssp.c: 299:             retEventState = I2C1_EVENT_STOP();
  5287   001322  ECCA  F00B         	call	_I2C1_EVENT_STOP	;wreg free
  5288   001326  6E37               	movwf	I2C1_EVENT_TX@retEventState^0,c
  5289   001328                     i2l1597:
  5290                           
  5291                           ;mcc_generated_files/i2c_host/src/mssp.c: 303:     return retEventState;
  5292   001328  5037               	movf	I2C1_EVENT_TX@retEventState^0,w,c
  5293   00132A  0012               	return		;funcret
  5294   00132C                     __end_of_I2C1_EVENT_TX:
  5295                           	callstack 0
  5296                           
  5297 ;; *************** function _I2C1_Close *****************
  5298 ;; Defined at:
  5299 ;;		line 211 in file "mcc_generated_files/i2c_host/src/mssp.c"
  5300 ;; Parameters:    Size  Location     Type
  5301 ;;		None
  5302 ;; Auto vars:     Size  Location     Type
  5303 ;;		None
  5304 ;; Return value:  Size  Location     Type
  5305 ;;                  1    wreg      void 
  5306 ;; Registers used:
  5307 ;;		wreg, status,2
  5308 ;; Tracked objects:
  5309 ;;		On entry : 0/0
  5310 ;;		On exit  : 0/0
  5311 ;;		Unchanged: 0/0
  5312 ;; Data sizes:     COMRAM   BANK0   BANK1   BANK2   BANK3   BANK4   BANK5   BANK6   BANK7   BANK8   BANK9  BANK10  BANK1
      +1  BANK12  BANK13  BANK14  BANK15
  5313 ;;      Params:         0       0       0       0       0       0       0       0       0       0       0       0       
      +0       0       0       0       0
  5314 ;;      Locals:         0       0       0       0       0       0       0       0       0       0       0       0       
      +0       0       0       0       0
  5315 ;;      Temps:          0       0       0       0       0       0       0       0       0       0       0       0       
      +0       0       0       0       0
  5316 ;;      Totals:         0       0       0       0       0       0       0       0       0       0       0       0       
      +0       0       0       0       0
  5317 ;;Total ram usage:        0 bytes
  5318 ;; Hardware stack levels used: 1
  5319 ;; This function calls:
  5320 ;;		Nothing
  5321 ;; This function is called by:
  5322 ;;		_I2C1_EventHandler
  5323 ;;		_I2C1_EVENT_STOP
  5324 ;; This function uses a non-reentrant model
  5325 ;;
  5326                           
  5327                           	psect	text48
  5328   001734                     __ptext48:
  5329                           	callstack 0
  5330   001734                     _I2C1_Close:
  5331                           	callstack 21
  5332   001734                     
  5333                           ;mcc_generated_files/i2c_host/src/mssp.c: 213:     i2c1Status.busy = 0;
  5334   001734  6A02               	clrf	_i2c1Status^0,c	;volatile
  5335   001736                     
  5336                           ;mcc_generated_files/i2c_host/src/mssp.c: 214:     i2c1Status.address = 0xFF;
  5337   001736  0E00               	movlw	0
  5338   001738  6E04               	movwf	(_i2c1Status+2)^0,c	;volatile
  5339   00173A  6803               	setf	(_i2c1Status+1)^0,c	;volatile
  5340   00173C                     
  5341                           ;mcc_generated_files/i2c_host/src/mssp.c: 215:     i2c1Status.writePtr = ((void*)0);
  5342   00173C  6A05               	clrf	(_i2c1Status+3)^0,c	;volatile
  5343   00173E                     
  5344                           ;mcc_generated_files/i2c_host/src/mssp.c: 216:     i2c1Status.readPtr = ((void*)0);
  5345   00173E  6A08               	clrf	(_i2c1Status+6)^0,c	;volatile
  5346   001740                     
  5347                           ;mcc_generated_files/i2c_host/src/mssp.c: 217:     i2c1Status.state = I2C_STATE_IDLE;
  5348   001740  6A0D               	clrf	(_i2c1Status+11)^0,c	;volatile
  5349   001742                     
  5350                           ;mcc_generated_files/i2c_host/src/mssp.c: 218:     PIR1bits.SSPIF = 0;
  5351   001742  969E               	bcf	158,3,c	;volatile
  5352   001744                     
  5353                           ;mcc_generated_files/i2c_host/src/mssp.c: 219:     PIR2bits.BCLIF = 0;
  5354   001744  96A1               	bcf	161,3,c	;volatile
  5355   001746                     
  5356                           ;mcc_generated_files/i2c_host/src/mssp.c: 220:     SSPCON1bits.WCOL = 0;
  5357   001746  9EC6               	bcf	198,7,c	;volatile
  5358   001748                     
  5359                           ;mcc_generated_files/i2c_host/src/mssp.c: 221:     SSPCON1bits.SSPOV = 0;
  5360   001748  9CC6               	bcf	198,6,c	;volatile
  5361   00174A  0012               	return		;funcret
  5362   00174C                     __end_of_I2C1_Close:
  5363                           	callstack 0
  5364                           
  5365                           	psect	rparam
  5366   000001                     ___rparam_used  equ	1
  5367   000000                     ___param_bank   equ	0
  5368   000000                     __Lparam        equ	__Lrparam
  5369   000000                     __Hparam        equ	__Hrparam
  5370   000001                     btemp           set	1	;btemp
  5371   000001                     int$flags       set	1
  5372   000001                     btemp0          set	1
  5373   000002                     btemp1          set	2
  5374                           
  5375                           	psect	config
  5376                           
  5377                           ; Padding undefined space
  5378   300000                     	org	3145728
  5379   300000  FF                 	db	255
  5380                           
  5381                           ;Config register CONFIG1H @ 0x300001
  5382                           ;	Oscillator Selection bits
  5383                           ;	FOSC = INTIO67, Internal oscillator block, port function on RA6 and RA7
  5384                           ;	Fail-Safe Clock Monitor Enable bit
  5385                           ;	FCMEN = OFF, Fail-Safe Clock Monitor disabled
  5386                           ;	Internal/External Oscillator Switchover bit
  5387                           ;	IESO = OFF, Oscillator Switchover mode disabled
  5388   300001                     	org	3145729
  5389   300001  08                 	db	8
  5390                           
  5391                           ;Config register CONFIG2L @ 0x300002
  5392                           ;	Power-up Timer Enable bit
  5393                           ;	PWRTEN = OFF, PWRT disabled
  5394                           ;	Brown-out Reset Enable bits
  5395                           ;	BOREN = SBORDIS, Brown-out Reset enabled in hardware only (SBOREN is disabled)
  5396                           ;	Brown Out Reset Voltage bits
  5397                           ;	BORV = 18, VBOR set to 1.8 V nominal
  5398   300002                     	org	3145730
  5399   300002  1F                 	db	31
  5400                           
  5401                           ;Config register CONFIG2H @ 0x300003
  5402                           ;	Watchdog Timer Enable bit
  5403                           ;	WDTEN = OFF, WDT is controlled by SWDTEN bit of the WDTCON register
  5404                           ;	Watchdog Timer Postscale Select bits
  5405                           ;	WDTPS = 32768, 1:32768
  5406   300003                     	org	3145731
  5407   300003  1E                 	db	30
  5408                           
  5409                           ; Padding undefined space
  5410   300004                     	org	3145732
  5411   300004  FF                 	db	255
  5412                           
  5413                           ;Config register CONFIG3H @ 0x300005
  5414                           ;	CCP2 MUX bit
  5415                           ;	CCP2MX = PORTC, CCP2 input/output is multiplexed with RC1
  5416                           ;	PORTB A/D Enable bit
  5417                           ;	PBADEN = ON, PORTB<4:0> pins are configured as analog input channels on Reset
  5418                           ;	Low-Power Timer1 Oscillator Enable bit
  5419                           ;	LPT1OSC = OFF, Timer1 configured for higher power operation
  5420                           ;	HFINTOSC Fast Start-up
  5421                           ;	HFOFST = ON, HFINTOSC starts clocking the CPU without waiting for the oscillator to st
      +                          ablize.
  5422                           ;	MCLR Pin Enable bit
  5423                           ;	MCLRE = ON, MCLR pin enabled; RE3 input pin disabled
  5424   300005                     	org	3145733
  5425   300005  8B                 	db	139
  5426                           
  5427                           ;Config register CONFIG4L @ 0x300006
  5428                           ;	Stack Full/Underflow Reset Enable bit
  5429                           ;	STVREN = ON, Stack full/underflow will cause Reset
  5430                           ;	Single-Supply ICSP Enable bit
  5431                           ;	LVP = ON, Single-Supply ICSP enabled
  5432                           ;	Extended Instruction Set Enable bit
  5433                           ;	XINST = OFF, Instruction set extension and Indexed Addressing mode disabled (Legacy mo
      +                          de)
  5434                           ;	Background Debugger Enable bit
  5435                           ;	DEBUG = 0x1, unprogrammed default
  5436   300006                     	org	3145734
  5437   300006  85                 	db	133
  5438                           
  5439                           ; Padding undefined space
  5440   300007                     	org	3145735
  5441   300007  FF                 	db	255
  5442                           
  5443                           ;Config register CONFIG5L @ 0x300008
  5444                           ;	Code Protection Block 0
  5445                           ;	CP0 = OFF, Block 0 (000800-003FFFh) not code-protected
  5446                           ;	Code Protection Block 1
  5447                           ;	CP1 = OFF, Block 1 (004000-007FFFh) not code-protected
  5448                           ;	Code Protection Block 2
  5449                           ;	CP2 = OFF, Block 2 (008000-00BFFFh) not code-protected
  5450                           ;	Code Protection Block 3
  5451                           ;	CP3 = OFF, Block 3 (00C000-00FFFFh) not code-protected
  5452   300008                     	org	3145736
  5453   300008  0F                 	db	15
  5454                           
  5455                           ;Config register CONFIG5H @ 0x300009
  5456                           ;	Boot Block Code Protection bit
  5457                           ;	CPB = OFF, Boot block (000000-0007FFh) not code-protected
  5458                           ;	Data EEPROM Code Protection bit
  5459                           ;	CPD = OFF, Data EEPROM not code-protected
  5460   300009                     	org	3145737
  5461   300009  C0                 	db	192
  5462                           
  5463                           ;Config register CONFIG6L @ 0x30000A
  5464                           ;	Write Protection Block 0
  5465                           ;	WRT0 = OFF, Block 0 (000800-003FFFh) not write-protected
  5466                           ;	Write Protection Block 1
  5467                           ;	WRT1 = OFF, Block 1 (004000-007FFFh) not write-protected
  5468                           ;	Write Protection Block 2
  5469                           ;	WRT2 = OFF, Block 2 (008000-00BFFFh) not write-protected
  5470                           ;	Write Protection Block 3
  5471                           ;	WRT3 = OFF, Block 3 (00C000h-00FFFFh) not write-protected
  5472   30000A                     	org	3145738
  5473   30000A  0F                 	db	15
  5474                           
  5475                           ;Config register CONFIG6H @ 0x30000B
  5476                           ;	Configuration Register Write Protection bit
  5477                           ;	WRTC = OFF, Configuration registers (300000-3000FFh) not write-protected
  5478                           ;	Boot Block Write Protection bit
  5479                           ;	WRTB = OFF, Boot Block (000000-0007FFh) not write-protected
  5480                           ;	Data EEPROM Write Protection bit
  5481                           ;	WRTD = OFF, Data EEPROM not write-protected
  5482   30000B                     	org	3145739
  5483   30000B  E0                 	db	224
  5484                           
  5485                           ;Config register CONFIG7L @ 0x30000C
  5486                           ;	Table Read Protection Block 0
  5487                           ;	EBTR0 = OFF, Block 0 (000800-003FFFh) not protected from table reads executed in other
      +                           blocks
  5488                           ;	Table Read Protection Block 1
  5489                           ;	EBTR1 = OFF, Block 1 (004000-007FFFh) not protected from table reads executed in other
      +                           blocks
  5490                           ;	Table Read Protection Block 2
  5491                           ;	EBTR2 = OFF, Block 2 (008000-00BFFFh) not protected from table reads executed in other
      +                           blocks
  5492                           ;	Table Read Protection Block 3
  5493                           ;	EBTR3 = OFF, Block 3 (00C000-00FFFFh) not protected from table reads executed in other
      +                           blocks
  5494   30000C                     	org	3145740
  5495   30000C  0F                 	db	15
  5496                           
  5497                           ;Config register CONFIG7H @ 0x30000D
  5498                           ;	Boot Block Table Read Protection bit
  5499                           ;	EBTRB = OFF, Boot Block (000000-0007FFh) not protected from table reads executed in ot
      +                          her blocks
  5500   30000D                     	org	3145741
  5501   30000D  40                 	db	64
  5502                           tosu	equ	0xFFF
  5503                           tosh	equ	0xFFE
  5504                           tosl	equ	0xFFD
  5505                           stkptr	equ	0xFFC
  5506                           pclatu	equ	0xFFB
  5507                           pclath	equ	0xFFA
  5508                           pcl	equ	0xFF9
  5509                           tblptru	equ	0xFF8
  5510                           tblptrh	equ	0xFF7
  5511                           tblptrl	equ	0xFF6
  5512                           tablat	equ	0xFF5
  5513                           prodh	equ	0xFF4
  5514                           prodl	equ	0xFF3
  5515                           indf0	equ	0xFEF
  5516                           postinc0	equ	0xFEE
  5517                           postdec0	equ	0xFED
  5518                           preinc0	equ	0xFEC
  5519                           plusw0	equ	0xFEB
  5520                           fsr0h	equ	0xFEA
  5521                           fsr0l	equ	0xFE9
  5522                           wreg	equ	0xFE8
  5523                           indf1	equ	0xFE7
  5524                           postinc1	equ	0xFE6
  5525                           postdec1	equ	0xFE5
  5526                           preinc1	equ	0xFE4
  5527                           plusw1	equ	0xFE3
  5528                           fsr1h	equ	0xFE2
  5529                           fsr1l	equ	0xFE1
  5530                           bsr	equ	0xFE0
  5531                           indf2	equ	0xFDF
  5532                           postinc2	equ	0xFDE
  5533                           postdec2	equ	0xFDD
  5534                           preinc2	equ	0xFDC
  5535                           plusw2	equ	0xFDB
  5536                           fsr2h	equ	0xFDA
  5537                           fsr2l	equ	0xFD9
  5538                           status	equ	0xFD8

Data Sizes:
    Strings     7
    Constant    38
    Data        6
    BSS         68
    Persistent  0
    Stack       0

Auto Spaces:
    Space          Size  Autos    Used
    COMRAM           94     28      87
    BANK0           160      0      15
    BANK1           256      0       0
    BANK2           256      0       0
    BANK3           256      0       0
    BANK4           256      0       0
    BANK5           256      0       0
    BANK6           256      0       0
    BANK7           256      0       0
    BANK8           256      0       0
    BANK9           256      0       0
    BANK10          256      0       0
    BANK11          256      0       0
    BANK12          256      0       0
    BANK13          256      0       0
    BANK14          256      0       0
    BANK15           96      0       0

Pointer List with Targets:

    EUSART_FramingErrorCallbackRegister@callbackHandler	PTR FTN()void  size(2) Largest target is 1
		 -> EUSART_DefaultFramingErrorCallback(), 

    EUSART_FramingErrorHandler	PTR FTN()void  size(2) Largest target is 1
		 -> EUSART_DefaultFramingErrorCallback(), NULL(), 

    EUSART_LoggingDebugData_Send_String@String	PTR unsigned char  size(2) Largest target is 15
		 -> Real_Time_Clock_Frame(BANK0[15]), STR_1(CODE[7]), 

    EUSART_OverrunErrorCallbackRegister@callbackHandler	PTR FTN()void  size(2) Largest target is 1
		 -> EUSART_DefaultOverrunErrorCallback(), 

    EUSART_OverrunErrorHandler	PTR FTN()void  size(2) Largest target is 1
		 -> EUSART_DefaultOverrunErrorCallback(), NULL(), 

    I2C1_Callback	PTR FTN()void  size(2) Largest target is 1
		 -> NULL(), 

    i2c1_eventTable	const PTR FTN()enum E2864[9] size(2) Largest target is 1
		 -> I2C1_EVENT_ERROR(), I2C1_EVENT_IDLE(), I2C1_EVENT_NACK(), I2C1_EVENT_RESET(), 
		 -> I2C1_EVENT_RX(), I2C1_EVENT_SEND_RD_ADDR(), I2C1_EVENT_SEND_WR_ADDR(), I2C1_EVENT_STOP(), 
		 -> I2C1_EVENT_TX(), 

    I2C1_Host$CallbackRegister	PTR FTN(PTR FTN()void ,)void  size(2) Largest target is 1
		 -> I2C1_CallbackRegister(), 

    I2C1_Host$Deinitialize	PTR FTN()void  size(2) Largest target is 1
		 -> I2C1_Deinitialize(), 

    I2C1_Host$ErrorGet	PTR FTN()enum E2854 size(2) Largest target is 1
		 -> I2C1_ErrorGet(), 

    I2C1_Host$Initialize	PTR FTN()void  size(2) Largest target is 1
		 -> I2C1_Initialize(), 

    I2C1_Host$IsBusy	PTR FTN()_Bool  size(2) Largest target is 1
		 -> I2C1_IsBusy(), 

    I2C1_Host$Read	PTR FTN(unsigned short ,PTR unsigned char ,unsigned int ,)_Bool  size(2) Largest target is 1
		 -> I2C1_Read(), 

    I2C1_Host$Tasks	PTR FTN()void  size(2) Largest target is 1
		 -> NULL(), 

    I2C1_Host$TransferSetup	PTR FTN(PTR struct i2c_transfer_setup,unsigned long ,)_Bool  size(2) Largest target is 1
		 -> NULL(), 

    I2C1_Host$Write	PTR FTN(unsigned short ,PTR unsigned char ,unsigned int ,)_Bool  size(2) Largest target is 1
		 -> I2C1_Write(), 

    I2C1_Host$WriteRead	PTR FTN(unsigned short ,PTR unsigned char ,unsigned int ,PTR unsigned char ,unsigned int ,)_Bool  size(2) Largest target is 1
		 -> I2C1_WriteRead(), 

    I2C1_Read@data	PTR unsigned char  size(1) Largest target is 1
		 -> TEMP_SENSOR_TC74_READ_DATA@TEMP_value(COMRAM[1]), 

    I2C1_Write@data	PTR unsigned char  size(1) Largest target is 2
		 -> data_buffer(COMRAM[2]), EXT_EEPROM_24C02C_READ_BYTE@ee_address(COMRAM[1]), temp_sensor_data_buffer(COMRAM[2]), TEMP_SENSOR_TC74_READ_DATA@command(COMRAM[1]), 
		 -> TEMPERATURE_VALUE(COMRAM[1]), 

    I2C1_WriteRead@readData	PTR unsigned char  size(1) Largest target is 1
		 -> ret_day(COMRAM[1]), ret_hours(COMRAM[1]), ret_minutes(COMRAM[1]), ret_month(COMRAM[1]), 
		 -> ret_seconds(COMRAM[1]), ret_year(COMRAM[1]), 

    I2C1_WriteRead@writeData	PTR unsigned char  size(1) Largest target is 6
		 -> DS1307_Reg(COMRAM[6]), 

    i2c1Status$readPtr	PTR unsigned char  size(1) Largest target is 1
		 -> ret_day(COMRAM[1]), ret_hours(COMRAM[1]), ret_minutes(COMRAM[1]), ret_month(COMRAM[1]), 
		 -> ret_seconds(COMRAM[1]), ret_year(COMRAM[1]), TEMP_SENSOR_TC74_READ_DATA@TEMP_value(COMRAM[1]), NULL(NULL[0]), 

    i2c1Status$writePtr	PTR unsigned char  size(1) Largest target is 6
		 -> data_buffer(COMRAM[2]), DS1307_Reg(COMRAM[6]), EXT_EEPROM_24C02C_READ_BYTE@ee_address(COMRAM[1]), temp_sensor_data_buffer(COMRAM[2]), 
		 -> TEMP_SENSOR_TC74_READ_DATA@command(COMRAM[1]), TEMPERATURE_VALUE(COMRAM[1]), NULL(NULL[0]), 

    INT0_InterruptHandler	PTR FTN()void  size(2) Largest target is 1
		 -> INT0_DefaultInterruptHandler(), NULL(), 

    INT0_SetInterruptHandler@InterruptHandler	PTR FTN()void  size(2) Largest target is 1
		 -> INT0_DefaultInterruptHandler(), 

    INT1_InterruptHandler	PTR FTN()void  size(2) Largest target is 1
		 -> INT1_DefaultInterruptHandler(), NULL(), 

    INT1_SetInterruptHandler@InterruptHandler	PTR FTN()void  size(2) Largest target is 1
		 -> INT1_DefaultInterruptHandler(), 

    INT2_InterruptHandler	PTR FTN()void  size(2) Largest target is 1
		 -> INT2_DefaultInterruptHandler(), NULL(), 

    INT2_SetInterruptHandler@InterruptHandler	PTR FTN()void  size(2) Largest target is 1
		 -> INT2_DefaultInterruptHandler(), 

    NULL$0	PTR struct i2c_transfer_setup size(2) Largest target is 0

    NVM_Callback	PTR FTN()void  size(2) Largest target is 1
		 -> NULL(), 

    S144$2$1	PTR unsigned char  size(1) Largest target is 2
		 -> data_buffer(COMRAM[2]), EXT_EEPROM_24C02C_READ_BYTE@ee_address(COMRAM[1]), temp_sensor_data_buffer(COMRAM[2]), TEMP_SENSOR_TC74_READ_DATA@command(COMRAM[1]), 
		 -> TEMPERATURE_VALUE(COMRAM[1]), 

    S144$3$1	PTR unsigned char  size(1) Largest target is 1
		 -> TEMP_SENSOR_TC74_READ_DATA@TEMP_value(COMRAM[1]), 

    S144$4$1	PTR unsigned char  size(1) Largest target is 6
		 -> DS1307_Reg(COMRAM[6]), 

    S144$4$3	PTR unsigned char  size(1) Largest target is 1
		 -> ret_day(COMRAM[1]), ret_hours(COMRAM[1]), ret_minutes(COMRAM[1]), ret_month(COMRAM[1]), 
		 -> ret_seconds(COMRAM[1]), ret_year(COMRAM[1]), 

    S144$8$0	PTR FTN()void  size(2) Largest target is 0

    S144$CallbackRegister	PTR FTN(PTR FTN()void ,)void  size(2) Largest target is 1
		 -> I2C1_CallbackRegister(), 

    S144$Deinitialize	PTR FTN()void  size(2) Largest target is 1
		 -> I2C1_Deinitialize(), 

    S144$ErrorGet	PTR FTN()enum E2854 size(2) Largest target is 1
		 -> I2C1_ErrorGet(), 

    S144$Initialize	PTR FTN()void  size(2) Largest target is 1
		 -> I2C1_Initialize(), 

    S144$IsBusy	PTR FTN()_Bool  size(2) Largest target is 1
		 -> I2C1_IsBusy(), 

    S144$Read	PTR FTN(unsigned short ,PTR unsigned char ,unsigned int ,)_Bool  size(2) Largest target is 1
		 -> I2C1_Read(), 

    S144$Tasks	PTR FTN()void  size(2) Largest target is 1
		 -> NULL(), 

    S144$TransferSetup	PTR FTN(PTR struct i2c_transfer_setup,unsigned long ,)_Bool  size(2) Largest target is 1
		 -> NULL(), 

    S144$Write	PTR FTN(unsigned short ,PTR unsigned char ,unsigned int ,)_Bool  size(2) Largest target is 1
		 -> I2C1_Write(), 

    S144$WriteRead	PTR FTN(unsigned short ,PTR unsigned char ,unsigned int ,PTR unsigned char ,unsigned int ,)_Bool  size(2) Largest target is 1
		 -> I2C1_WriteRead(), 

    S220$readPtr	PTR unsigned char  size(1) Largest target is 1
		 -> ret_day(COMRAM[1]), ret_hours(COMRAM[1]), ret_minutes(COMRAM[1]), ret_month(COMRAM[1]), 
		 -> ret_seconds(COMRAM[1]), ret_year(COMRAM[1]), TEMP_SENSOR_TC74_READ_DATA@TEMP_value(COMRAM[1]), NULL(NULL[0]), 

    S220$writePtr	PTR unsigned char  size(1) Largest target is 6
		 -> data_buffer(COMRAM[2]), DS1307_Reg(COMRAM[6]), EXT_EEPROM_24C02C_READ_BYTE@ee_address(COMRAM[1]), temp_sensor_data_buffer(COMRAM[2]), 
		 -> TEMP_SENSOR_TC74_READ_DATA@command(COMRAM[1]), TEMPERATURE_VALUE(COMRAM[1]), NULL(NULL[0]), 


Critical Paths under _main in COMRAM

    _main->_RealTimeClock_DS1307_GET_DATE_TIME
    _TEMP_SENSOR_TC74_READ_DATA->_I2C1_Read
    _TEMP_SENSOR_TC74_READ_DATA->_I2C1_Write
    _INTERRUPT_Initialize->_INT0_SetInterruptHandler
    _INTERRUPT_Initialize->_INT1_SetInterruptHandler
    _INTERRUPT_Initialize->_INT2_SetInterruptHandler
    _EUSART_Initialize->_EUSART_FramingErrorCallbackRegister
    _EUSART_Initialize->_EUSART_OverrunErrorCallbackRegister
    _RealTimeClock_DS1307_GET_YEAR->_I2C1_WriteRead
    _RealTimeClock_DS1307_GET_SECONDS->_I2C1_WriteRead
    _RealTimeClock_DS1307_GET_MONTH->_I2C1_WriteRead
    _RealTimeClock_DS1307_GET_MINUTES->_I2C1_WriteRead
    _RealTimeClock_DS1307_GET_HOURS->_I2C1_WriteRead
    _RealTimeClock_DS1307_GET_DAY->_I2C1_WriteRead
    _PRINT_RealTimeClock_DATA->_EUSART_LoggingDebugData_Send_String
    _EUSART_LoggingDebugData_Send_String->_EUSART_IsTxReady
    _EUSART_LoggingDebugData_Send_String->_EUSART_Write
    _EXT_EEPROM_24C02C_WRITE_BYTE->_I2C1_Write

Critical Paths under _INTERRUPT_InterruptManager in COMRAM

    _I2C1_ISR->_I2C1_EventHandler
    _I2C1_EventHandler->_I2C1_EVENT_ERROR
    _I2C1_EventHandler->_I2C1_EVENT_NACK
    _I2C1_EventHandler->_I2C1_EVENT_RX
    _I2C1_EventHandler->_I2C1_EVENT_TX
    _I2C1_ERROR_ISR->_I2C1_ErrorEventHandler
    _I2C1_ErrorEventHandler->_I2C1_EVENT_ERROR
    _I2C1_ErrorEventHandler->_I2C1_EVENT_NACK
    _I2C1_ErrorEventHandler->_I2C1_EVENT_RX
    _I2C1_ErrorEventHandler->_I2C1_EVENT_TX

Critical Paths under _main in BANK0

    None.

Critical Paths under _INTERRUPT_InterruptManager in BANK0

    None.

Critical Paths under _main in BANK1

    None.

Critical Paths under _INTERRUPT_InterruptManager in BANK1

    None.

Critical Paths under _main in BANK2

    None.

Critical Paths under _INTERRUPT_InterruptManager in BANK2

    None.

Critical Paths under _main in BANK3

    None.

Critical Paths under _INTERRUPT_InterruptManager in BANK3

    None.

Critical Paths under _main in BANK4

    None.

Critical Paths under _INTERRUPT_InterruptManager in BANK4

    None.

Critical Paths under _main in BANK5

    None.

Critical Paths under _INTERRUPT_InterruptManager in BANK5

    None.

Critical Paths under _main in BANK6

    None.

Critical Paths under _INTERRUPT_InterruptManager in BANK6

    None.

Critical Paths under _main in BANK7

    None.

Critical Paths under _INTERRUPT_InterruptManager in BANK7

    None.

Critical Paths under _main in BANK8

    None.

Critical Paths under _INTERRUPT_InterruptManager in BANK8

    None.

Critical Paths under _main in BANK9

    None.

Critical Paths under _INTERRUPT_InterruptManager in BANK9

    None.

Critical Paths under _main in BANK10

    None.

Critical Paths under _INTERRUPT_InterruptManager in BANK10

    None.

Critical Paths under _main in BANK11

    None.

Critical Paths under _INTERRUPT_InterruptManager in BANK11

    None.

Critical Paths under _main in BANK12

    None.

Critical Paths under _INTERRUPT_InterruptManager in BANK12

    None.

Critical Paths under _main in BANK13

    None.

Critical Paths under _INTERRUPT_InterruptManager in BANK13

    None.

Critical Paths under _main in BANK14

    None.

Critical Paths under _INTERRUPT_InterruptManager in BANK14

    None.

Critical Paths under _main in BANK15

    None.

Critical Paths under _INTERRUPT_InterruptManager in BANK15

    None.

Call Graph Tables:

 ---------------------------------------------------------------------------------
 (Depth) Function   	        Calls       Base Space   Used Autos Params    Refs
 ---------------------------------------------------------------------------------
 (0) _main                                                 0     0      0    1748
       _EXT_EEPROM_24C02C_WRITE_BYTE
                        _I2C1_IsBusy
                         _I2C1_Write
           _PRINT_RealTimeClock_DATA
 _RealTimeClock_DS1307_GET_DATE_TIME
                  _SYSTEM_Initialize
         _TEMP_SENSOR_TC74_READ_DATA
 ---------------------------------------------------------------------------------
 (1) _TEMP_SENSOR_TC74_READ_DATA                           3     2      1     298
                                             19 COMRAM     3     2      1
                        _I2C1_IsBusy
                          _I2C1_Read
                         _I2C1_Write
 ---------------------------------------------------------------------------------
 (2) _I2C1_Read                                            6     1      5      80
                                             14 COMRAM     5     0      5
                        _I2C1_IsBusy
                     _I2C1_ReadStart
 ---------------------------------------------------------------------------------
 (3) _I2C1_ReadStart                                       0     0      0       0
 ---------------------------------------------------------------------------------
 (1) _SYSTEM_Initialize                                    0     0      0     159
                   _CLOCK_Initialize
                  _EUSART_Initialize
                    _I2C1_Initialize
               _INTERRUPT_Initialize
                     _NVM_Initialize
             _PIN_MANAGER_Initialize
 ---------------------------------------------------------------------------------
 (2) _PIN_MANAGER_Initialize                               0     0      0       0
 ---------------------------------------------------------------------------------
 (2) _NVM_Initialize                                       0     0      0       0
                    _NVM_StatusClear
 ---------------------------------------------------------------------------------
 (3) _NVM_StatusClear                                      0     0      0       0
 ---------------------------------------------------------------------------------
 (2) _INTERRUPT_Initialize                                 0     0      0      69
           _INT0_SetInterruptHandler
           _INT1_SetInterruptHandler
           _INT2_SetInterruptHandler
 ---------------------------------------------------------------------------------
 (3) _INT2_SetInterruptHandler                             2     0      2      23
                                             14 COMRAM     2     0      2
 ---------------------------------------------------------------------------------
 (3) _INT1_SetInterruptHandler                             2     0      2      23
                                             14 COMRAM     2     0      2
 ---------------------------------------------------------------------------------
 (3) _INT0_SetInterruptHandler                             2     0      2      23
                                             14 COMRAM     2     0      2
 ---------------------------------------------------------------------------------
 (2) _I2C1_Initialize                                      0     0      0       0
 ---------------------------------------------------------------------------------
 (2) _EUSART_Initialize                                    0     0      0      90
_EUSART_FramingErrorCallbackRegister
_EUSART_OverrunErrorCallbackRegister
 ---------------------------------------------------------------------------------
 (3) _EUSART_OverrunErrorCallbackRegister                  2     0      2      45
                                             14 COMRAM     2     0      2
 ---------------------------------------------------------------------------------
 (3) _EUSART_FramingErrorCallbackRegister                  2     0      2      45
                                             14 COMRAM     2     0      2
 ---------------------------------------------------------------------------------
 (2) _CLOCK_Initialize                                     0     0      0       0
 ---------------------------------------------------------------------------------
 (1) _RealTimeClock_DS1307_GET_DATE_TIME                   6     0      6     888
                                             22 COMRAM     6     0      6
       _RealTimeClock_DS1307_GET_DAY
     _RealTimeClock_DS1307_GET_HOURS
   _RealTimeClock_DS1307_GET_MINUTES
     _RealTimeClock_DS1307_GET_MONTH
   _RealTimeClock_DS1307_GET_SECONDS
      _RealTimeClock_DS1307_GET_YEAR
 ---------------------------------------------------------------------------------
 (2) _RealTimeClock_DS1307_GET_YEAR                        0     0      0     148
                        _I2C1_IsBusy
                     _I2C1_WriteRead
 ---------------------------------------------------------------------------------
 (2) _RealTimeClock_DS1307_GET_SECONDS                     0     0      0     148
                        _I2C1_IsBusy
                     _I2C1_WriteRead
 ---------------------------------------------------------------------------------
 (2) _RealTimeClock_DS1307_GET_MONTH                       0     0      0     148
                        _I2C1_IsBusy
                     _I2C1_WriteRead
 ---------------------------------------------------------------------------------
 (2) _RealTimeClock_DS1307_GET_MINUTES                     0     0      0     148
                        _I2C1_IsBusy
                     _I2C1_WriteRead
 ---------------------------------------------------------------------------------
 (2) _RealTimeClock_DS1307_GET_HOURS                       0     0      0     148
                        _I2C1_IsBusy
                     _I2C1_WriteRead
 ---------------------------------------------------------------------------------
 (2) _RealTimeClock_DS1307_GET_DAY                         0     0      0     148
                        _I2C1_IsBusy
                     _I2C1_WriteRead
 ---------------------------------------------------------------------------------
 (3) _I2C1_WriteRead                                       9     1      8     148
                                             14 COMRAM     8     0      8
                        _I2C1_IsBusy
                    _I2C1_WriteStart
 ---------------------------------------------------------------------------------
 (1) _PRINT_RealTimeClock_DATA                             0     0      0     148
_EUSART_LoggingDebugData_Send_String
 ---------------------------------------------------------------------------------
 (2) _EUSART_LoggingDebugData_Send_String                  8     4      4     148
                                             15 COMRAM     8     4      4
                   _EUSART_IsTxReady
                       _EUSART_Write
 ---------------------------------------------------------------------------------
 (3) _EUSART_Write                                         1     1      0      29
                                             14 COMRAM     1     1      0
 ---------------------------------------------------------------------------------
 (3) _EUSART_IsTxReady                                     1     1      0      24
                                             14 COMRAM     1     1      0
 ---------------------------------------------------------------------------------
 (1) _EXT_EEPROM_24C02C_WRITE_BYTE                         5     3      2     166
                                             19 COMRAM     5     3      2
                        _I2C1_IsBusy
                         _I2C1_Write
 ---------------------------------------------------------------------------------
 (2) _I2C1_Write                                           6     1      5      89
                                             14 COMRAM     5     0      5
                        _I2C1_IsBusy
                    _I2C1_WriteStart
 ---------------------------------------------------------------------------------
 (4) _I2C1_WriteStart                                      0     0      0       0
 ---------------------------------------------------------------------------------
 (4) _I2C1_IsBusy                                          0     0      0       0
 ---------------------------------------------------------------------------------
 Estimated maximum stack depth 4
 ---------------------------------------------------------------------------------
 (Depth) Function   	        Calls       Base Space   Used Autos Params    Refs
 ---------------------------------------------------------------------------------
 (5) _INTERRUPT_InterruptManager                          10    10      0     120
                                              4 COMRAM    10    10      0
                     _I2C1_ERROR_ISR
                           _I2C1_ISR
                            _NVM_ISR
 ---------------------------------------------------------------------------------
 (6) _NVM_ISR                                              0     0      0       0
 ---------------------------------------------------------------------------------
 (6) _I2C1_ISR                                             0     0      0      60
                  _I2C1_EventHandler
 ---------------------------------------------------------------------------------
 (7) _I2C1_EventHandler                                    3     3      0      60
                                              1 COMRAM     3     3      0
                         _I2C1_Close
                   _I2C1_EVENT_ERROR *
                    _I2C1_EVENT_IDLE *
                    _I2C1_EVENT_NACK *
                   _I2C1_EVENT_RESET *
                      _I2C1_EVENT_RX *
            _I2C1_EVENT_SEND_RD_ADDR *
            _I2C1_EVENT_SEND_WR_ADDR *
                    _I2C1_EVENT_STOP *
                      _I2C1_EVENT_TX *
 ---------------------------------------------------------------------------------
 (6) _I2C1_ERROR_ISR                                       0     0      0      60
             _I2C1_ErrorEventHandler
 ---------------------------------------------------------------------------------
 (7) _I2C1_ErrorEventHandler                               3     3      0      60
                                              1 COMRAM     3     3      0
                   _I2C1_EVENT_ERROR *
                    _I2C1_EVENT_IDLE *
                    _I2C1_EVENT_NACK *
                   _I2C1_EVENT_RESET *
                      _I2C1_EVENT_RX *
            _I2C1_EVENT_SEND_RD_ADDR *
            _I2C1_EVENT_SEND_WR_ADDR *
                    _I2C1_EVENT_STOP *
                      _I2C1_EVENT_TX *
 ---------------------------------------------------------------------------------
 (8) _I2C1_EVENT_TX                                        1     1      0      15
                                              0 COMRAM     1     1      0
                    _I2C1_EVENT_STOP
 ---------------------------------------------------------------------------------
 (8) _I2C1_EVENT_SEND_WR_ADDR                              0     0      0       0
 ---------------------------------------------------------------------------------
 (8) _I2C1_EVENT_SEND_RD_ADDR                              0     0      0       0
 ---------------------------------------------------------------------------------
 (8) _I2C1_EVENT_RX                                        1     1      0      15
                                              0 COMRAM     1     1      0
 ---------------------------------------------------------------------------------
 (8) _I2C1_EVENT_NACK                                      1     1      0      15
                                              0 COMRAM     1     1      0
                    _I2C1_EVENT_STOP
 ---------------------------------------------------------------------------------
 (9) _I2C1_EVENT_STOP                                      0     0      0       0
                         _I2C1_Close
 ---------------------------------------------------------------------------------
 (10) _I2C1_Close                                          0     0      0       0
 ---------------------------------------------------------------------------------
 (8) _I2C1_EVENT_IDLE                                      0     0      0       0
 ---------------------------------------------------------------------------------
 (8) _I2C1_EVENT_ERROR                                     1     1      0      15
                                              0 COMRAM     1     1      0
                   _I2C1_EVENT_RESET
 ---------------------------------------------------------------------------------
 (9) _I2C1_EVENT_RESET                                     0     0      0       0
 ---------------------------------------------------------------------------------
 Estimated maximum stack depth 10
 ---------------------------------------------------------------------------------

 Call Graph Graphs:

 _main (ROOT)
   _EXT_EEPROM_24C02C_WRITE_BYTE
     _I2C1_IsBusy
     _I2C1_Write
       _I2C1_IsBusy
       _I2C1_WriteStart
   _I2C1_IsBusy
   _I2C1_Write
   _PRINT_RealTimeClock_DATA
     _EUSART_LoggingDebugData_Send_String
       _EUSART_IsTxReady
       _EUSART_Write
   _RealTimeClock_DS1307_GET_DATE_TIME
     _RealTimeClock_DS1307_GET_DAY
       _I2C1_IsBusy
       _I2C1_WriteRead
         _I2C1_IsBusy
         _I2C1_WriteStart
     _RealTimeClock_DS1307_GET_HOURS
       _I2C1_IsBusy
       _I2C1_WriteRead
     _RealTimeClock_DS1307_GET_MINUTES
       _I2C1_IsBusy
       _I2C1_WriteRead
     _RealTimeClock_DS1307_GET_MONTH
       _I2C1_IsBusy
       _I2C1_WriteRead
     _RealTimeClock_DS1307_GET_SECONDS
       _I2C1_IsBusy
       _I2C1_WriteRead
     _RealTimeClock_DS1307_GET_YEAR
       _I2C1_IsBusy
       _I2C1_WriteRead
   _SYSTEM_Initialize
     _CLOCK_Initialize
     _EUSART_Initialize
       _EUSART_FramingErrorCallbackRegister
       _EUSART_OverrunErrorCallbackRegister
     _I2C1_Initialize
     _INTERRUPT_Initialize
       _INT0_SetInterruptHandler
       _INT1_SetInterruptHandler
       _INT2_SetInterruptHandler
     _NVM_Initialize
       _NVM_StatusClear
     _PIN_MANAGER_Initialize
   _TEMP_SENSOR_TC74_READ_DATA
     _I2C1_IsBusy
     _I2C1_Read
       _I2C1_IsBusy
       _I2C1_ReadStart
     _I2C1_Write

 _INTERRUPT_InterruptManager (ROOT)
   _I2C1_ERROR_ISR
     _I2C1_ErrorEventHandler
       _I2C1_EVENT_ERROR *
         _I2C1_EVENT_RESET
       _I2C1_EVENT_IDLE *
       _I2C1_EVENT_NACK *
         _I2C1_EVENT_STOP
           _I2C1_Close
       _I2C1_EVENT_RESET *
       _I2C1_EVENT_RX *
       _I2C1_EVENT_SEND_RD_ADDR *
       _I2C1_EVENT_SEND_WR_ADDR *
       _I2C1_EVENT_STOP *
       _I2C1_EVENT_TX *
         _I2C1_EVENT_STOP
   _I2C1_ISR
     _I2C1_EventHandler
       _I2C1_Close
       _I2C1_EVENT_ERROR *
       _I2C1_EVENT_IDLE *
       _I2C1_EVENT_NACK *
       _I2C1_EVENT_RESET *
       _I2C1_EVENT_RX *
       _I2C1_EVENT_SEND_RD_ADDR *
       _I2C1_EVENT_SEND_WR_ADDR *
       _I2C1_EVENT_STOP *
       _I2C1_EVENT_TX *
   _NVM_ISR

Address spaces:
Name               Size   Autos  Total    Usage
BIGRAM            3935      0       0      0.0%
BITBANK14          256      0       0      0.0%
BANK14             256      0       0      0.0%
BITBANK13          256      0       0      0.0%
BANK13             256      0       0      0.0%
BITBANK12          256      0       0      0.0%
BANK12             256      0       0      0.0%
BITBANK11          256      0       0      0.0%
BANK11             256      0       0      0.0%
BITBANK10          256      0       0      0.0%
BANK10             256      0       0      0.0%
BITBANK9           256      0       0      0.0%
BANK9              256      0       0      0.0%
BITBANK8           256      0       0      0.0%
BANK8              256      0       0      0.0%
BITBANK7           256      0       0      0.0%
BANK7              256      0       0      0.0%
BITBANK6           256      0       0      0.0%
BANK6              256      0       0      0.0%
BITBANK5           256      0       0      0.0%
BANK5              256      0       0      0.0%
BITBANK4           256      0       0      0.0%
BANK4              256      0       0      0.0%
BITBANK3           256      0       0      0.0%
BANK3              256      0       0      0.0%
BITBANK2           256      0       0      0.0%
BANK2              256      0       0      0.0%
BITBANK1           256      0       0      0.0%
BANK1              256      0       0      0.0%
BITBANK0           160      0       0      0.0%
BANK0              160      0      15      9.4%
BITBANK15           96      0       0      0.0%
BANK15              96      0       0      0.0%
BITCOMRAM           94      0       0      0.0%
COMRAM              94     28      87     92.6%
BITBIGSFRh          82      0       0      0.0%
BITBIGSFRllllll     28      0       0      0.0%
BITBIGSFRllllh      20      0       0      0.0%
BITBIGSFRlllllh      9      0       0      0.0%
BITBIGSFRllh         5      0       0      0.0%
BITBIGSFRlh          5      0       0      0.0%
BITBIGSFRlllh        2      0       0      0.0%
BITBIGSFRllllll      1      0       0      0.0%
STACK                0      0       0      0.0%
DATA                 0      0     102      0.0%


Microchip Technology PIC18 Macro Assembler V3.10 build 20250813170317 
Symbol Table                                                                                   Mon Sep 28 23:51:39 2026

                                    I2C1_Write@data 0047          __end_of_RealTimeClock_DS1307_GET_DATE_TIME 14EA  
              ??_RealTimeClock_DS1307_GET_DATE_TIME 0053                 ?_RealTimeClock_DS1307_GET_DATE_TIME 004D  
                _RealTimeClock_DS1307_GET_DATE_TIME 14B2                            I2C1_WriteRead@readLength 004B  
                                       _SSPSTATbits 0FC7                                                  l13 11B6  
                                                l27 1472                                                  l72 15C0  
                                                l90 158A                                                  l66 1554  
                                                l84 162C                                                  l78 15F6  
                                                l96 151E                                                  l99 14E8  
       __end_of_EUSART_OverrunErrorCallbackRegister 16FE               ??_EUSART_OverrunErrorCallbackRegister 0047  
              ?_EUSART_OverrunErrorCallbackRegister 0045                 _EUSART_OverrunErrorCallbackRegister 16E2  
      EUSART_LoggingDebugData_Send_String@L_str_len 004C                                                 l102 121C  
                                               l202 1760                                                 l213 1434  
                                               l125 12D8                                                 l223 1802  
                                               l209 14B0                                                 l217 13B4  
                                               l236 17C2                                                 l325 176A  
                                               l510 1732                                                 l239 17DA  
                                               l338 17FE                                                 l436 1660  
                                               l541 16BA                                                 l631 16DE  
                                               l632 16E0                                                 l472 177E  
                                               l459 1788                                                 l485 1774  
                                               l662 16FC                                                 l495 17CA  
                                               l583 1694                                                 l648 17D2  
                                               l658 1718                                                 l687 10F4  
                                               u700 16DA                                                 u701 16D6  
                                               u710 1386                                                 u711 1382  
                                               u800 15BE                                                 u720 1710  
                                               u801 15BA                                                 u721 170C  
                                               u810 15F4                                                 u730 16F4  
                                               u811 15F0                                                 u731 16F0  
                                               u740 116A                                                 u820 162A  
                                               u741 1166                                                 u821 1626  
                                               u750 1198                                                 u830 1588  
                                               u831 1584                                                 u760 11B6  
                                               u840 151C                                                 u761 11B2  
                                               u841 1518                                                 u921 110A  
                                               u770 1488                                                 u850 1472  
                                               u690 16CC                                                 u930 113E  
                                               u771 1484                                                 u851 146E  
                                               u691 16C8                                                 u931 113A  
                                               u780 140C                                                 u757 118E  
                                               u861 14E0                                                 u781 1408  
                                               u790 1552                                                 u870 12AE  
                                               u791 154E                                                 u871 12AA  
                                               u880 12D6                                                 u881 12D2  
                        ??_INT0_SetInterruptHandler 0047                                                 tosl 0FFD  
                                               wreg 0FE8                                    __end_of_I2C1_ISR 17F0  
                                              l2201 16CC                                                l2203 16DA  
                                              l2211 1372                                                l1501 17D4  
                                              l2221 13A2                                                l2213 1386  
                                              l2301 142E                                                l1503 17D6  
                                              l2207 17CE                                                l2223 13A6  
                                              l2215 138A                                                l2311 153E  
                                              l2303 1430                                                l2401 11F8  
                                              l2225 13AE                                                l2217 1396  
                                              l2209 1372                                                l2321 15BE  
                                              l2313 1552                                                l2241 1710  
                                              l2233 1780                                                l2305 1434  
                                              l2251 116A                                                l2403 1200  
                                              l2227 13B0                                                l2219 139A  
                                              l2243 16E2                                                l2235 1776  
                                              l2411 1286                                                l2261 1488  
                                              l2253 119C                                                l2405 1208  
                                              l2229 13B4                                                l2333 15F8  
                                              l2325 15C2                                                l2317 158C  
                                              l2341 1556                                                l2309 1520  
                                              l2245 16F4                                                l2237 176C  
                                              l2413 129A                                                l2271 14A2  
                                              l2263 148C                                                l2255 11A0  
                                              l2247 1146                                                l2407 120C  
                                              l2335 1616                                                l2327 15E0  
                                              l2319 15AA                                                l2343 1574  
                                              l2351 1508                                                l2239 16FE  
                                              l2423 171A                                                l2415 12AE  
                                              l2273 14A4                                                l2265 1494  
                                              l2257 1474                                                l2249 1156  
                                              l2337 162A                                                l2329 15F4  
                                              l2345 1588                                                l2353 151C  
                                              l2361 1640                                                l2425 1726  
                                              l2417 12C2                                                l2409 1284  
                                              l2275 14AA                                                l2267 1496  
                                              l2259 1474                                                l2371 1676  
                                              l2363 1642                                                l2427 172A  
                                              l1555 17BC                                                l2291 1418  
                                              l2283 13F8                                                l2419 12D6  
                                              l2451 1100                                                l2277 14AC  
                                              l2269 149A                                                l2349 14EA  
                                              l2381 14B2                                                l1813 17C4  
                                              l2373 1682                                                l2365 1650  
                                              l2357 162E                                                l1821 169E  
                                              l2429 172E                                                l1557 17BE  
                                              l2293 141A                                                l2285 13F8  
                                              l2453 1112                                                l2445 10D0  
                                              l2279 14B0                                                l2375 1438  
                                              l2199 16BC                                                l2391 11D8  
                                              l2383 14D6                                                l1815 17C8  
                                              l2367 1652                                                l2359 1634  
                                              l1639 17FC                                                l1831 16B4  
                                              l1823 16A0                                                l2295 141E  
                                              l2287 140C                                                l2455 1116  
                                              l2447 10D4                                                l1497 1800  
                                              l2377 144A                                                l2393 11E0  
                                              l2369 1662                                                l1833 16B6  
                                              l1825 16A2                                                l1817 1696  
                                              l2297 1426                                                l2289 1410  
                                              l2457 112A                                                l2449 10D6  
                                              l2379 145E                                                l2395 11E4  
                                              l2387 11B8                                                l1771 175C  
                                              l1835 16B8                                                l1827 16A4  
                                              l1819 169A                                                l2299 1428  
                                              l2397 11EC                                                l2389 11CE  
                                              l1773 175E                                                l1765 174C  
                                              l1829 16AA                                                l2399 11F4  
                                              l1767 1754                                                l1769 175A  
                                              l1795 1762                                                l1797 1766  
                                              l1799 1768                                                STR_1 1027  
                                 _I2C1_Deinitialize 0000                                                _IOCB 0F7D  
                                              _LATA 0F89                                                _LATB 0F8A  
                                              _LATC 0F8B                                                _LATD 0F8C  
                                              _LATE 0F8D                                                _WPUB 0F7C  
                                  ??_I2C1_ReadStart 0045                             __end_of_NVM_StatusClear 1800  
                                 I2C1_Write@address 0045                                     __end_of_NVM_ISR 1808  
                                              _main 10D0                                                fsr0h 0FEA  
                                              indf0 0FEF                                                fsr2h 0FDA  
                                              fsr0l 0FE9                                                indf2 0FDF  
                                              fsr1l 0FE1                                                fsr2l 0FD9  
                                              btemp 0001                                        _unlockKeyLow 002B  
                         ?_INT2_SetInterruptHandler 0045                                                prodh 0FF4  
                                              prodl 0FF3                                                start 00D4  
                _EUSART_DefaultOverrunErrorCallback 0000                                        ___param_bank 0000  
                                   _I2C1_EVENT_IDLE 17F6                                     _I2C1_EVENT_NACK 17A8  
                                        _i2c1Status 0002                                     _I2C1_EVENT_STOP 1794  
              __end_of_RealTimeClock_DS1307_GET_DAY 162E                        _RealTimeClock_DS1307_GET_DAY 15F8  
                                     ?_EUSART_Write 0037                                   __end_of_I2C1_Read 1436  
                                 __end_of_I2C1_Host 1015                                               ?_main 0037  
                                             _EEADR 0FA9                                               i2l230 17EE  
                                             i2l233 17F4                                               i2l242 174A  
                                             i2l251 10CE                                               i2l260 17BA  
                                             i2l245 1048                                               i2l270 132A  
                                             i2l254 1370                                               i2l263 17E2  
                                             i2l247 1070                                               i2l257 17FA  
                                             i2l273 127C                                               i2l281 17B0  
                                             i2l290 1792                                               i2l442 0064  
                                             i2l275 126E                                               i2l284 17A6  
                                             i2l444 0088                                               i2l278 1280  
                                             i2l287 179C                                               i2l384 1806  
                                             i2l449 00A8                                               _RCREG 0FAE  
                                             _RCSTA 0FAB                                               _SPBRG 0FAF  
                                             _TRISA 0F92                                               _TRISB 0F93  
                                             _TRISC 0F94                                               _TRISD 0F95  
                                             _TRISE 0F96                                               _TXREG 0FAD  
                                             _TXSTA 0FAC                            ?_I2C1_EVENT_SEND_RD_ADDR 0037  
                                 ??_I2C1_Initialize 0045                            ?_I2C1_EVENT_SEND_WR_ADDR 0037  
                                             btemp0 0001                                               btemp1 0002  
                          _INT1_SetInterruptHandler 1776                                       _unlockKeyHigh 002A  
                                             pclath 0FFA                                    ??_I2C1_WriteRead 004D  
                                             pclatu 0FFB                                               tablat 0FF5  
                                             plusw0 0FEB                                               plusw2 0FDB  
                                             status 0FD8                                        ??_I2C1_Close 0037  
                             _Real_Time_Clock_Frame 0060                                        ??_I2C1_Write 004A  
                                   __initialization 13B6                            ??_I2C1_ErrorEventHandler 0038  
                                      __end_of_main 1146                                    _I2C1_EVENT_ERROR 179E  
                                    ??_EUSART_Write 0045                   TEMP_SENSOR_TC74_READ_DATA@address 004B  
                                  _I2C1_EVENT_RESET 178A                         ?_INTERRUPT_InterruptManager 0037  
       __end_of_EUSART_LoggingDebugData_Send_String 11B8               ??_EUSART_LoggingDebugData_Send_String 004A  
              ?_EUSART_LoggingDebugData_Send_String 0046                 _EUSART_LoggingDebugData_Send_String 1146  
                     ?_RealTimeClock_DS1307_GET_DAY 0037                                              ??_main 0053  
                 TEMP_SENSOR_TC74_READ_DATA@command 004A                                       __activetblptr 0003  
                  __end_of_PRINT_RealTimeClock_DATA 121E                  __end_of_TEMP_SENSOR_TC74_READ_DATA 12DA  
                        _TEMP_SENSOR_TC74_READ_DATA 1282  EUSART_OverrunErrorCallbackRegister@callbackHandler 0045  
EUSART_FramingErrorCallbackRegister@callbackHandler 0045                                  __end_of_I2C1_Close 174C  
                                         ??_NVM_ISR 0037                          _EUSART_OverrunErrorHandler 001A  
                                            _EEDATA 0FA8                                              _EECON2 0FA7  
                                __end_of_I2C1_Write 14B2                                              _ANSELH 0F7F  
                                            i2l1601 121E                                              i2l1505 1794  
                                            i2l1513 178A                                              i2l2081 0040  
                                            i2l1611 124E                                              i2l1603 1222  
                                            i2l1507 1796                                              i2l1515 1790  
                                            i2l2091 0096                                              i2l2083 004E  
                                            i2l1613 1254                                              i2l1605 1230  
                                            i2l1509 179A                                              i2l2093 00A4  
                                            i2l2085 005C                                              i2l1615 1266  
                                            i2l1607 1242                                              i2l1623 17A8  
                                            i2l1631 179E                                              i2l2087 0072  
                                            i2l2079 0032                                              i2l1481 1736  
                                            i2l1561 17F8                                              i2l1617 1274  
                                            i2l1609 124C                                              i2l1625 17A8  
                                            i2l1633 179E                                              i2l2089 0080  
                                            i2l1491 1744                                              i2l1483 173C  
                                            i2l1571 17DC                                              i2l1619 127E  
                                            i2l1627 17AE                                              i2l1635 17A4  
                                            i2l1493 1746                                              i2l1485 173E  
                                            i2l1581 12EC                                              i2l1565 17B2  
                                            i2l1573 17E0                                              i2l1495 1748  
                                            i2l1487 1740                                              i2l1479 1734  
                                            i2l1591 1316                                              i2l1583 12F2  
                                            i2l1559 17F6                                              i2l1567 17B8  
                                            i2l1489 1742                                              i2l1593 131A  
                                            i2l1585 12FC                                              i2l1577 12DA  
                                            i2l1595 1322                                              i2l1587 12FE  
                                            i2l1579 12DA                                              i2l1597 1328  
                                            i2l1589 1306                                              i2l1781 1064  
                                            i2l1791 1334                                              i2l1783 107E  
                                            i2l1775 1030                                              i2l1793 1336  
                                            i2l1785 108C                                              i2l1777 1040  
                                            i2l1779 1056                                              i2l1787 1094  
                                            i2l1891 17EA                                              i2l1789 132C  
                                            i2l1893 17F0                                              i2l1895 1804  
                                            _TABLAT 0FF5                                              _OSCCON 0FD3  
                                            _SPBRGH 0FB0                                              i2u4_40 12EC  
                                            i2u4_41 12E8                                              i2u5_40 1316  
                                            i2u5_41 1312                                              i2u6_40 1230  
                                            i2u6_41 122C                                              i2u7_40 1242  
                                            i2u7_41 123E                                              _SSPADD 0FC8  
                                            i2u8_40 1266                                    ?_NVM_StatusClear 0037  
                                            i2u8_41 1262                                              _SSPBUF 0FC9  
                           __end_of_I2C1_EVENT_IDLE 17FC                             __end_of_I2C1_EVENT_NACK 17B2  
                           __end_of_I2C1_EVENT_STOP 179E                    ??_RealTimeClock_DS1307_GET_HOURS 004D  
                   ?_RealTimeClock_DS1307_GET_HOURS 0037                    ??_RealTimeClock_DS1307_GET_MONTH 004D  
                   ?_RealTimeClock_DS1307_GET_MONTH 0037                                           ?_I2C1_ISR 0037  
                                            clear_0 13DC                                              clear_1 13E8  
                   __end_of_I2C1_EVENT_SEND_RD_ADDR 17BC                                              isa$std 0001  
                                 ?_EUSART_IsTxReady 0037                                   ?_CLOCK_Initialize 0037  
                                ??_EUSART_IsTxReady 0045                        _INT2_DefaultInterruptHandler 0000  
                                      __pdataCOMRAM 0053                                  ??_CLOCK_Initialize 0045  
                   __end_of_I2C1_EVENT_SEND_WR_ADDR 17E4                                   ??_I2C1_WriteStart 0045  
                                      __mediumconst 1000                                              tblptrh 0FF7  
                                            tblptrl 0FF6                                              tblptru 0FF8  
          INT2_SetInterruptHandler@InterruptHandler 0045            INT1_SetInterruptHandler@InterruptHandler 0045  
          INT0_SetInterruptHandler@InterruptHandler 0045                                    ??_NVM_Initialize 0045  
                                 _SYSTEM_Initialize 171A                                          __accesstop 0060  
                           __end_of__initialization 13EE                                       ??_I2C1_IsBusy 0045  
                                ?_SYSTEM_Initialize 0037                                       ___rparam_used 0001  
                                    __pcstackCOMRAM 0037                                 ??_SYSTEM_Initialize 0047  
                                        ??_I2C1_ISR 003B              EXT_EEPROM_24C02C_WRITE_BYTE@ee_address 004A  
               EXT_EEPROM_24C02C_WRITE_BYTE@address 004E                    __end_of_INT2_SetInterruptHandler 1776  
                             __end_of_I2C1_EVENT_RX 1282                               __end_of_I2C1_EVENT_TX 132C  
                    ??_RealTimeClock_DS1307_GET_DAY 004D                      ?_RealTimeClock_DS1307_GET_YEAR 0037  
                                 _I2C1_EventHandler 1030                           __end_of_SYSTEM_Initialize 1734  
                          _PRINT_RealTimeClock_DATA 11B8                                          __pbssBANK0 0060  
                              __end_of_EUSART_Write 17D4                                  ?_I2C1_EventHandler 0037  
                             _INT0_InterruptHandler 0024                                    ?_I2C1_EVENT_IDLE 0037  
                                  ?_I2C1_EVENT_NACK 0037                                    ?_I2C1_EVENT_STOP 0037  
                               ??_I2C1_EventHandler 0038                                 __end_of_I2C1_IsBusy 1804  
                                   _I2C1_Initialize 174C                                             _BAUDCON 0FB8  
                        ??_INT1_SetInterruptHandler 0047                               I2C1_WriteRead@address 0045  
                                         _I2C1_Read 13F8                                           _I2C1_Host 1001  
                         __end_of_I2C1_EventHandler 10D0                                             _TBLPTRH 0FF7  
                                           _TBLPTRL 0FF6                                             _TBLPTRU 0FF8  
                                           i2u22_40 1040                                             i2u22_41 103C  
                                           i2u23_40 1056                                             i2u23_41 1052  
                                           i2u24_40 1064                                             i2u24_41 1060  
                                           i2u25_40 107E                                             i2u25_41 107A  
                                           i2u26_40 108C                                             i2u50_40 0072  
                                           i2u26_41 1088                                             i2u50_41 006E  
                                           i2u51_40 0080                                             i2u51_41 007C  
                                           i2u27_48 10BA                                             i2u52_40 0096  
                                           i2u27_49 10CC                                             i2u52_41 0092  
                                           i2u28_48 135C                                             i2u53_40 00A4  
                                           i2u28_49 136E                                             i2u53_41 00A0  
                            _I2C1_ErrorEventHandler 132C                                             _OSCTUNE 0F9B  
                                           i2u47_40 0040                                             i2u47_41 003C  
                                           i2u48_40 004E                                             i2u48_41 004A  
                                           i2u49_40 005C                                             i2u49_41 0058  
                                           _NVM_ISR 1804                                             _SSPCON1 0FC6  
                                           _SSPCON2 0FC5                                             _SSPSTAT 0FC7  
                          __end_of_I2C1_EVENT_ERROR 17A8                            __end_of_I2C1_EVENT_RESET 1794  
                         ?_INT0_SetInterruptHandler 0045                                             __Hparam 0000  
                                           __Lparam 0000                                        __psmallconst 1000  
                                           __pcinit 13B6                                             __ramtop 1000  
              TEMP_SENSOR_TC74_READ_DATA@TEMP_value 004C                                             __ptext0 10D0  
                                           __ptext1 1282                                             __ptext2 13F8  
                                           __ptext3 17BC                                             __ptext4 171A  
                                           __ptext5 1696                                             __ptext6 1762  
                                           __ptext7 17FC                                             __ptext8 162E  
                                           __ptext9 176C                                I2C1_Write@dataLength 0048  
              __end_of_EXT_EEPROM_24C02C_WRITE_BYTE 1474                        _EXT_EEPROM_24C02C_WRITE_BYTE 1436  
                          ??_PIN_MANAGER_Initialize 0045                                          ?_I2C1_Read 0045  
                                           _ret_day 0033                         ?_TEMP_SENSOR_TC74_READ_DATA 004A  
                                   _i2c1_eventTable 1015                                end_of_initialization 13EE  
                          _INT2_SetInterruptHandler 176C                                         _I2C1_IsBusy 1800  
                                 _EUSART_Initialize 1662                                    I2C1_Read@address 0045  
                           __end_of_I2C1_Initialize 1762                                  ?_EUSART_Initialize 0037  
                                         _RCSTAbits 0FAB                                             postdec1 0FE5  
                                           postinc0 0FEE                                     _I2C1_WriteStart 17D4  
                               ??_EUSART_Initialize 0047                               _INT1_InterruptHandler 0022  
            __end_of_RealTimeClock_DS1307_GET_HOURS 15F8                      _RealTimeClock_DS1307_GET_HOURS 15C2  
            __end_of_RealTimeClock_DS1307_GET_MONTH 158C                      _RealTimeClock_DS1307_GET_MONTH 1556  
                     ?_EXT_EEPROM_24C02C_WRITE_BYTE 004A                           __end_of_EUSART_Initialize 1696  
                                         _TXSTAbits 0FAC                             _temp_sensor_data_buffer 002C  
                      __end_of_INTERRUPT_Initialize 1662                                      _I2C1_ERROR_ISR 17F0  
                      _INT0_DefaultInterruptHandler 0000                                         _BAUDCONbits 0FB8  
                                     __pidataCOMRAM 17E4                                        _EUSART_Write 17CC  
                           __end_of_i2c1_eventTable 1027       _RealTimeClock_DS1307@RealTimeClock_DS1307$F83 0014  
                        ??_PRINT_RealTimeClock_DATA 004E                                 start_initialization 13B6  
                                       ??_I2C1_Read 004A                             I2C1_WriteRead@writeData 0047  
          __end_of_RealTimeClock_DS1307_GET_MINUTES 15C2                  ??_RealTimeClock_DS1307_GET_MINUTES 004D  
                 ?_RealTimeClock_DS1307_GET_MINUTES 0037                    _RealTimeClock_DS1307_GET_MINUTES 158C  
          __end_of_RealTimeClock_DS1307_GET_SECONDS 1556                  ??_RealTimeClock_DS1307_GET_SECONDS 004D  
                 ?_RealTimeClock_DS1307_GET_SECONDS 0037                    _RealTimeClock_DS1307_GET_SECONDS 1520  
                           _I2C1_EVENT_SEND_RD_ADDR 17B2                             __end_of_I2C1_WriteStart 17DC  
                                  ?_I2C1_Initialize 0037                             _I2C1_EVENT_SEND_WR_ADDR 17DC  
                            __end_of_I2C1_ERROR_ISR 17F6                     ??_RealTimeClock_DS1307_GET_YEAR 004D  
                        _EUSART_FramingErrorHandler 001C                             ?_I2C1_ErrorEventHandler 0037  
                                       __pbssCOMRAM 0002                    __end_of_INT0_SetInterruptHandler 178A  
                                       _data_buffer 002E                                            ?_NVM_ISR 0037  
                                 ?_I2C1_EVENT_ERROR 0037                      ??_EXT_EEPROM_24C02C_WRITE_BYTE 004C  
                                 ?_I2C1_EVENT_RESET 0037                                _RealTimeClock_DS1307 000E  
                             _INT2_InterruptHandler 0020                                  ??_I2C1_EVENT_ERROR 0037  
                                ??_I2C1_EVENT_RESET 0037                              _PIN_MANAGER_Initialize 1696  
                                   ?_I2C1_ERROR_ISR 0037                                           __pintcode 0008  
                                    _I2C1_ReadStart 17BC                                            _I2C1_ISR 17EA  
                      ??_INTERRUPT_InterruptManager 003B                      __end_of_I2C1_ErrorEventHandler 1372  
                                 ??_NVM_StatusClear 0045                                         __smallconst 1000  
                        ??_INT2_SetInterruptHandler 0047                                 I2C1_Read@dataLength 0048  
                     I2C1_EVENT_ERROR@retEventState 0037                           ??_I2C1_EVENT_SEND_RD_ADDR 0037  
                              _INTERRUPT_Initialize 162E                                    _EUSART_IsTxReady 16BC  
                                  _CLOCK_Initialize 17C4                           ??_I2C1_EVENT_SEND_WR_ADDR 0037  
                                      ?_I2C1_IsBusy 0037                               _I2C1_CallbackRegister 0000  
                         ?_INT1_SetInterruptHandler 0045                                            _PIE1bits 0F9D  
                                          _PIE2bits 0FA0                                    ?_I2C1_WriteStart 0037  
                                 _eusartRxLastError 001E                                          _I2C1_Close 1734  
                            __end_of_I2C1_ReadStart 17C4                                           _ret_hours 0034  
                                         _ret_month 0032                                            _PIR1bits 0F9E  
                                          _PIR2bits 0FA1                                          _I2C1_Write 1474  
                                    _I2C1_WriteRead 1372                                            _RCONbits 0FD0  
             __end_of_RealTimeClock_DS1307_GET_YEAR 1520                       _RealTimeClock_DS1307_GET_YEAR 14EA  
                            I2C1_WriteRead@readData 004A                                          _DS1307_Reg 0053  
     EUSART_LoggingDebugData_Send_String@String_len 0048                        I2C1_EVENT_NACK@retEventState 0037  
                                     _I2C1_EVENT_RX 121E                                       _I2C1_EVENT_TX 12DA  
                                       _INTCON2bits 0FF1                                         _INTCON3bits 0FF0  
                                         copy_data0 13CA                               ?_INTERRUPT_Initialize 0037  
                          _INT0_SetInterruptHandler 1780                                          _EECON1bits 0FA6  
                            __end_of_I2C1_WriteRead 13B6                                            __Hrparam 0000  
                                   ?_I2C1_ReadStart 0037                                            __Lrparam 0000  
                             _EUSART_IsTxReady$1628 0045                                       _I2C1_Callback 0028  
         EUSART_LoggingDebugData_Send_String@String 0046                                   ??_I2C1_EVENT_IDLE 0037  
                                 ??_I2C1_EVENT_NACK 0037                                   ??_I2C1_EVENT_STOP 0037  
                                    ?_I2C1_EVENT_RX 0037                                      ?_I2C1_EVENT_TX 0037  
                                     _I2C1_ErrorGet 0000                                            __ptext10 1776  
                                          __ptext11 1780                                            __ptext20 1556  
                                          __ptext12 174C                                            __ptext21 158C  
                                          __ptext13 1662                                            __ptext30 1474  
                                          __ptext22 15C2                                            __ptext14 16E2  
                                          __ptext31 17D4                                            __ptext23 15F8  
                                          __ptext15 16FE                                            __ptext40 1794  
                                          __ptext32 1800                                            __ptext24 1372  
                                          __ptext16 17C4                                            __ptext41 179E  
                                          __ptext25 11B8                                            __ptext17 14B2  
                                          __ptext42 17A8                                            __ptext34 1804  
                                          __ptext26 1146                                            __ptext18 14EA  
                                          __ptext43 121E                                            __ptext35 17EA  
                                          __ptext27 17CC                                            __ptext19 1520  
                                          __ptext44 17DC                                            __ptext36 1030  
                                          __ptext28 16BC                                            __ptext45 17B2  
                                          __ptext37 17F0                                            __ptext29 1436  
                                          __ptext46 17F6                                            __ptext38 132C  
                                          __ptext47 12DA                                            __ptext39 178A  
                                          __ptext48 1734                    EXT_EEPROM_24C02C_WRITE_BYTE@data 004B  
                                       ?_I2C1_Close 0037                                     ?_I2C1_WriteRead 0045  
                                 _TEMPERATURE_VALUE 0030                                            _ret_year 0031  
                                       ?_I2C1_Write 0045                                      _NVM_Initialize 1762  
                                          isa$xinst 0000                                            int$flags 0001  
                __end_of_INTERRUPT_InterruptManager 00D4                          _INTERRUPT_InterruptManager 0008  
                         I2C1_WriteRead@writeLength 0048         __end_of_EUSART_FramingErrorCallbackRegister 171A  
             ??_EUSART_FramingErrorCallbackRegister 0047                ?_EUSART_FramingErrorCallbackRegister 0045  
               _EUSART_FramingErrorCallbackRegister 16FE                        _INT1_DefaultInterruptHandler 0000  
                                        _INTCONbits 0FF2                              ??_INTERRUPT_Initialize 0047  
                        I2C1_EVENT_RX@retEventState 0037                                            intlevel2 0000  
                                  ??_I2C1_ERROR_ISR 003B                             ?_PIN_MANAGER_Initialize 0037  
                _EUSART_DefaultFramingErrorCallback 0000                           ?_PRINT_RealTimeClock_DATA 0037  
                                       _ret_minutes 0035                                         _ret_seconds 0036  
                            __end_of_NVM_Initialize 176C                                       I2C1_Read@data 0047  
                                   _NVM_StatusClear 17FC                                        _NVM_Callback 0026  
                          __end_of_EUSART_IsTxReady 16E2                            __end_of_CLOCK_Initialize 17CC  
                                   ??_I2C1_EVENT_RX 0037                                     ??_I2C1_EVENT_TX 0037  
                  __end_of_INT1_SetInterruptHandler 1780                                         _SSPCON1bits 0FC6  
                                       _SSPCON2bits 0FC5                        ??_TEMP_SENSOR_TC74_READ_DATA 004B  
                                EUSART_Write@txData 0045                      __end_of_PIN_MANAGER_Initialize 16BC  
                        I2C1_EVENT_TX@retEventState 0037                                     ?_NVM_Initialize 0037  
